"Values - Electronic card transactions A/S/T by industry group (Monthly)","","","","","","","","","","","","","","","","","","","","","","","",""
"","Actual","","","","","","","","Seasonally adjusted","","","","","","","","Trend","","","","","","",""
" ","Consumables","Durables","Hospitality","Services","Apparel","Motor vehicles excl. fuel","Fuel","Non-retail excl. services","Consumables","Durables","Hospitality","Services","Apparel","Motor vehicles excl. fuel","Fuel","Non-retail excl. services","Consumables","Durables","Hospitality","Services","Apparel","Motor vehicles excl. fuel","Fuel","Non-retail excl. services"
"2000M01","..","..","..","..","..","..","..","..","..","..","..","..","..","..","..","..","..","..","..","..","..","..","..",".."
"2000M02","..","..","..","..","..","..","..","..","..","..","..","..","..","..","..","..","..","..","..","..","..","..","..",".."
"2000M03","..","..","..","..","..","..","..","..","..","..","..","..","..","..","..","..","..","..","..","..","..","..","..",".."
"2000M04","..","..","..","..","..","..","..","..","..","..","..","..","..","..","..","..","..","..","..","..","..","..","..",".."
"2000M05","..","..","..","..","..","..","..","..","..","..","..","..","..","..","..","..","..","..","..","..","..","..","..",".."
"2000M06","..","..","..","..","..","..","..","..","..","..","..","..","..","..","..","..","..","..","..","..","..","..","..",".."
"2000M07","..","..","..","..","..","..","..","..","..","..","..","..","..","..","..","..","..","..","..","..","..","..","..",".."
"2000M08","..","..","..","..","..","..","..","..","..","..","..","..","..","..","..","..","..","..","..","..","..","..","..",".."
"2000M09","..","..","..","..","..","..","..","..","..","..","..","..","..","..","..","..","..","..","..","..","..","..","..",".."
"2000M10","..","..","..","..","..","..","..","..","..","..","..","..","..","..","..","..","..","..","..","..","..","..","..",".."
"2000M11","..","..","..","..","..","..","..","..","..","..","..","..","..","..","..","..","..","..","..","..","..","..","..",".."
"2000M12","..","..","..","..","..","..","..","..","..","..","..","..","..","..","..","..","..","..","..","..","..","..","..",".."
"2001M01","..","..","..","..","..","..","..","..","..","..","..","..","..","..","..","..","..","..","..","..","..","..","..",".."
"2001M02","..","..","..","..","..","..","..","..","..","..","..","..","..","..","..","..","..","..","..","..","..","..","..",".."
"2001M03","..","..","..","..","..","..","..","..","..","..","..","..","..","..","..","..","..","..","..","..","..","..","..",".."
"2001M04","..","..","..","..","..","..","..","..","..","..","..","..","..","..","..","..","..","..","..","..","..","..","..",".."
"2001M05","..","..","..","..","..","..","..","..","..","..","..","..","..","..","..","..","..","..","..","..","..","..","..",".."
"2001M06","..","..","..","..","..","..","..","..","..","..","..","..","..","..","..","..","..","..","..","..","..","..","..",".."
"2001M07","..","..","..","..","..","..","..","..","..","..","..","..","..","..","..","..","..","..","..","..","..","..","..",".."
"2001M08","..","..","..","..","..","..","..","..","..","..","..","..","..","..","..","..","..","..","..","..","..","..","..",".."
"2001M09","..","..","..","..","..","..","..","..","..","..","..","..","..","..","..","..","..","..","..","..","..","..","..",".."
"2001M10","..","..","..","..","..","..","..","..","..","..","..","..","..","..","..","..","..","..","..","..","..","..","..",".."
"2001M11","..","..","..","..","..","..","..","..","..","..","..","..","..","..","..","..","..","..","..","..","..","..","..",".."
"2001M12","..","..","..","..","..","..","..","..","..","..","..","..","..","..","..","..","..","..","..","..","..","..","..",".."
"2002M01","..","..","..","..","..","..","..","..","..","..","..","..","..","..","..","..","..","..","..","..","..","..","..",".."
"2002M02","..","..","..","..","..","..","..","..","..","..","..","..","..","..","..","..","..","..","..","..","..","..","..",".."
"2002M03","..","..","..","..","..","..","..","..","..","..","..","..","..","..","..","..","..","..","..","..","..","..","..",".."
"2002M04","..","..","..","..","..","..","..","..","..","..","..","..","..","..","..","..","..","..","..","..","..","..","..",".."
"2002M05","..","..","..","..","..","..","..","..","..","..","..","..","..","..","..","..","..","..","..","..","..","..","..",".."
"2002M06","..","..","..","..","..","..","..","..","..","..","..","..","..","..","..","..","..","..","..","..","..","..","..",".."
"2002M07","..","..","..","..","..","..","..","..","..","..","..","..","..","..","..","..","..","..","..","..","..","..","..",".."
"2002M08","..","..","..","..","..","..","..","..","..","..","..","..","..","..","..","..","..","..","..","..","..","..","..",".."
"2002M09","..","..","..","..","..","..","..","..","..","..","..","..","..","..","..","..","..","..","..","..","..","..","..",".."
"2002M10",773.7,684.4,297.3,74.8,172.8,52.3,201.9,562.6,756.9,686.3,303.7,73.6,180.2,52.4,197.8,577.9,756.1,684.8,302.1,73.3,179.9,52.1,196.0,570.0
"2002M11",778.7,713.8,309.0,76.2,182.3,53.7,193.8,572.4,758.9,668.7,303.4,72.8,173.4,51.8,194.6,564.9,761.0,685.5,304.8,73.8,180.5,52.4,199.0,570.9
"2002M12",910.6,1037.2,339.6,83.6,257.6,59.6,207.1,603.1,766.8,687.3,308.2,74.9,184.2,52.9,204.9,571.9,765.8,686.9,308.1,74.4,181.2,52.9,202.4,573.2
"2003M01",776.8,666.7,339.0,70.2,169.7,53.5,207.2,565.8,770.4,689.4,309.9,75.0,182.0,53.7,205.5,578.5,770.1,688.8,311.9,74.7,181.9,53.4,205.8,576.6
"2003M02",724.6,603.4,320.0,68.8,154.3,50.1,206.2,586.1,776.5,691.4,317.3,75.0,182.9,54.0,218.4,581.0,774.1,691.2,315.0,75.0,182.6,54.0,207.2,581.4
"2003M03",782.5,664.7,345.5,75.2,183.9,55.8,223.5,610.5,774.3,688.4,317.3,75.0,183.5,54.8,208.4,583.4,777.8,694.9,315.3,75.2,183.5,54.6,204.4,588.0
"2003M04",755.9,664.1,317.4,72.1,194.4,52.8,198.3,546.5,781.9,702.9,320.1,75.1,180.8,54.6,198.5,576.0,782.2,700.2,312.8,75.6,184.4,55.3,199.4,596.6
"2003M05",786.7,685.6,293.7,80.8,200.6,58.5,192.6,614.9,791.4,708.5,308.5,77.4,186.2,56.8,193.0,609.6,788.1,706.7,309.2,76.5,185.4,56.0,196.0,606.7
"2003M06",737.8,637.2,269.5,71.8,170.2,52.1,180.9,577.2,789.9,709.1,305.6,77.0,183.4,56.4,192.5,618.3,794.4,713.7,307.2,77.7,186.5,56.8,195.8,617.3
"2003M07",782.0,690.8,296.5,82.1,180.2,60.1,207.1,659.0,803.6,725.9,306.8,79.0,191.2,59.7,202.4,631.2,800.6,721.0,308.1,78.9,187.7,57.7,198.4,628.0
"2003M08",804.5,673.9,301.9,79.7,164.5,56.9,209.5,636.9,818.3,729.1,311.7,80.6,189.7,58.3,205.4,631.8,805.8,728.3,310.6,79.9,189.1,58.7,202.7,638.7
"2003M09",765.8,670.4,291.9,79.8,170.6,58.9,197.5,636.6,806.9,730.7,316.2,80.6,189.4,59.9,204.8,657.2,810.4,734.6,313.1,80.9,190.5,59.6,208.0,649.4
"2003M10",839.1,742.5,305.7,84.0,187.6,60.9,212.5,644.0,819.0,737.6,305.7,81.4,191.9,60.3,207.7,654.7,814.8,739.5,315.3,82.0,192.0,60.3,216.2,660.4
"2003M11",833.0,786.3,320.0,83.3,196.1,60.9,225.3,661.9,813.8,748.3,314.8,83.5,192.8,61.6,228.7,673.3,818.6,742.7,317.2,83.2,193.3,60.9,226.8,672.4
"2003M12",980.9,1141.5,355.3,97.7,278.7,71.3,252.6,733.8,825.6,751.3,324.5,84.8,196.5,61.6,248.4,680.5,821.7,744.5,319.5,84.2,194.5,61.3,237.8,684.7
"2004M01",840.2,714.4,357.7,78.8,184.6,60.5,252.7,677.6,826.2,733.6,323.5,85.3,193.9,60.9,252.2,704.3,824.4,745.7,322.6,85.4,195.6,61.8,246.0,696.9
"2004M02",793.0,663.4,340.6,79.0,166.7,57.6,239.8,717.0,822.7,739.7,324.7,85.7,194.8,61.7,246.5,701.1,827.8,747.2,326.3,86.5,196.5,62.4,251.5,708.3
"2004M03",835.0,724.0,348.4,92.3,200.6,67.1,276.7,786.8,832.9,749.3,329.4,87.9,201.3,63.4,256.4,725.1,832.4,749.9,330.3,87.8,197.1,63.1,256.8,717.9
"2004M04",819.9,721.7,341.6,88.6,219.9,63.1,261.4,700.2,841.2,755.8,336.3,90.7,200.6,64.5,260.5,725.4,838.4,754.4,334.8,89.2,197.7,64.0,262.1,725.8
"2004M05",829.8,725.8,319.7,88.4,205.2,63.6,266.5,711.9,843.7,763.5,338.8,89.4,196.2,64.7,270.8,728.2,845.8,760.2,339.1,90.3,198.2,64.9,266.3,731.9
"2004M06",797.5,690.5,297.8,88.9,184.6,63.3,258.4,705.9,851.5,762.1,342.9,91.7,195.7,66.3,270.0,745.3,852.5,766.2,342.6,91.0,198.6,65.7,268.7,736.9
"2004M07",846.9,745.4,344.2,95.3,194.1,67.1,272.6,760.1,861.2,773.2,345.6,91.6,198.9,66.2,265.9,731.2,857.8,771.0,345.3,91.6,199.1,66.3,270.0,741.6
"2004M08",836.9,708.8,324.8,89.8,168.4,64.4,276.3,760.9,862.7,779.7,346.5,91.5,201.3,66.3,272.7,747.6,862.2,774.6,347.6,92.4,199.7,66.8,273.1,746.1
"2004M09",827.8,717.6,331.4,94.2,180.3,66.8,270.3,733.1,864.8,777.6,352.0,94.1,200.6,68.3,277.1,753.2,866.9,777.8,350.2,93.4,200.4,67.3,278.1,750.7
"2004M10",875.2,780.5,355.6,92.5,195.7,65.8,286.8,709.5,852.8,777.5,350.7,94.2,199.3,67.4,284.4,754.8,872.6,781.8,353.3,94.4,201.2,67.9,282.7,755.0
"2004M11",894.3,823.5,352.5,99.6,215.0,70.6,286.6,776.5,881.7,784.1,357.4,95.6,211.8,68.2,290.4,755.6,880.4,787.1,356.4,95.5,202.1,68.6,285.2,758.4
"2004M12",1068.2,1175.3,404.5,113.6,288.7,81.7,289.3,838.2,890.6,765.8,360.0,96.5,200.2,69.8,281.3,768.1,890.1,793.5,359.0,96.4,203.2,69.4,286.3,760.5
"2005M01",902.2,768.5,396.2,84.9,190.2,66.2,279.9,702.8,896.8,803.2,361.7,97.1,205.5,69.4,286.1,755.9,899.2,800.2,360.8,97.5,204.4,70.4,288.9,761.6
"2005M02",849.2,709.5,362.7,92.8,177.2,67.1,277.0,776.1,909.2,809.3,359.6,101.1,210.6,72.2,294.2,770.8,905.9,806.6,362.1,98.6,205.7,71.3,292.3,762.3
"2005M03",923.6,790.2,388.7,100.9,202.4,73.6,321.5,822.0,913.5,813.9,365.6,95.2,204.0,69.6,297.4,755.2,911.0,812.1,363.5,99.8,207.1,72.1,295.4,764.8
"2005M04",886.2,782.9,372.3,101.3,234.1,71.5,300.7,744.0,906.3,818.0,364.7,105.6,209.6,73.6,301.3,788.6,915.7,816.3,366.4,100.9,208.5,72.8,297.1,769.4
"2005M05",894.9,765.3,341.2,101.3,212.6,71.8,290.2,759.7,918.5,811.6,369.5,101.4,207.1,72.4,291.5,766.3,920.8,820.0,370.5,101.8,209.9,73.2,298.5,775.7
"2005M06",878.5,750.8,330.8,100.4,199.9,69.9,293.2,749.6,932.4,825.2,374.7,103.1,210.9,73.7,303.3,785.1,927.3,823.7,374.0,102.6,211.2,73.6,302.9,783.1
"2005M07",909.2,790.3,379.0,103.5,204.6,72.2,318.3,804.8,932.5,831.3,380.3,103.3,213.7,73.6,311.8,797.3,934.6,827.7,375.9,103.4,212.3,73.8,312.1,790.6
"2005M08",912.9,760.1,350.1,105.6,180.3,74.9,327.6,837.5,939.7,830.6,375.1,104.0,212.4,75.1,321.8,803.8,942.0,831.6,376.7,104.2,213.3,73.9,323.3,797.2
"2005M09",914.1,775.9,355.9,106.6,197.3,72.6,329.9,780.5,952.0,833.2,374.7,104.9,215.8,73.0,335.4,795.0,948.1,834.8,377.1,105.0,214.2,74.1,331.9,802.8
"2005M10",970.3,838.8,380.7,102.3,211.9,71.7,339.3,754.4,950.2,841.2,378.9,106.0,219.5,74.7,341.5,804.4,953.3,837.3,378.4,105.7,215.1,74.2,335.7,808.0
"2005M11",980.0,881.4,380.6,112.0,220.6,77.2,330.3,840.1,962.5,838.8,384.1,106.9,218.0,74.5,332.9,819.1,957.2,839.2,381.4,106.3,216.0,74.4,337.8,814.4
"2005M12",1154.6,1251.6,433.2,122.7,313.8,85.6,335.9,880.6,954.8,810.2,381.9,105.7,212.9,73.3,327.5,820.7,959.8,841.1,385.2,107.1,216.9,74.6,340.2,822.7
"2006M01",963.9,802.6,423.4,95.7,196.8,73.7,336.7,776.8,967.4,845.4,395.8,108.2,216.1,76.1,346.3,827.6,963.7,844.2,389.2,107.8,217.8,74.9,345.0,832.4
"2006M02",903.1,742.7,399.1,100.5,180.6,69.9,337.1,846.8,966.1,843.5,396.1,109.3,214.5,75.1,358.4,842.1,970.4,849.0,393.2,108.6,218.9,75.3,353.0,842.1
"2006M03",992.5,841.3,426.2,117.5,232.7,80.9,384.3,942.0,978.7,858.4,393.1,109.3,231.0,75.8,356.0,856.9,979.8,854.9,397.2,109.4,220.0,75.9,362.8,850.5
"2006M04",968.1,805.6,409.8,100.0,226.7,70.5,367.8,785.0,993.9,856.6,404.0,109.5,210.6,76.2,372.0,859.6,990.5,861.3,400.6,110.5,221.3,76.6,372.9,857.0
"2006M05",974.9,826.8,370.2,115.8,236.3,78.6,389.5,880.8,999.4,870.4,402.2,112.2,226.4,77.2,386.6,867.1,999.4,867.6,403.9,111.8,222.8,77.4,382.6,862.1
"2006M06",950.7,808.2,363.6,112.0,222.9,75.5,379.4,821.6,1007.5,883.3,408.4,113.6,229.9,78.6,387.6,854.7,1005.9,873.3,408.1,113.5,224.5,78.1,388.9,866.6
"2006M07",979.1,820.2,405.7,113.1,208.2,76.7,394.8,881.2,1010.6,872.9,411.9,115.1,221.6,79.6,390.2,874.9,1011.1,878.1,413.3,114.9,226.3,78.9,387.9,871.8
"2006M08",993.8,804.0,397.3,119.4,191.1,79.3,396.8,922.4,1014.5,877.0,421.7,116.4,225.3,79.3,387.7,882.2,1017.6,882.0,419.5,116.1,228.1,79.6,378.8,879.4
"2006M09",978.7,831.2,404.6,116.3,214.0,79.0,358.5,847.6,1013.7,887.1,422.4,116.3,230.3,79.8,364.3,881.0,1026.2,885.8,426.5,117.2,230.0,80.4,367.6,889.4
"2006M10",1049.2,889.3,429.1,116.3,219.4,79.0,349.9,858.0,1038.4,898.7,435.3,118.8,232.4,81.3,352.9,901.6,1034.3,890.6,433.3,118.5,231.8,81.3,359.2,901.4
"2006M11",1069.0,942.7,443.4,126.6,236.1,84.7,351.3,951.3,1042.6,891.9,439.7,120.1,233.2,81.9,354.3,917.0,1041.3,896.9,439.6,119.8,233.8,82.2,356.0,913.5
"2006M12",1257.3,1372.5,504.1,135.4,344.5,95.5,372.3,962.8,1046.2,896.6,444.1,121.2,236.0,84.2,365.0,928.5,1047.6,904.7,445.0,121.1,235.9,83.2,358.0,924.7
"2007M01",1046.1,875.7,477.1,111.4,221.9,84.2,348.6,894.2,1048.6,914.7,449.6,121.8,239.5,84.0,358.3,933.4,1054.1,913.3,449.0,122.2,238.1,84.1,362.0,934.4
"2007M02",997.6,819.5,455.9,113.6,201.3,78.8,343.7,946.1,1067.1,928.6,453.4,123.4,239.4,84.6,365.3,942.9,1061.5,922.2,451.9,123.4,240.4,84.8,365.2,943.1
"2007M03",1094.0,918.0,496.6,132.5,248.8,91.1,395.6,1031.3,1069.0,929.2,453.4,124.9,242.7,85.7,368.8,952.6,1069.1,930.3,454.9,124.7,242.6,85.5,367.4,950.7
"2007M04",1034.4,872.7,455.2,113.0,254.8,79.2,363.4,885.0,1074.3,938.3,456.7,122.9,242.3,85.3,369.1,949.3,1075.3,937.1,458.5,125.9,244.7,86.3,368.8,957.3
"2007M05",1061.5,876.6,431.1,133.5,245.6,89.8,378.0,988.6,1080.3,919.7,464.0,128.3,234.8,88.5,369.6,969.4,1080.8,942.2,462.7,126.8,246.5,87.2,368.5,963.5
"2007M06",1028.1,873.2,419.6,122.9,249.1,83.1,361.2,912.7,1086.8,952.8,467.7,127.0,251.4,87.3,368.5,971.2,1086.2,945.9,467.2,127.8,247.9,88.3,367.7,969.0
"2007M07",1045.1,874.3,453.7,127.7,228.7,86.7,373.3,998.0,1090.4,941.5,471.6,128.7,249.2,89.2,368.2,978.4,1091.4,949.1,471.2,128.8,248.9,89.3,369.2,974.4
"2007M08",1080.1,874.8,455.5,135.5,216.6,91.3,379.9,1030.2,1099.2,947.5,472.4,130.2,250.8,90.5,372.1,972.4,1095.5,951.3,474.1,129.8,249.3,90.2,376.2,980.9
"2007M09",1057.8,888.9,457.9,124.9,226.8,86.6,381.6,922.3,1097.1,962.1,478.4,131.0,253.7,91.6,391.1,986.3,1099.5,952.3,476.3,130.6,249.3,90.9,389.8,988.8
"2007M10",1115.0,946.1,457.7,133.1,235.9,91.0,399.7,973.8,1102.8,948.1,465.0,131.3,247.0,90.8,402.4,997.0,1104.7,951.6,478.2,131.4,248.7,91.3,407.9,997.6
"2007M11",1142.8,1017.8,488.0,140.6,254.2,96.8,428.8,1051.5,1112.4,953.8,479.7,131.7,246.1,91.8,432.7,1004.6,1111.5,949.4,479.9,132.4,247.7,91.3,424.9,1006.6
"2007M12",1340.3,1435.7,540.5,146.5,357.6,100.8,443.2,1050.9,1119.1,942.9,482.0,133.5,246.7,90.2,436.1,1025.0,1119.5,945.9,482.0,133.5,246.5,91.2,435.4,1014.8
"2008M01",1131.9,899.6,515.3,124.9,228.7,92.1,434.6,982.2,1126.8,935.3,484.0,135.4,246.5,91.5,443.2,1025.3,1126.0,941.3,484.5,134.6,245.0,90.8,438.1,1021.0
"2008M02",1096.5,870.0,508.6,131.5,215.7,89.1,421.8,1065.6,1132.0,945.5,486.9,135.2,244.6,90.7,429.0,1014.4,1129.9,935.9,487.1,135.4,243.6,90.4,437.9,1024.8
"2008M03",1166.0,901.3,531.2,129.3,234.3,89.5,462.9,1046.9,1151.8,928.5,489.9,128.9,236.0,88.3,438.1,1000.7,1132.2,931.2,489.0,135.9,242.3,89.8,441.2,1026.2
"2008M04",1089.4,866.3,478.5,135.3,259.5,89.1,446.1,990.7,1127.9,927.0,489.4,141.8,245.5,92.8,445.5,1046.8,1133.6,927.7,489.3,136.3,241.3,89.2,452.5,1026.4
"2008M05",1134.9,895.7,470.7,142.5,261.4,90.7,484.2,1043.7,1142.7,926.3,489.7,136.8,240.3,89.1,473.1,1025.1,1136.4,925.8,488.3,136.7,240.7,88.7,468.0,1026.5
"2008M06",1062.2,818.9,429.7,127.3,221.8,80.4,466.7,953.4,1140.3,916.8,486.2,136.9,235.5,88.2,483.6,1023.3,1143.1,925.4,487.4,137.3,240.6,88.3,481.7,1026.7
"2008M07",1108.8,870.8,467.1,142.7,226.6,87.2,503.4,1069.6,1146.7,929.0,484.3,138.1,243.7,87.2,492.3,1023.6,1154.1,926.7,487.6,138.1,241.0,88.2,488.8,1026.9
"2008M08",1155.4,860.4,481.2,137.4,212.6,86.3,479.7,1037.0,1172.4,937.3,491.7,138.8,245.1,88.3,479.2,1021.6,1168.2,929.3,488.8,138.8,242.0,88.5,485.7,1025.6
"2008M09",1131.9,858.1,456.6,139.0,211.0,88.2,465.6,1021.9,1184.3,929.5,491.2,139.7,237.7,89.2,478.4,1044.6,1182.5,932.7,490.6,139.2,243.6,89.0,472.0,1022.1
"2008M10",1220.0,943.0,499.0,144.7,236.9,91.0,463.7,1042.9,1194.6,934.2,491.1,139.3,244.3,89.7,462.5,1051.5,1195.8,935.8,492.4,139.3,245.5,89.7,449.7,1016.2
"2008M11",1238.4,988.6,503.2,139.1,250.3,91.1,405.5,1003.3,1207.2,932.9,493.1,138.9,245.5,91.0,413.5,1012.1,1205.9,938.1,493.5,139.3,247.6,90.5,423.5,1008.5
"2008M12",1440.0,1450.3,541.4,160.5,364.8,106.2,396.0,1024.2,1211.1,950.0,497.6,139.7,250.9,91.5,382.7,973.9,1213.3,939.8,495.0,139.4,249.7,91.2,401.3,1000.7
"2009M01",1244.3,916.2,541.1,129.3,242.3,92.5,376.4,937.4,1225.7,936.6,494.2,139.9,250.7,91.1,380.5,982.9,1219.8,940.6,497.1,140.0,251.7,91.8,388.3,995.1
"2009M02",1141.5,831.0,496.9,129.4,215.9,85.7,385.9,995.4,1221.7,943.9,499.0,140.4,259.2,92.2,406.7,992.6,1226.9,940.5,499.4,141.1,253.5,92.3,384.4,993.7
"2009M03",1236.4,900.3,533.0,144.3,254.2,95.1,414.3,1055.1,1232.6,935.7,504.1,142.3,261.0,92.9,389.9,997.5,1235.6,939.2,501.4,142.3,254.8,92.6,385.2,996.8
"2009M04",1214.8,877.2,496.7,139.1,264.9,89.5,387.6,961.2,1249.0,936.9,500.9,145.3,252.1,94.0,385.5,1005.9,1245.9,937.7,502.4,143.3,255.7,92.9,386.8,1003.6
"2009M05",1239.8,903.7,488.4,143.3,276.5,91.2,390.3,1004.0,1257.5,944.6,505.6,143.0,258.2,92.6,384.8,1012.4,1256.1,936.9,502.6,143.9,256.2,93.1,389.6,1012.4
"2009M06",1176.4,830.8,435.7,138.5,234.6,87.2,385.1,972.6,1262.5,925.1,499.9,144.1,245.2,91.9,399.8,1018.8,1264.6,937.4,503.4,144.4,256.3,93.3,393.9,1021.2
"2009M07",1232.7,885.6,497.8,152.1,241.0,95.1,400.2,1085.7,1270.3,936.8,504.7,145.2,254.3,94.2,394.0,1031.0,1269.4,938.7,506.1,145.0,256.1,93.5,399.0,1027.7
"2009M08",1248.4,860.7,495.5,141.4,218.6,90.4,400.8,1047.2,1271.3,946.7,510.8,145.7,256.2,94.2,408.9,1033.5,1269.7,940.3,509.4,145.7,255.8,93.8,403.6,1031.8
"2009M09",1219.5,870.7,481.4,146.6,227.9,93.0,399.0,1015.5,1271.6,944.8,515.2,146.5,259.2,93.9,409.0,1041.1,1267.6,941.7,512.1,146.3,255.4,94.1,407.8,1034.3
"2009M10",1298.2,953.3,528.4,151.0,248.7,95.8,405.5,1016.2,1260.3,938.0,512.5,146.9,251.3,94.5,404.5,1037.7,1265.5,942.5,513.6,146.9,255.2,94.4,413.4,1036.3
"2009M11",1275.6,998.1,514.7,148.5,255.7,94.4,418.4,1036.8,1260.2,945.7,511.9,146.7,254.3,93.9,426.6,1023.3,1265.7,942.7,514.2,147.4,255.1,94.9,421.0,1039.0
"2009M12",1530.0,1444.2,566.8,172.5,378.2,111.2,450.9,1083.2,1276.9,939.9,518.6,148.7,258.8,95.9,427.9,1037.8,1269.3,942.3,516.4,148.0,255.2,95.2,429.3,1042.1
"2010M01",1281.9,915.1,565.6,132.2,241.0,94.0,434.5,982.1,1271.7,943.4,516.8,148.4,252.3,95.6,438.3,1060.7,1274.7,941.5,520.1,148.5,255.4,95.5,437.0,1045.7
"2010M02",1195.4,821.7,518.3,137.4,212.7,88.7,420.8,1052.4,1280.0,936.8,524.5,148.9,257.2,95.5,441.0,1045.3,1279.4,941.2,523.6,148.8,255.7,95.7,441.8,1048.9
"2010M03",1310.7,929.6,556.5,159.4,253.0,102.9,476.1,1142.7,1304.6,960.4,531.2,152.1,255.9,97.8,443.4,1061.0,1282.2,941.3,525.6,149.1,256.2,95.8,442.9,1051.5
"2010M04",1240.5,872.0,523.2,144.2,269.1,92.3,448.1,1007.1,1271.7,925.0,523.6,149.1,252.5,95.3,443.7,1045.3,1285.4,941.5,526.8,149.6,256.8,96.0,441.0,1053.8
"2010M05",1263.4,893.9,503.5,145.1,272.9,91.9,435.6,1039.2,1288.2,942.4,525.2,147.4,259.6,95.0,437.1,1048.4,1290.1,942.2,527.9,150.4,257.5,96.3,436.9,1056.3
"2010M06",1210.3,847.9,467.6,147.1,249.6,93.1,412.6,1020.2,1295.0,943.1,531.7,152.0,261.2,97.8,429.6,1068.3,1295.8,943.4,528.9,151.3,258.2,96.8,432.9,1060.4
"2010M07",1283.8,901.3,532.2,156.8,248.5,98.5,434.3,1095.8,1309.4,946.6,531.6,151.7,257.1,97.6,432.9,1058.0,1304.5,944.6,530.2,152.3,258.9,97.4,431.4,1066.4
"2010M08",1276.9,850.6,504.4,149.9,216.4,94.7,423.1,1110.8,1311.9,945.0,531.4,153.1,259.3,97.5,433.9,1081.4,1317.3,946.0,532.4,153.1,259.4,98.1,434.4,1072.5
"2010M09",1283.9,908.8,505.7,155.3,225.9,98.8,427.6,1059.8,1329.9,985.4,532.1,154.4,258.2,100.3,439.4,1077.4,1333.8,947.1,535.2,153.9,259.9,98.6,442.2,1077.1
"2010M10",1392.7,932.7,559.6,152.8,257.1,95.0,456.5,1026.5,1361.9,926.5,540.2,154.0,262.8,96.4,456.6,1077.8,1350.8,947.9,539.4,154.7,260.2,98.9,454.4,1080.2
"2010M11",1384.3,1010.3,540.2,163.5,271.2,103.8,463.6,1130.6,1369.4,947.1,548.2,155.7,264.3,99.7,466.2,1093.9,1364.6,948.8,544.2,155.3,260.4,99.1,469.4,1082.7
"2010M12",1651.0,1473.2,606.1,183.9,390.4,115.4,517.9,1125.8,1375.1,948.9,544.7,156.3,260.9,99.1,486.0,1075.2,1373.6,950.3,548.2,155.8,260.8,99.3,484.3,1086.8
"2011M01",1378.6,922.4,597.6,136.1,247.6,95.6,493.7,1003.9,1373.8,957.3,553.1,155.3,262.6,99.0,498.5,1085.6,1379.8,952.1,551.2,156.4,261.4,99.7,495.8,1093.0
"2011M02",1295.5,816.0,544.9,145.6,209.7,93.1,482.1,1115.4,1387.5,933.9,554.8,157.7,255.1,100.3,503.6,1101.6,1387.2,954.8,554.6,157.1,262.2,100.3,502.9,1100.2
"2011M03",1414.8,932.6,584.9,166.6,256.0,105.9,542.8,1192.1,1396.4,962.2,557.0,157.7,259.4,100.6,501.4,1109.9,1397.3,958.2,559.2,157.9,263.2,101.1,504.8,1107.4
"2011M04",1384.3,914.1,570.2,150.6,290.5,98.6,520.8,1056.9,1412.8,965.6,566.1,159.2,269.0,102.6,519.1,1122.8,1408.9,961.9,565.4,159.0,264.5,102.1,501.7,1113.0
"2011M05",1374.9,899.9,539.1,159.1,268.5,101.0,494.6,1130.7,1415.3,956.6,573.3,159.6,261.0,103.2,497.8,1123.2,1419.0,965.2,572.7,160.1,265.9,102.9,495.8,1116.5
"2011M06",1345.4,879.3,520.0,157.4,256.2,99.4,462.7,1071.1,1429.7,971.9,577.4,161.5,267.0,104.1,485.3,1104.6,1427.2,968.1,580.4,161.0,267.4,103.6,488.8,1118.8
"2011M07",1400.3,930.2,595.8,161.0,263.0,101.9,480.8,1125.1,1435.8,987.4,592.4,161.8,276.9,103.8,485.4,1120.6,1435.0,970.3,587.2,161.8,268.7,103.9,485.0,1121.1
"2011M08",1398.7,871.5,557.3,164.4,227.3,104.4,475.1,1182.3,1435.0,962.7,590.1,162.7,269.3,104.4,486.0,1125.8,1441.3,972.1,592.1,162.7,270.0,104.2,488.3,1124.9
"2011M09",1402.0,900.5,568.9,165.4,242.2,104.0,480.5,1094.8,1450.9,973.3,594.3,162.7,273.3,103.8,493.1,1109.0,1444.2,974.0,594.1,163.6,271.2,104.6,499.0,1130.4
"2011M10",1474.4,979.7,616.4,161.2,277.2,102.0,517.0,1081.5,1448.9,978.4,601.2,165.6,286.4,104.9,518.7,1137.4,1443.6,976.4,594.2,164.5,272.1,105.1,513.1,1136.8
"2011M11",1451.9,1046.7,582.5,175.5,278.7,109.9,533.1,1183.4,1434.7,977.7,589.8,165.7,271.4,105.9,528.3,1149.9,1442.1,978.6,593.6,165.3,272.8,105.8,525.6,1142.7
"2011M12",1742.5,1531.3,655.4,191.4,410.2,122.9,568.6,1174.0,1439.9,979.0,583.8,164.8,266.9,106.4,531.9,1143.5,1442.4,980.6,593.0,166.2,273.4,106.7,532.6,1147.2
"2012M01",1441.3,945.7,632.2,148.6,256.9,106.0,536.9,1079.1,1449.9,989.7,599.2,167.5,277.6,108.9,538.1,1149.0,1447.5,982.5,592.6,167.0,273.9,107.4,534.8,1151.1
"2012M02",1405.3,887.5,593.8,162.0,229.5,103.0,528.7,1224.4,1455.2,983.3,586.9,168.5,272.1,107.0,532.9,1157.6,1456.3,984.5,593.2,167.8,274.5,108.1,536.1,1154.8
"2012M03",1503.9,966.1,639.1,178.3,285.5,115.4,575.5,1228.4,1465.5,983.3,592.1,168.2,279.0,108.9,533.5,1154.3,1465.2,986.9,595.7,168.8,275.2,108.6,539.3,1157.8
"2012M04",1426.3,912.0,596.4,153.1,271.7,100.2,541.7,1076.6,1476.9,984.8,601.3,169.4,265.9,109.0,550.8,1158.0,1472.4,990.4,599.9,169.7,276.0,109.1,543.9,1159.6
"2012M05",1445.0,947.2,571.8,178.4,290.0,111.4,553.4,1207.6,1473.7,995.7,605.3,171.3,279.4,110.2,550.4,1167.5,1479.2,994.2,605.2,170.6,276.8,109.7,549.6,1160.3
"2012M06",1409.3,922.3,567.0,166.7,277.8,106.6,502.3,1118.7,1487.8,1005.4,616.2,171.5,278.1,109.6,529.2,1165.6,1486.3,997.7,610.1,171.9,277.5,110.5,557.5,1160.1
"2012M07",1434.8,927.3,595.1,171.6,252.4,109.0,518.9,1168.5,1490.5,1002.1,611.4,173.2,275.8,111.2,528.1,1152.3,1492.1,1000.9,613.1,173.4,278.1,111.3,567.2,1159.6
"2012M08",1478.0,915.5,596.0,180.2,239.4,113.5,572.7,1225.4,1501.0,1001.7,614.4,174.4,279.5,112.2,579.5,1154.6,1495.6,1004.3,615.5,174.7,278.5,112.1,577.1,1159.7
"2012M09",1444.3,919.1,594.1,168.1,244.4,107.8,567.5,1081.0,1497.1,1007.0,619.3,177.1,281.5,113.6,590.6,1163.1,1496.1,1008.2,618.2,175.7,278.9,112.8,583.8,1161.7
"2012M10",1503.9,1009.9,617.9,179.4,269.1,115.2,592.1,1152.4,1491.2,1005.5,620.6,176.1,278.7,114.0,584.9,1168.8,1496.1,1013.0,621.5,176.3,279.2,113.6,585.0,1165.6
"2012M11",1528.3,1108.6,632.8,190.4,294.7,119.0,593.3,1222.9,1499.5,1020.5,625.6,176.0,280.5,113.3,580.6,1168.6,1499.9,1018.7,624.7,177.0,279.5,114.4,583.4,1171.4
"2012M12",1798.7,1586.5,696.7,195.0,417.5,126.0,613.8,1169.8,1503.4,1033.8,626.6,177.7,277.8,114.8,581.9,1177.9,1507.5,1025.0,626.9,177.8,279.8,115.2,585.6,1177.8
"2013M01",1525.8,994.7,666.8,166.7,263.1,116.4,599.4,1143.3,1521.5,1031.1,632.1,179.7,280.4,116.4,591.5,1181.5,1515.9,1031.3,629.4,178.9,280.2,116.0,593.6,1183.6
"2013M02",1424.7,904.8,615.8,166.0,226.5,109.8,573.5,1225.7,1523.0,1036.5,629.4,180.1,276.4,118.3,603.6,1201.3,1520.6,1037.1,633.0,180.0,280.5,117.0,603.1,1188.9
"2013M03",1553.7,1001.3,688.1,180.8,262.8,119.6,660.3,1216.7,1520.3,1030.6,637.2,176.8,261.8,116.3,621.4,1181.9,1520.5,1042.9,638.5,181.0,280.8,117.9,609.2,1194.8
"2013M04",1443.5,987.2,633.4,174.3,298.2,113.6,597.5,1173.4,1495.1,1058.4,649.2,187.5,288.8,119.6,609.0,1239.3,1518.2,1049.2,645.9,182.0,281.2,118.8,613.8,1201.8
"2013M05",1492.2,1010.1,630.2,194.2,296.2,122.3,616.3,1256.8,1515.6,1051.9,652.0,183.5,281.4,119.4,610.9,1200.3,1517.3,1055.8,654.3,183.1,281.6,119.7,620.5,1209.6
"2013M06",1435.5,965.0,609.5,171.2,281.0,113.0,594.1,1138.8,1519.5,1066.9,661.6,184.7,290.8,120.9,629.2,1220.1,1520.1,1062.1,661.2,184.4,282.1,120.7,631.4,1217.3
"2013M07",1470.4,986.8,647.2,190.9,258.1,122.9,650.0,1276.9,1526.1,1060.7,669.7,185.3,278.5,121.5,656.0,1229.3,1525.3,1067.7,666.4,186.1,282.6,121.8,642.8,1224.1
"2013M08",1522.9,993.2,655.6,193.0,245.2,123.8,638.7,1284.6,1533.8,1081.7,669.3,189.3,280.7,122.8,647.5,1233.5,1532.4,1071.7,670.3,188.9,283.0,123.1,648.6,1228.7
"2013M09",1465.1,954.5,633.0,183.3,235.8,114.2,624.5,1165.8,1539.7,1054.9,670.7,191.7,277.6,120.0,652.0,1234.1,1541.6,1073.8,674.5,193.0,283.4,124.3,647.9,1231.5
"2013M10",1571.2,1087.4,683.2,211.5,278.6,128.2,655.0,1212.9,1547.4,1075.7,683.4,206.0,288.5,126.7,637.4,1225.7,1551.5,1074.5,679.5,197.7,283.6,125.5,646.3,1233.2
"2013M11",1600.2,1177.4,694.5,215.4,305.3,132.1,659.1,1258.2,1565.0,1075.8,681.7,202.7,284.5,126.7,645.3,1232.1,1559.5,1074.1,685.4,201.8,283.7,126.6,649.1,1235.0
"2013M12",1855.9,1640.7,757.0,227.8,428.3,140.8,702.0,1246.5,1568.1,1080.5,695.9,205.8,288.2,127.6,662.2,1238.6,1563.4,1073.5,691.4,204.8,283.8,127.7,655.7,1237.2
"2014M01",1571.4,1032.9,746.3,193.8,269.7,128.3,667.9,1217.0,1561.3,1063.4,694.1,205.5,282.5,127.3,659.0,1237.3,1563.8,1073.6,696.5,206.7,283.9,128.8,660.5,1240.6
"2014M02",1464.8,938.6,689.3,191.3,235.3,120.8,630.2,1282.6,1563.3,1072.6,702.9,208.0,285.9,130.2,667.0,1256.5,1565.7,1074.8,702.1,208.2,284.0,129.9,661.5,1244.4
"2014M03",1599.5,1040.4,756.3,211.5,277.7,134.1,683.1,1271.0,1567.3,1080.1,707.4,210.5,281.8,132.5,654.2,1241.4,1572.7,1077.6,709.1,210.1,284.1,131.0,658.9,1248.0
"2014M04",1533.4,1009.9,701.1,196.4,286.6,123.5,639.9,1173.3,1585.9,1081.1,715.3,210.9,279.9,130.5,652.2,1246.3,1584.1,1081.1,716.2,211.9,284.2,131.9,654.9,1250.7
"2014M05",1595.0,1056.6,710.4,223.9,304.4,136.6,660.8,1296.4,1603.6,1091.5,726.6,214.2,284.8,133.5,655.7,1256.3,1596.4,1085.1,722.6,212.7,284.1,132.5,650.8,1252.8
"2014M06",1497.0,970.7,663.1,199.6,268.3,126.2,613.3,1206.3,1602.1,1081.9,728.6,213.4,283.3,133.9,647.7,1263.5,1605.9,1089.2,728.1,212.5,284.1,132.9,646.3,1255.8
"2014M07",1562.1,1021.3,705.8,219.8,265.6,134.1,637.5,1306.9,1610.4,1097.7,727.0,209.9,287.5,131.7,636.2,1253.2,1612.4,1093.3,732.7,211.6,284.2,133.1,643.1,1260.6
"2014M08",1599.5,996.8,725.6,208.4,246.4,131.2,631.1,1275.4,1623.1,1098.8,740.9,211.6,286.4,134.2,644.0,1265.0,1617.1,1098.0,737.1,211.2,284.5,133.5,641.6,1267.5
"2014M09",1537.0,999.7,688.0,209.4,245.7,131.9,612.9,1217.1,1617.7,1096.5,744.7,212.0,285.9,133.9,635.9,1266.3,1622.8,1104.0,742.5,212.3,284.9,134.3,639.6,1275.5
"2014M10",1658.7,1140.4,756.6,221.8,279.9,136.7,661.5,1294.6,1630.8,1114.9,743.1,212.8,284.6,133.7,641.6,1291.9,1630.4,1111.5,748.7,214.7,285.4,135.3,633.4,1283.3
"2014M11",1667.3,1211.5,771.5,221.8,293.2,137.2,634.4,1280.7,1636.5,1119.8,758.8,219.8,281.5,138.0,625.0,1297.9,1639.2,1119.6,755.3,217.2,286.0,136.6,620.4,1289.9
"2014M12",1955.8,1716.3,826.3,250.5,437.2,156.8,636.6,1335.5,1652.7,1126.2,762.8,219.7,287.6,138.7,595.3,1296.8,1648.9,1127.2,763.5,219.5,286.6,138.1,603.6,1294.3
"2015M01",1703.3,1108.6,820.4,204.9,276.9,139.2,564.6,1262.4,1676.2,1134.8,755.4,219.9,284.6,138.7,559.4,1294.6,1656.7,1133.7,772.3,221.3,287.3,139.5,588.7,1296.7
"2015M02",1557.6,1001.3,769.4,204.1,240.9,130.9,543.1,1316.1,1660.1,1142.0,781.5,222.3,290.9,141.1,576.2,1291.9,1661.6,1138.3,779.4,222.6,288.2,140.8,580.9,1299.0
"2015M03",1693.7,1096.5,826.9,231.3,281.9,150.6,608.8,1358.5,1669.5,1147.2,789.1,227.7,292.8,146.9,584.7,1312.3,1666.1,1141.0,784.6,223.5,289.2,142.2,583.0,1304.0
"2015M04",1619.8,1062.6,779.9,209.2,296.2,130.2,572.6,1233.1,1665.3,1132.3,782.3,223.7,291.2,138.7,585.8,1296.8,1672.0,1143.1,788.0,225.0,290.5,143.7,592.9,1313.3
"2015M05",1665.3,1104.7,775.5,227.2,304.7,143.7,612.3,1329.8,1682.9,1152.3,792.5,225.6,290.8,144.5,610.7,1327.0,1680.5,1146.6,790.1,227.2,292.0,145.3,605.8,1325.8
"2015M06",1582.2,1036.9,711.4,222.0,276.6,143.9,592.6,1305.9,1692.1,1148.6,796.1,229.5,287.8,146.9,618.0,1339.8,1690.6,1152.0,793.9,230.2,293.6,146.8,615.9,1338.4
"2015M07",1652.6,1075.2,785.6,252.6,276.8,154.2,625.0,1430.3,1700.5,1148.1,794.6,236.1,295.0,149.3,622.6,1357.0,1701.9,1159.5,800.9,233.1,295.3,148.2,618.3,1348.4
"2015M08",1677.8,1055.4,784.2,226.4,254.1,143.8,594.6,1369.5,1712.7,1175.2,811.7,233.6,299.6,149.4,613.4,1366.4,1712.8,1167.9,810.3,234.5,296.9,149.4,613.8,1355.8
"2015M09",1637.5,1080.5,761.9,233.7,256.9,148.2,584.2,1298.4,1722.4,1181.6,824.5,235.2,299.8,150.7,601.8,1357.5,1723.2,1175.7,821.5,233.8,298.5,150.4,606.5,1361.1
"2015M10",1779.2,1226.4,832.5,239.0,296.9,152.9,614.5,1340.5,1734.9,1186.6,810.6,231.9,295.9,149.9,598.0,1352.6,1731.7,1181.8,833.0,232.9,300.0,151.3,599.6,1365.2
"2015M11",1747.1,1272.5,846.2,234.6,312.2,151.6,602.1,1370.5,1735.8,1179.7,841.8,231.0,304.0,151.8,594.9,1361.3,1737.9,1186.3,842.9,233.0,301.4,152.0,591.5,1369.1
"2015M12",2079.6,1809.7,934.4,268.4,470.3,173.7,634.8,1425.0,1747.8,1191.5,856.4,234.5,309.0,154.2,588.0,1382.5,1743.3,1190.2,851.4,234.2,302.7,152.8,581.5,1373.6
"2016M01",1756.1,1152.6,931.0,214.2,291.0,149.9,568.6,1327.1,1737.9,1190.1,855.0,239.0,303.1,154.1,566.7,1394.0,1748.0,1194.0,860.2,236.0,303.8,153.5,571.8,1377.6
"2016M02",1706.2,1089.3,885.8,223.6,261.9,147.5,543.8,1451.8,1761.0,1199.8,870.0,235.5,304.1,153.1,559.6,1370.4,1752.3,1199.4,869.4,238.0,304.7,154.5,565.7,1381.8
"2016M03",1805.7,1164.1,923.8,245.8,291.8,160.3,598.4,1427.9,1758.6,1205.4,878.9,232.3,300.7,151.9,567.8,1347.1,1756.6,1206.0,877.9,239.7,305.5,155.6,566.3,1386.2
"2016M04",1718.0,1153.8,900.6,240.7,321.0,153.9,561.0,1359.1,1754.2,1214.2,889.2,258.5,304.9,162.3,575.4,1449.0,1762.4,1212.3,886.6,241.7,306.1,156.7,572.2,1390.6
"2016M05",1730.9,1144.9,844.7,243.6,308.4,156.2,572.1,1405.9,1771.1,1214.7,894.4,243.7,306.7,158.1,573.5,1390.5,1769.7,1217.4,896.1,243.9,306.8,157.9,578.0,1395.7
"2016M06",1678.0,1112.7,819.5,240.0,302.4,155.7,569.9,1374.4,1778.8,1226.3,899.9,245.4,315.5,160.0,588.4,1405.2,1777.0,1220.8,906.4,245.5,307.5,159.0,579.3,1401.7
"2016M07",1743.7,1145.5,924.6,253.7,291.0,161.5,571.2,1440.8,1791.4,1229.7,925.1,247.8,309.3,161.0,577.3,1432.3,1784.3,1222.9,917.8,246.4,308.3,159.7,577.9,1408.7
"2016M08",1729.9,1084.9,867.9,250.0,257.2,158.6,558.3,1454.5,1783.4,1210.0,926.3,245.7,303.8,158.1,571.9,1401.8,1792.0,1224.0,928.2,247.2,309.1,160.2,576.8,1417.1
"2016M09",1725.0,1141.2,885.0,250.7,271.3,159.1,561.8,1388.6,1800.3,1229.8,935.9,247.1,309.7,159.5,577.1,1421.4,1800.8,1225.6,935.5,247.4,310.0,160.3,579.3,1429.7
"2016M10",1840.1,1250.0,956.6,245.0,305.8,159.6,596.1,1401.9,1814.8,1228.2,940.9,250.7,314.4,163.8,592.0,1452.4,1813.1,1228.4,939.1,247.8,310.9,160.5,587.4,1450.1
"2016M11",1848.2,1315.3,933.9,260.1,313.1,165.1,610.9,1473.0,1833.7,1202.0,941.2,246.9,299.1,159.4,593.9,1440.8,1828.2,1232.9,941.5,249.3,311.9,161.0,601.4,1479.3
"2016M12",2198.1,1861.7,1059.9,285.9,489.5,180.4,668.8,1467.6,1832.6,1217.0,941.4,250.4,310.3,159.9,618.4,1435.3,1844.3,1239.7,944.3,252.5,312.8,161.9,615.7,1516.6
"2017M01",1889.5,1267.4,1095.2,237.7,315.3,166.1,628.1,1615.3,1894.9,1323.3,1030.9,266.2,336.8,171.9,629.3,1667.5,1865.9,1275.1,993.3,264.4,320.5,166.4,624.4,1587.5
"2017M02",1786.3,1143.6,1010.4,248.6,272.3,157.2,604.8,1666.7,1898.2,1299.3,1016.0,271.0,324.5,169.0,635.6,1645.1,1889.0,1290.3,1009.1,268.7,323.5,168.8,628.7,1629.8
"2017M03",1944.7,1267.7,1096.3,292.4,326.0,185.1,655.3,1796.4,1899.2,1304.2,1022.6,272.6,331.0,173.7,617.7,1676.5,1909.6,1303.5,1022.5,272.4,325.9,171.0,625.9,1663.2
"2017M04",1886.8,1231.6,1038.5,244.7,328.7,156.3,602.2,1541.4,1933.9,1313.6,1027.2,276.0,323.8,172.5,618.9,1687.9,1924.2,1312.8,1034.1,275.4,327.6,172.5,616.7,1686.5
"2017M05",1889.0,1256.6,980.4,285.8,336.0,176.5,614.1,1764.9,1929.8,1321.4,1044.3,276.5,332.1,173.1,609.5,1707.9,1933.1,1318.1,1044.2,277.8,328.5,173.3,605.6,1700.1
"2017M06",1834.5,1203.8,971.3,275.7,317.6,171.2,575.0,1662.1,1941.6,1316.7,1060.6,278.5,322.5,172.8,594.5,1694.5,1938.6,1320.4,1051.8,279.8,328.6,173.6,595.9,1707.8
"2017M07",1878.3,1233.2,1038.5,282.8,307.7,172.4,555.2,1701.2,1938.2,1329.2,1054.5,282.0,332.3,173.8,582.7,1708.2,1943.0,1321.7,1057.1,281.7,328.5,174.1,589.2,1714.7
"2017M08",1909.9,1192.3,1001.1,294.9,281.6,178.0,579.7,1792.1,1951.3,1318.7,1059.0,286.1,329.8,175.9,592.5,1728.2,1948.7,1324.1,1062.0,283.6,328.6,175.0,587.5,1723.9
"2017M09",1886.6,1226.4,1006.1,282.2,291.9,173.2,575.2,1655.8,1953.7,1315.8,1063.4,282.8,326.7,174.1,593.0,1724.4,1957.9,1328.2,1067.8,285.2,329.0,176.4,594.0,1735.2
"2017M10",1984.7,1356.0,1074.7,284.1,314.3,175.2,603.3,1715.8,1971.0,1344.3,1080.7,287.0,328.3,178.2,599.9,1741.3,1969.5,1334.5,1075.9,286.3,329.5,178.0,607.5,1744.8
"2017M11",2015.5,1482.5,1101.9,306.2,349.2,186.2,642.9,1833.9,1981.5,1335.0,1089.2,288.1,329.7,180.7,624.4,1774.6,1981.4,1342.8,1084.1,287.2,330.0,179.5,623.0,1750.9
"2017M12",2368.5,2022.3,1212.3,315.8,505.0,195.4,699.5,1739.5,1988.6,1360.6,1080.6,287.9,331.7,181.4,646.0,1759.9,1989.6,1351.8,1090.9,287.8,330.2,180.7,635.7,1753.6
"2018M01",1995.1,1315.7,1163.1,264.6,313.1,179.3,650.7,1735.7,2001.7,1358.4,1103.6,287.0,330.9,180.6,642.2,1748.2,1992.7,1360.2,1096.4,288.6,329.8,181.5,641.1,1754.8
"2018M02",1867.2,1194.5,1090.8,266.5,275.7,169.6,609.2,1760.2,1986.4,1360.5,1097.7,291.2,329.3,182.9,635.7,1746.3,1991.7,1367.1,1100.7,289.7,328.7,181.8,638.1,1757.5
"2018M03",2110.9,1350.5,1202.8,303.6,327.0,190.7,675.5,1824.4,2044.0,1385.2,1108.8,289.1,327.0,179.9,636.0,1742.3,1990.5,1371.9,1103.9,291.0,326.8,181.8,633.1,1763.0
"2018M04",1890.4,1275.5,1098.0,273.8,324.2,166.6,607.1,1667.8,1962.0,1371.2,1103.0,307.6,325.0,184.0,625.2,1793.4,1993.5,1375.6,1106.3,292.7,324.8,181.7,632.5,1772.1
"2018M05",1976.0,1311.5,1049.7,308.1,325.3,185.3,647.8,1848.3,2000.8,1379.1,1108.6,294.9,321.1,180.7,635.8,1786.0,2002.4,1379.7,1110.5,294.7,323.7,181.8,638.6,1784.3
"2018M06",1911.6,1277.6,1029.2,289.1,324.5,178.3,629.4,1729.2,2013.4,1381.3,1117.4,296.1,324.8,180.5,655.1,1798.0,2014.6,1384.7,1118.1,297.0,323.9,182.0,650.3,1795.9
"2018M07",1950.5,1272.9,1091.8,306.2,292.4,184.5,621.5,1816.0,2033.2,1387.8,1128.1,300.1,321.4,183.7,656.5,1798.1,2027.4,1390.3,1127.2,299.2,324.7,182.3,662.5,1804.4
"2018M08",1999.8,1273.6,1090.7,313.8,284.1,186.6,653.5,1900.9,2037.1,1394.8,1139.2,299.7,326.1,182.4,673.5,1812.2,2039.4,1395.9,1136.9,301.1,325.7,182.8,668.5,1810.9
"2018M09",1977.2,1303.0,1083.0,291.8,290.4,177.0,640.5,1718.6,2044.9,1408.7,1141.7,305.5,332.4,184.8,669.5,1827.4,2048.1,1402.4,1144.4,302.8,326.9,183.5,662.5,1816.1
"2018M10",2082.0,1447.3,1131.4,312.8,319.4,185.3,681.7,1844.8,2064.3,1419.2,1151.6,304.3,330.1,183.0,673.5,1814.8,2055.1,1409.4,1149.5,304.3,328.1,184.5,643.7,1821.8
"2018M11",2098.6,1582.3,1181.4,328.1,352.0,193.8,640.3,1887.4,2057.5,1401.8,1156.6,304.2,323.6,185.1,620.7,1811.8,2063.3,1416.3,1154.0,305.9,329.4,186.0,617.4,1828.3
"2018M12",2447.2,2061.6,1277.9,328.5,485.3,197.4,621.7,1799.1,2066.3,1408.4,1151.7,306.7,325.0,186.9,578.7,1848.1,2073.9,1422.4,1158.4,307.6,330.5,187.4,592.8,1834.1
"2019M01",2097.6,1402.3,1243.4,286.6,320.0,187.6,589.7,1837.7,2092.3,1446.6,1164.5,308.8,336.7,189.0,572.3,1850.7,2086.3,1427.3,1163.0,309.1,331.4,188.6,579.5,1839.7
"2019M02",1967.1,1257.5,1162.4,284.0,282.0,178.8,557.5,1828.3,2098.4,1441.1,1173.0,311.7,338.4,193.9,579.0,1826.0,2097.3,1430.4,1167.6,310.4,331.8,189.1,578.7,1844.7
"2019M03",2154.7,1362.5,1266.5,315.8,319.6,194.5,617.9,1894.8,2102.3,1421.2,1164.6,313.5,326.5,190.1,585.9,1865.2,2102.0,1432.2,1170.7,311.2,331.7,188.8,584.3,1849.8
"2019M04",2028.7,1346.4,1152.3,286.1,334.0,174.8,587.5,1758.7,2105.5,1437.4,1177.0,311.1,332.8,186.8,596.6,1849.2,2098.9,1433.5,1171.7,311.6,330.9,188.1,589.2,1855.2
"2019M05",2068.3,1360.5,1126.1,329.5,333.7,193.1,604.1,1935.7,2089.2,1422.6,1172.9,310.7,325.0,186.4,590.8,1851.7,2093.0,1434.5,1172.4,311.8,329.5,187.7,590.3,1862.6
"2019M06",1974.9,1326.2,1082.2,291.4,324.6,178.0,550.4,1761.6,2083.8,1444.5,1169.8,312.1,332.3,187.4,581.8,1883.3,2090.5,1436.0,1176.1,312.4,328.1,188.0,589.6,1872.9
"2019M07",2011.0,1332.3,1133.3,329.4,297.4,192.7,562.2,1924.9,2094.7,1438.0,1184.1,311.9,324.2,186.0,590.4,1864.7,2092.5,1440.6,1182.7,313.7,327.2,189.2,588.9,1883.0
"2019M08",2086.3,1349.5,1158.1,326.8,300.1,198.1,569.9,1968.3,2102.2,1460.0,1193.9,316.0,337.0,193.9,593.6,1905.8,2099.9,1448.8,1192.1,315.8,326.9,190.9,588.7,1889.0
"2019M09",2025.4,1339.4,1126.1,307.2,280.7,187.4,555.7,1828.8,2113.8,1451.1,1202.8,318.8,324.8,194.7,587.6,1892.8,2111.7,1460.5,1204.2,318.2,326.6,192.7,588.7,1891.1
"2019M10",2154.4,1493.3,1199.8,333.9,316.9,196.6,595.8,1958.4,2116.0,1459.4,1211.5,320.6,324.4,193.4,583.4,1908.6,2125.0,1476.1,1215.0,320.4,326.4,194.0,587.8,1890.8
"2019M11",2203.6,1728.2,1258.6,344.9,365.4,204.2,609.9,1912.2,2150.3,1500.9,1226.5,324.2,329.5,195.3,590.5,1872.6,2140.4,1494.4,1221.3,322.0,326.6,194.9,587.9,1888.4
"2019M12",2535.3,2210.7,1340.4,351.4,478.5,208.7,632.4,1814.4,2160.2,1548.6,1228.5,323.1,327.8,196.3,587.1,1844.0,2160.3,1513.8,1222.3,323.4,327.5,196.1,589.9,1883.9
"2020M01",2179.7,1490.5,1315.7,302.8,317.2,195.2,608.8,1886.3,2175.3,1531.5,1214.6,323.3,328.9,196.0,587.7,1888.2,2184.1,1533.1,1219.8,324.6,329.7,197.9,589.9,1872.7
"2020M02",2162.4,1411.2,1249.8,301.6,287.4,189.4,588.7,1915.3,2217.2,1557.3,1211.8,324.0,330.5,199.3,588.7,1891.3,2214.4,1551.3,1217.5,325.9,333.2,201.0,581.6,1851.6
"2020M03",2638.0,1388.1,895.7,249.4,211.1,159.3,503.4,1529.4,2614.5,1475.8,847.4,250.2,222.5,156.2,482.2,1500.7,2250.4,1569.9,1217.6,327.3,337.9,205.1,562.9,1818.7
"2020M04",2212.0,389.8,106.0,41.5,43.6,33.0,185.8,759.0,2277.4,413.7,106.8,44.8,43.5,35.6,186.7,795.0,2286.5,1590.1,1220.0,328.7,343.1,209.7,537.2,1776.1
"2020M05",2319.7,1479.4,692.2,269.8,264.2,186.0,394.3,1305.9,2336.7,1551.6,708.7,266.9,257.6,185.2,387.8,1301.9,2313.1,1612.7,1222.2,329.7,347.9,213.9,511.4,1731.2
"2020M06",2182.0,1640.1,1014.3,322.4,343.4,222.2,466.1,1619.9,2328.1,1779.6,1126.7,330.7,353.5,224.1,493.5,1653.9,2329.2,1636.4,1224.0,330.2,351.7,217.2,495.0,1695.3
"2020M07",2257.9,1593.4,1199.7,355.0,347.2,229.7,517.8,1767.2,2327.9,1706.6,1225.8,328.8,370.6,220.3,537.5,1693.8,2334.8,1657.9,1227.7,330.2,354.3,218.8,492.9,1677.9
"2020M08",2349.0,1400.6,958.8,273.9,237.8,190.5,463.2,1650.3,2389.2,1531.6,995.0,279.9,274.6,195.0,495.1,1639.7,2331.2,1673.5,1230.7,330.2,355.8,218.7,499.9,1679.5
"2020M09",2255.8,1626.4,1142.6,344.4,309.5,219.1,496.3,1695.3,2340.2,1740.5,1233.8,341.0,354.8,219.8,515.9,1707.5,2322.9,1680.7,1229.7,330.5,355.9,217.1,507.9,1692.3
"2020M10",2367.5,1741.3,1240.6,341.9,357.0,216.9,530.7,1752.8,2297.9,1677.2,1225.6,328.4,352.7,212.7,520.6,1716.4,2314.0,1679.0,1220.2,331.2,354.6,214.8,511.8,1706.2
"2020M11",2327.9,1925.2,1174.1,338.7,387.1,214.5,508.4,1762.9,2303.8,1688.6,1159.5,331.4,360.3,212.5,501.6,1752.8,2303.3,1671.9,1200.4,331.9,352.7,212.1,511.1,1712.6
"2020M12",2730.1,2364.7,1291.9,381.8,519.5,227.8,558.8,1716.1,2301.8,1658.3,1184.1,336.2,352.3,207.8,509.5,1710.7,2295.0,1665.2,1173.2,332.5,350.8,209.7,508.0,1710.8
"2021M01",2297.7,1602.1,1250.8,297.6,333.2,202.6,524.5,1620.2,2290.5,1653.7,1135.2,334.8,343.9,210.9,509.6,1693.1,2291.1,1664.8,1144.5,333.4,349.8,208.4,508.2,1707.5
"2021M02",2128.0,1428.9,1064.9,292.9,279.2,189.3,493.9,1589.4,2282.0,1653.6,1080.6,324.4,338.0,205.8,512.0,1620.5,2290.7,1673.9,1118.9,335.2,350.6,208.5,515.7,1710.9
"2021M03",2328.4,1598.8,1148.1,342.1,317.4,220.1,547.3,1754.2,2307.5,1687.2,1097.8,332.3,331.0,209.8,518.8,1688.4,2296.7,1691.0,1096.8,338.2,353.3,210.1,527.3,1725.9
"2021M04",2227.0,1628.0,1269.7,316.9,367.8,196.8,542.4,1667.9,2291.3,1720.9,1269.7,338.4,362.5,209.4,545.1,1729.4,2311.6,1712.4,1076.7,341.9,357.3,212.7,536.3,1753.3
"2021M05",2299.2,1663.9,1272.3,345.9,386.8,216.9,547.0,1813.6,2328.6,1751.8,1316.0,349.3,383.2,218.6,544.4,1826.3,2334.0,1733.5,1056.8,345.9,361.6,215.6,536.3,1784.8
"2021M06",2235.7,1630.6,1216.6,351.0,351.0,218.8,536.9,1803.2,2376.2,1759.9,1344.4,356.1,364.2,219.8,562.9,1827.1,2360.7,1751.7,1034.7,349.1,364.4,218.1,523.6,1809.1
"2021M07",2327.2,1650.9,1330.6,375.6,351.8,229.0,568.4,1950.4,2375.5,1753.0,1344.3,353.4,369.6,221.1,587.5,1900.4,2390.8,1765.7,1011.0,350.5,364.9,219.7,503.2,1817.4
"2021M08",2500.6,1039.8,728.2,207.2,190.7,125.7,408.6,1470.4,2566.5,1147.2,768.8,208.1,224.2,127.9,436.3,1433.2,2420.1,1776.9,989.3,349.9,363.4,220.7,487.0,1807.8
"2021M09",2390.8,1272.4,658.4,237.0,176.2,158.0,411.2,1432.0,2466.4,1351.2,701.6,234.7,200.4,160.2,429.7,1435.1,2441.8,1784.9,975.3,347.9,361.1,221.2,486.0,1785.4
"2021M10",2523.9,1556.5,970.5,260.7,237.5,201.1,502.3,1585.4,2464.5,1514.3,957.3,258.7,238.1,202.8,496.6,1587.1,2451.8,1787.8,979.6,345.3,358.9,221.2,503.2,1759.9
"2021M11",2473.4,2092.0,959.8,308.7,382.7,229.9,543.5,1759.9,2445.4,1810.7,962.8,291.6,349.2,218.5,530.9,1715.1,2448.9,1783.3,1007.1,342.9,356.9,220.6,530.1,1744.2
"2021M12",2897.7,2513.0,1222.1,392.7,542.2,246.9,614.5,1767.9,2435.2,1772.4,1103.6,342.1,362.8,224.9,561.2,1749.3,2434.8,1772.0,1052.0,341.1,355.3,219.5,552.5,1745.1
"2022M01",2512.2,1697.1,1224.1,296.1,339.3,209.1,588.6,1658.8,2518.2,1757.3,1122.5,340.8,352.9,220.4,578.8,1743.0,2419.5,1756.7,1099.5,339.8,354.5,218.0,560.5,1763.8
"2022M02",2210.1,1482.9,969.5,296.3,259.4,196.9,531.8,1622.2,2371.7,1716.3,984.7,328.7,313.8,212.7,549.7,1668.6,2411.1,1742.0,1141.5,339.2,354.9,216.3,558.9,1798.2
"2022M03",2423.7,1630.3,998.6,321.5,282.4,222.9,580.3,1915.1,2381.7,1717.6,946.0,309.1,291.7,210.6,544.3,1846.4,2411.4,1731.2,1180.5,339.7,356.4,215.0,561.6,1841.9
"2022M04",2369.3,1654.5,1211.4,311.4,356.2,202.2,563.8,1807.2,2427.1,1733.4,1205.2,337.8,349.3,216.5,567.1,1909.2,2418.0,1726.0,1221.2,341.3,358.8,214.3,577.7,1887.3
"2022M05",2379.6,1635.5,1211.8,349.3,365.1,217.6,615.2,2053.8,2437.1,1743.4,1275.8,347.0,369.9,217.0,611.9,2038.3,2429.3,1725.7,1263.4,344.0,362.1,214.3,601.8,1930.8
"2022M06",2300.3,1609.4,1209.1,341.2,355.0,210.4,616.0,1962.9,2430.5,1722.7,1319.2,346.4,368.5,212.8,649.3,1972.2,2443.8,1728.0,1305.0,347.6,366.6,215.2,620.7,1970.0
"2022M07",2405.6,1606.6,1319.1,362.5,346.9,217.8,604.9,2007.8,2468.9,1724.6,1329.9,353.6,372.6,218.0,626.6,2000.4,2463.3,1730.0,1342.3,351.7,371.7,216.8,626.0,2005.1
"2022M08",2423.9,1573.8,1278.2,366.6,314.5,218.4,580.2,2141.6,2485.9,1719.9,1365.4,355.7,367.0,217.3,611.5,2033.7,2487.8,1729.8,1372.5,356.0,376.2,218.3,621.0,2036.3
"2022M09",2437.1,1652.0,1327.0,365.3,340.6,215.5,583.4,2076.1,2514.5,1750.2,1402.9,357.1,381.0,217.2,611.1,2066.6,2516.7,1728.3,1392.3,359.8,379.1,219.7,611.7,2062.6
"2022M10",2602.2,1827.4,1414.4,366.7,382.8,223.7,603.1,2083.5,2554.5,1782.7,1413.1,371.7,388.8,228.4,605.0,2105.7,2545.7,1729.0,1398.1,363.2,380.0,221.1,600.3,2085.1
"2022M11",2604.2,2005.9,1383.1,393.6,421.4,237.4,611.7,2147.2,2566.3,1729.7,1381.4,368.1,383.8,224.5,591.1,2092.0,2574.3,1734.8,1389.6,366.4,379.5,222.7,585.3,2107.4
"2022M12",3131.5,2445.8,1544.3,414.9,565.1,242.6,619.1,2020.1,2604.0,1724.0,1374.5,367.6,370.1,222.1,566.9,2035.3,2603.3,1745.4,1378.1,369.4,378.1,224.0,570.4,2130.7
"2023M01",2601.4,1668.9,1469.8,328.6,357.4,212.9,561.1,2085.7,2630.0,1741.6,1366.2,371.9,374.8,221.0,549.7,2142.3,2630.6,1759.0,1376.7,372.2,375.6,225.2,560.5,2157.8
"2023M02",2476.7,1553.9,1323.6,335.1,306.3,213.2,541.6,2082.9,2656.6,1794.2,1343.9,371.3,368.4,227.9,557.5,2151.6,2652.6,1773.5,1387.1,374.7,372.8,226.4,557.1,2187.6
"2023M03",2721.2,1729.3,1512.9,401.3,372.7,248.4,610.0,2366.6,2668.5,1809.3,1415.6,380.4,377.5,232.0,570.5,2267.8,2667.3,1785.8,1402.3,376.6,370.6,227.4,556.6,2217.6
"2023M04",2610.9,1692.0,1425.8,335.5,369.4,203.2,542.4,2068.4,2679.3,1792.7,1416.6,380.9,374.0,226.7,554.0,2251.1,2675.9,1792.6,1417.1,377.8,369.8,228.4,557.0,2243.3
"2023M05",2604.9,1672.1,1333.8,390.9,358.2,232.1,530.4,2291.4,2668.6,1769.0,1421.6,375.2,361.5,225.1,525.4,2231.3,2681.8,1791.0,1431.9,378.6,369.6,229.1,560.0,2259.4
"2023M06",2550.3,1678.2,1334.2,387.7,354.4,233.9,535.0,2315.6,2691.4,1788.0,1445.2,389.4,364.2,234.8,564.8,2306.5,2684.2,1782.6,1446.5,379.1,369.2,229.3,568.7,2265.7
"2023M07",2611.8,1651.6,1433.7,375.5,339.2,221.4,507.7,2235.5,2691.4,1780.4,1465.9,375.5,372.7,225.8,530.9,2244.0,2682.3,1769.6,1457.3,379.7,368.4,229.4,582.2,2266.7
"2023M08",2627.9,1610.0,1385.1,396.5,322.9,231.8,576.9,2411.1,2674.5,1757.8,1468.1,381.2,376.1,231.7,598.6,2283.9,2679.2,1755.7,1461.6,380.2,367.3,229.7,594.4,2268.8
"2023M09",2592.8,1646.4,1383.5,383.7,329.9,224.5,569.9,2214.5,2669.9,1734.5,1455.0,381.1,365.2,228.9,597.0,2248.9,2678.4,1741.5,1459.2,380.6,366.1,230.5,596.8,2276.9
"2023M10",2702.3,1711.5,1419.7,383.7,344.6,226.6,590.6,2278.4,2680.2,1686.0,1440.9,382.4,355.1,228.4,591.6,2267.4,2683.1,1727.5,1454.2,380.6,365.0,231.1,588.2,2290.9
"2023M11",2756.1,2004.3,1485.9,408.7,409.6,246.4,596.9,2407.5,2704.0,1722.5,1463.6,382.6,369.2,233.7,578.5,2338.9,2692.6,1714.6,1450.4,379.9,364.1,231.2,574.6,2308.2
"2023M12",3225.3,2370.2,1636.2,410.3,536.0,244.9,595.9,2263.8,2695.2,1697.2,1446.7,376.5,356.3,232.0,551.1,2329.8,2701.8,1704.2,1447.3,378.9,363.8,230.6,563.1,2327.4
"2024M01",2719.3,1657.2,1537.2,342.1,359.1,227.0,570.4,2369.7,2742.4,1704.8,1440.6,373.4,369.9,227.9,554.5,2359.5,2707.0,1695.6,1444.6,378.0,363.8,228.9,557.4,2345.3
"2024M02",2623.6,1512.1,1474.4,360.3,316.8,227.4,570.2,2354.0,2704.5,1674.2,1440.3,382.2,364.5,231.2,563.1,2338.8,2709.1,1686.6,1442.2,377.2,362.8,225.6,556.7,2359.0
"2024M03",2780.7,1613.3,1561.6,378.3,357.5,226.3,590.6,2356.6,2714.9,1690.7,1439.8,375.8,360.3,216.7,554.9,2358.8,2709.5,1676.8,1440.5,376.6,359.5,221.0,555.1,2369.6
"2024M04",2607.4,1572.6,1412.6,371.6,348.3,204.6,539.7,2297.8,2704.9,1667.9,1446.6,404.3,355.7,219.6,551.6,2411.9,2708.6,1666.4,1438.1,376.1,353.8,215.2,547.8,2378.4
"2024M05",2667.4,1570.8,1366.8,401.2,351.9,216.1,544.4,2447.4,2709.2,1655.2,1428.5,377.3,350.7,208.5,537.9,2367.6,2706.8,1657.3,1431.3,375.7,347.5,209.2,536.4,2388.3
"2024M06",2565.0,1535.3,1321.0,346.7,321.5,178.2,481.7,2284.8,2702.9,1642.4,1424.7,371.5,337.3,188.7,516.6,2391.7,2706.6,1650.9,1423.2,375.4,342.0,203.8,525.8,2398.8
"2024M07",2607.1,1522.5,1345.4,393.8,296.7,199.6,502.8,2504.8,2707.6,1645.5,1417.1,375.7,331.5,196.5,518.9,2418.5,2706.5,1647.5,1419.5,375.2,338.5,199.4,517.2,2407.1
"2024M08",2687.8,1535.1,1371.7,389.0,300.3,193.6,500.8,2517.0,2708.0,1654.2,1419.8,375.7,338.1,193.9,516.8,2403.3,2705.5,1647.7,1425.4,375.8,337.8,196.1,509.2,2414.2
"2024M09",2585.8,1522.4,1350.7,366.3,294.6,184.0,469.0,2359.5,2708.8,1641.8,1439.2,379.4,340.2,196.0,501.5,2430.7,2704.8,1651.7,1441.6,377.4,339.2,194.0,503.1,2420.7
"2024M10",2742.8,1714.6,1443.6,397.2,339.3,200.5,502.7,2489.0,2698.3,1669.7,1464.6,378.4,345.0,195.6,494.1,2419.5,2706.9,1657.9,1462.4,379.8,341.6,193.0,500.3,2424.8
"2024M11",2777.0,1938.4,1529.7,404.5,388.9,205.4,515.4,2451.0,2710.1,1652.0,1482.3,379.7,339.9,192.8,498.6,2406.0,2712.8,1663.1,1480.7,382.7,343.6,192.9,502.4,2420.1
"2024M12",3256.0,2448.3,1648.0,417.7,510.2,198.3,549.3,2361.0,2758.9,1781.1,1493.5,386.0,349.1,188.7,514.4,2406.9,2722.4,1665.0,1487.7,385.6,343.7,193.2,508.2,2402.0
"2025M01",2736.5,1649.4,1621.3,367.6,341.2,196.9,532.1,2510.3,2728.4,1676.6,1482.3,391.8,341.7,195.5,512.7,2454.1,2733.7,1663.1,1480.9,388.0,341.8,193.6,512.2,2370.8
"2025M02",2565.6,1464.0,1449.5,353.1,288.1,186.0,502.9,2387.5,2745.5,1673.7,1469.5,389.8,342.1,194.9,512.2,2466.5,2743.6,1657.9,1465.2,389.7,339.1,194.1,509.6,2329.9
"2025M03",2807.8,1551.6,1539.8,385.8,326.9,205.3,528.7,2234.4,2752.1,1630.2,1436.5,391.2,333.7,198.6,500.8,2258.0,2752.2,1650.9,1447.7,390.8,336.5,194.7,501.1,2286.4
"2025M04",2677.0,1546.3,1406.2,362.7,321.2,178.6,485.5,2106.2,2766.5,1639.3,1436.3,389.8,329.8,191.3,490.9,2213.0,2762.3,1643.9,1434.8,391.3,334.5,195.5,491.0,2249.3
"2025M05",2748.3,1559.8,1381.3,408.1,336.6,203.3,480.9,2264.3,2766.4,1635.3,1430.3,390.3,330.4,197.3,479.1,2239.4,2775.7,1638.5,1429.1,391.6,333.6,196.5,483.1,2224.8
"2025M06",2618.7,1524.9,1298.6,367.8,318.1,181.9,440.4,2129.7,2795.6,1645.2,1426.1,392.8,340.3,193.1,479.1,2199.2,2791.8,1635.0,1428.6,392.2,333.3,197.4,478.4,2215.6
"2025M07",2728.4,1510.8,1370.9,416.3,298.0,206.2,467.3,2317.8,2809.2,1631.7,1433.2,394.1,333.9,203.1,478.5,2234.3,2810.2,1633.6,1431.2,393.1,333.2,198.4,477.3,2218.6
"Table information:"
"Units:"
"$, Magnitude = Millions"
""
"Footnotes:"
" "
"Symbols:"
".. figure not available"
"C: Confidential"
"E: Early Estimate"
"P: Provisional"
"R: Revised"
"S: Suppressed"
""
"Status flags are not displayed"
""
"Table reference: "
"ECT004AA"
""
"Last updated:"
"13 August 2025 10:45am"
""
"Source: Statistics New Zealand"
"Contact: Information Centre"
"Telephone: 0508 525 525"
"Email:info@stats.govt.nz"
""
""
""
