"Total values - Electronic card transactions A/S/T by division (Monthly)","","","","","","","","","","","","","","",""
"","Actual","","","","","Seasonally adjusted","","","","","Trend","","","",""
" ","RTS total industries","RTS core industries","Total","Credit","Debit","RTS total industries","RTS core industries","Total","Credit","Debit","RTS total industries","RTS core industries","Total","Credit","Debit"
"2000M01","..","..","..","..","..","..","..","..","..","..","..","..","..","..",".."
"2000M02","..","..","..","..","..","..","..","..","..","..","..","..","..","..",".."
"2000M03","..","..","..","..","..","..","..","..","..","..","..","..","..","..",".."
"2000M04","..","..","..","..","..","..","..","..","..","..","..","..","..","..",".."
"2000M05","..","..","..","..","..","..","..","..","..","..","..","..","..","..",".."
"2000M06","..","..","..","..","..","..","..","..","..","..","..","..","..","..",".."
"2000M07","..","..","..","..","..","..","..","..","..","..","..","..","..","..",".."
"2000M08","..","..","..","..","..","..","..","..","..","..","..","..","..","..",".."
"2000M09","..","..","..","..","..","..","..","..","..","..","..","..","..","..",".."
"2000M10","..","..","..","..","..","..","..","..","..","..","..","..","..","..",".."
"2000M11","..","..","..","..","..","..","..","..","..","..","..","..","..","..",".."
"2000M12","..","..","..","..","..","..","..","..","..","..","..","..","..","..",".."
"2001M01","..","..","..","..","..","..","..","..","..","..","..","..","..","..",".."
"2001M02","..","..","..","..","..","..","..","..","..","..","..","..","..","..",".."
"2001M03","..","..","..","..","..","..","..","..","..","..","..","..","..","..",".."
"2001M04","..","..","..","..","..","..","..","..","..","..","..","..","..","..",".."
"2001M05","..","..","..","..","..","..","..","..","..","..","..","..","..","..",".."
"2001M06","..","..","..","..","..","..","..","..","..","..","..","..","..","..",".."
"2001M07","..","..","..","..","..","..","..","..","..","..","..","..","..","..",".."
"2001M08","..","..","..","..","..","..","..","..","..","..","..","..","..","..",".."
"2001M09","..","..","..","..","..","..","..","..","..","..","..","..","..","..",".."
"2001M10","..","..","..","..","..","..","..","..","..","..","..","..","..","..",".."
"2001M11","..","..","..","..","..","..","..","..","..","..","..","..","..","..",".."
"2001M12","..","..","..","..","..","..","..","..","..","..","..","..","..","..",".."
"2002M01","..","..","..","..","..","..","..","..","..","..","..","..","..","..",".."
"2002M02","..","..","..","..","..","..","..","..","..","..","..","..","..","..",".."
"2002M03","..","..","..","..","..","..","..","..","..","..","..","..","..","..",".."
"2002M04","..","..","..","..","..","..","..","..","..","..","..","..","..","..",".."
"2002M05","..","..","..","..","..","..","..","..","..","..","..","..","..","..",".."
"2002M06","..","..","..","..","..","..","..","..","..","..","..","..","..","..",".."
"2002M07","..","..","..","..","..","..","..","..","..","..","..","..","..","..",".."
"2002M08","..","..","..","..","..","..","..","..","..","..","..","..","..","..",".."
"2002M09","..","..","..","..","..","..","..","..","..","..","..","..","..","..",".."
"2002M10",2182.6,1928.3,2820.0,1204.4,1615.6,2189.3,1939.0,2848.1,1227.1,1616.8,2190.4,1940.8,2850.7,1232.1,1591.7
"2002M11",2231.4,1983.8,2880.0,1291.3,1588.7,2145.0,1896.9,2784.3,1223.8,1557.5,2199.6,1947.9,2859.8,1244.4,1595.3
"2002M12",2811.6,2545.0,3498.4,1587.8,1910.6,2236.4,1963.6,2885.7,1289.1,1603.4,2207.7,1953.2,2867.6,1255.2,1599.5
"2003M01",2212.9,1952.2,2848.9,1275.4,1573.5,2212.7,1952.6,2871.2,1268.6,1598.9,2214.7,1956.9,2872.3,1263.0,1604.0
"2003M02",2058.6,1802.3,2713.4,1246.5,1466.9,2224.4,1964.3,2875.1,1267.3,1612.2,2220.4,1961.1,2875.3,1265.5,1609.9
"2003M03",2256.0,1976.6,2941.7,1326.0,1615.7,2219.3,1956.1,2876.5,1262.0,1619.4,2225.5,1967.2,2880.3,1263.5,1619.1
"2003M04",2183.0,1931.8,2801.5,1215.2,1586.3,2237.4,1984.8,2890.1,1260.2,1626.5,2232.9,1976.6,2893.6,1263.8,1631.5
"2003M05",2217.7,1966.7,2913.5,1236.9,1676.5,2243.9,1994.1,2924.7,1270.5,1653.1,2245.8,1990.5,2918.1,1270.3,1647.3
"2003M06",2047.7,1814.8,2696.8,1144.4,1552.4,2225.0,1981.3,2922.9,1277.6,1646.1,2262.6,2005.9,2949.2,1283.2,1664.5
"2003M07",2216.8,1949.6,2957.9,1270.9,1687.0,2287.0,2028.3,2998.3,1308.3,1685.0,2280.7,2022.0,2982.3,1298.9,1681.7
"2003M08",2211.3,1944.8,2927.8,1243.0,1684.8,2305.6,2043.3,3014.5,1313.3,1699.9,2297.9,2036.7,3014.1,1315.5,1696.5
"2003M09",2155.2,1898.8,2871.6,1238.7,1632.9,2305.5,2041.7,3039.7,1332.8,1706.5,2315.5,2050.0,3045.0,1333.2,1710.0
"2003M10",2348.3,2074.9,3076.3,1334.8,1741.5,2333.7,2064.5,3075.9,1349.2,1723.7,2333.9,2060.0,3077.6,1354.0,1723.5
"2003M11",2421.7,2135.4,3166.8,1429.8,1737.1,2354.7,2064.4,3112.3,1380.0,1732.0,2354.0,2066.6,3112.3,1377.7,1735.6
"2003M12",3080.4,2756.4,3911.9,1797.0,2114.9,2436.3,2118.2,3198.9,1444.3,1755.7,2374.4,2071.6,3148.7,1402.1,1746.5
"2004M01",2410.1,2096.9,3166.5,1434.4,1732.1,2390.5,2076.0,3185.5,1427.6,1754.5,2393.2,2077.7,3182.9,1424.0,1756.7
"2004M02",2261.1,1963.7,3057.1,1414.9,1642.1,2376.2,2078.7,3159.6,1406.2,1760.4,2411.7,2088.4,3213.4,1442.3,1767.7
"2004M03",2451.8,2108.1,3330.9,1547.6,1783.3,2426.7,2105.3,3241.5,1457.0,1782.7,2431.6,2104.3,3241.7,1458.3,1780.7
"2004M04",2427.4,2103.0,3216.2,1437.6,1778.6,2457.5,2131.4,3274.0,1476.1,1799.1,2452.0,2122.7,3268.3,1472.6,1794.7
"2004M05",2410.6,2080.5,3210.8,1417.6,1793.2,2474.4,2139.2,3283.4,1481.7,1806.4,2471.6,2140.8,3293.0,1485.4,1808.0
"2004M06",2292.2,1970.4,3087.0,1357.0,1730.0,2483.5,2150.3,3326.2,1502.7,1818.5,2489.9,2157.3,3316.9,1497.5,1819.4
"2004M07",2470.3,2130.6,3325.8,1470.4,1855.4,2508.5,2175.9,3334.4,1503.1,1829.4,2505.7,2170.5,3339.1,1509.6,1829.0
"2004M08",2379.4,2038.8,3230.1,1438.5,1791.6,2523.5,2184.5,3359.9,1525.0,1838.0,2521.7,2182.4,3361.3,1522.6,1838.3
"2004M09",2394.1,2057.1,3221.4,1429.9,1791.5,2539.2,2196.1,3389.3,1536.6,1851.6,2538.1,2192.6,3383.0,1536.4,1846.6
"2004M10",2559.6,2207.0,3361.6,1513.8,1847.8,2545.2,2190.1,3395.5,1548.8,1847.2,2554.8,2202.9,3404.1,1548.9,1855.1
"2004M11",2642.5,2285.3,3518.5,1640.9,1877.7,2586.8,2228.3,3436.3,1561.8,1872.0,2573.2,2217.8,3427.5,1560.5,1866.7
"2004M12",3307.6,2936.6,4259.4,1967.8,2291.6,2582.9,2227.6,3443.4,1570.6,1873.5,2594.6,2238.4,3450.9,1569.6,1881.4
"2005M01",2603.2,2257.0,3390.8,1551.9,1838.9,2619.8,2264.0,3476.6,1575.0,1902.4,2617.8,2260.2,3476.4,1578.9,1898.0
"2005M02",2442.7,2098.6,3311.7,1565.5,1746.2,2640.8,2284.1,3511.4,1595.9,1917.0,2638.8,2277.8,3502.5,1589.3,1912.9
"2005M03",2700.0,2304.9,3622.9,1690.4,1932.5,2660.9,2292.9,3515.0,1590.1,1921.3,2655.3,2290.1,3527.8,1601.2,1924.4
"2005M04",2647.7,2275.5,3493.0,1575.6,1917.4,2673.2,2296.2,3566.6,1625.8,1939.4,2671.1,2302.2,3554.0,1615.1,1934.9
"2005M05",2576.1,2214.1,3437.1,1529.3,1907.8,2673.5,2308.3,3529.2,1597.7,1937.7,2687.6,2315.4,3580.6,1629.9,1946.2
"2005M06",2523.1,2160.0,3373.0,1490.4,1882.7,2711.5,2336.9,3607.8,1641.9,1962.9,2708.6,2331.2,3607.7,1644.1,1960.2
"2005M07",2673.7,2283.2,3582.0,1604.4,1977.6,2744.4,2356.3,3642.2,1663.8,1979.8,2734.2,2347.6,3635.0,1657.8,1976.1
"2005M08",2606.0,2203.5,3549.1,1589.3,1959.8,2748.7,2352.0,3657.4,1666.3,1989.0,2760.5,2363.0,3662.3,1670.2,1992.8
"2005M09",2645.8,2243.3,3532.9,1578.6,1954.4,2786.9,2376.5,3684.3,1679.5,2008.0,2782.8,2376.7,3689.7,1681.1,2008.7
"2005M10",2812.7,2401.7,3669.5,1656.4,2013.1,2809.2,2395.8,3724.6,1697.4,2026.2,2801.3,2390.3,3714.8,1689.7,2023.2
"2005M11",2870.1,2462.6,3822.2,1773.0,2049.2,2810.2,2402.2,3736.2,1694.4,2036.7,2816.0,2401.9,3736.5,1697.6,2035.5
"2005M12",3574.8,3153.2,4578.1,2114.1,2464.0,2768.6,2367.8,3697.9,1687.9,2010.7,2827.9,2410.7,3757.2,1708.7,2045.0
"2006M01",2797.2,2386.7,3669.6,1694.8,1974.8,2848.5,2424.8,3781.5,1724.3,2059.4,2839.9,2418.3,3780.0,1723.8,2053.5
"2006M02",2632.4,2225.4,3579.8,1703.7,1876.1,2845.5,2418.7,3796.3,1740.0,2056.3,2858.7,2430.3,3810.3,1744.6,2064.7
"2006M03",2957.9,2492.7,4017.5,1901.1,2116.4,2889.8,2454.3,3862.2,1776.5,2082.0,2887.6,2449.4,3849.6,1768.5,2081.1
"2006M04",2848.6,2410.3,3733.6,1692.9,2040.7,2913.5,2465.3,3880.1,1781.6,2100.8,2922.2,2472.0,3890.9,1789.8,2101.7
"2006M05",2876.4,2408.3,3873.1,1757.3,2115.8,2966.4,2501.5,3938.3,1817.0,2123.2,2955.9,2493.4,3929.3,1807.6,2123.3
"2006M06",2800.2,2345.3,3733.8,1664.8,2069.1,2994.4,2517.8,3965.3,1818.1,2147.7,2979.2,2509.3,3958.1,1819.4,2140.7
"2006M07",2884.6,2413.2,3878.9,1750.5,2128.4,2981.1,2512.2,3970.6,1822.1,2152.0,2992.3,2522.6,3979.2,1826.7,2152.9
"2006M08",2862.2,2386.1,3904.0,1760.8,2143.3,3006.5,2539.1,4009.3,1843.8,2163.6,3001.2,2539.1,3998.5,1832.8,2163.4
"2006M09",2866.2,2428.6,3830.1,1717.2,2112.9,2998.7,2552.7,3992.6,1826.1,2168.0,3012.8,2560.4,4022.1,1841.8,2176.6
"2006M10",3015.8,2586.9,3990.1,1819.8,2170.3,3045.7,2613.5,4064.5,1861.1,2200.6,3030.2,2584.8,4052.7,1855.4,2193.7
"2006M11",3127.2,2691.2,4205.2,1962.1,2243.0,3039.5,2605.4,4082.0,1869.2,2210.1,3051.8,2609.6,4087.2,1870.5,2214.6
"2006M12",3946.2,3478.4,5044.4,2337.1,2707.3,3083.3,2630.3,4133.4,1893.3,2243.2,3075.3,2632.8,4124.2,1886.7,2236.5
"2007M01",3053.7,2620.9,4059.3,1876.6,2182.7,3091.8,2650.5,4146.1,1893.6,2249.0,3100.9,2655.9,4160.3,1901.1,2258.3
"2007M02",2896.7,2474.2,3956.4,1867.5,2088.9,3132.2,2688.3,4198.8,1912.0,2286.6,3123.5,2676.0,4190.1,1911.0,2278.7
"2007M03",3244.0,2757.3,4407.9,2065.6,2342.2,3143.5,2687.8,4229.8,1930.4,2295.5,3143.9,2692.5,4217.2,1919.5,2298.0
"2007M04",3059.8,2617.1,4057.8,1823.6,2234.2,3165.2,2710.1,4226.8,1917.8,2317.2,3161.3,2705.4,4242.3,1927.9,2315.4
"2007M05",3082.7,2614.9,4204.8,1871.4,2333.4,3161.6,2706.8,4259.5,1933.2,2326.1,3177.3,2718.3,4266.4,1936.9,2330.7
"2007M06",3014.4,2570.0,4050.0,1787.8,2262.2,3212.1,2740.6,4310.5,1956.5,2350.6,3194.9,2735.3,4291.4,1948.1,2344.8
"2007M07",3061.8,2601.8,4187.6,1881.0,2306.5,3206.9,2752.4,4310.8,1959.5,2356.4,3213.8,2753.6,4317.3,1960.7,2358.3
"2007M08",3098.2,2627.0,4263.9,1894.7,2369.2,3226.5,2767.2,4335.3,1969.2,2366.1,3233.9,2768.3,4343.5,1974.5,2370.0
"2007M09",3099.7,2631.4,4146.9,1853.5,2293.3,3271.2,2790.7,4383.1,1997.7,2392.0,3255.5,2777.9,4372.2,1989.8,2382.7
"2007M10",3245.5,2754.8,4352.4,1972.6,2379.8,3257.0,2769.0,4389.1,1993.9,2382.0,3277.8,2782.6,4406.9,2009.0,2397.3
"2007M11",3428.5,2902.8,4620.6,2156.3,2464.4,3315.8,2791.6,4452.7,2039.3,2413.8,3299.5,2787.4,4442.1,2027.8,2412.8
"2007M12",4218.1,3674.2,5415.4,2507.8,2907.7,3310.3,2791.7,4469.0,2040.2,2433.6,3315.1,2793.6,4466.3,2040.1,2425.3
"2008M01",3302.4,2775.6,4409.5,2034.6,2374.9,3328.4,2797.5,4490.4,2053.9,2432.3,3324.0,2799.7,4478.9,2046.2,2432.9
"2008M02",3201.7,2690.7,4398.8,2074.5,2324.2,3329.9,2810.8,4478.5,2040.0,2436.7,3329.9,2802.8,4486.6,2049.9,2437.5
"2008M03",3385.3,2832.8,4561.5,2124.5,2437.0,3328.8,2801.7,4461.9,2024.0,2437.4,3334.1,2802.0,4492.8,2054.0,2441.2
"2008M04",3228.9,2693.7,4355.0,1979.6,2375.4,3338.7,2794.4,4516.6,2071.1,2445.8,3341.1,2799.9,4502.6,2061.2,2446.7
"2008M05",3337.7,2762.8,4523.8,2016.7,2507.1,3365.5,2803.4,4528.4,2068.4,2463.1,3352.3,2800.7,4515.5,2068.5,2454.6
"2008M06",3079.8,2532.7,4160.4,1864.1,2296.3,3350.3,2756.7,4506.5,2068.4,2444.9,3368.6,2806.8,4532.9,2074.4,2465.0
"2008M07",3263.7,2673.2,4476.0,2016.8,2459.3,3387.7,2809.5,4554.7,2079.3,2473.5,3387.8,2818.4,4552.2,2078.5,2480.2
"2008M08",3275.5,2709.5,4449.9,1969.5,2480.4,3417.1,2847.6,4574.5,2076.7,2502.9,3403.4,2832.3,4568.3,2078.2,2499.5
"2008M09",3211.3,2657.5,4372.2,1958.4,2413.8,3405.6,2837.3,4586.4,2073.6,2517.6,3410.9,2849.1,4573.5,2067.6,2518.4
"2008M10",3453.6,2898.9,4641.2,2053.3,2587.9,3418.7,2871.2,4615.8,2057.3,2545.4,3406.3,2867.4,4559.5,2042.9,2530.3
"2008M11",3477.1,2980.5,4619.5,2072.4,2547.1,3383.7,2880.8,4533.7,2000.8,2535.1,3395.5,2885.2,4535.8,2012.3,2534.2
"2008M12",4298.7,3796.5,5483.4,2461.2,3022.2,3394.4,2912.1,4513.4,1982.7,2529.7,3390.5,2901.3,4520.5,1988.7,2536.1
"2009M01",3412.8,2943.8,4479.5,1965.8,2513.7,3377.5,2907.2,4503.9,1967.3,2536.3,3393.7,2913.8,4520.2,1979.1,2540.9
"2009M02",3156.9,2685.3,4281.7,1940.4,2341.3,3419.4,2926.5,4550.8,1994.0,2558.0,3404.8,2923.8,4535.1,1981.4,2553.4
"2009M03",3433.4,2923.9,4632.8,2082.9,2549.9,3417.0,2933.6,4555.9,1989.5,2568.2,3418.0,2935.7,4554.6,1985.2,2571.2
"2009M04",3330.6,2853.4,4430.9,1902.6,2528.3,3421.3,2940.7,4566.6,1986.3,2584.2,3426.4,2948.4,4571.1,1985.2,2587.6
"2009M05",3389.9,2908.4,4537.2,1906.3,2631.0,3449.0,2973.1,4599.8,1981.7,2618.5,3432.4,2960.5,4585.3,1985.5,2600.7
"2009M06",3149.8,2677.5,4260.8,1806.2,2454.7,3422.5,2911.6,4582.7,1980.2,2600.3,3441.5,2970.5,4604.2,1990.6,2614.4
"2009M07",3352.6,2857.2,4590.4,1957.7,2632.8,3451.4,2971.6,4628.1,2007.5,2620.9,3454.6,2977.4,4628.4,1999.4,2628.6
"2009M08",3314.5,2823.3,4503.1,1897.7,2605.4,3476.9,2982.9,4657.9,2011.3,2649.7,3465.1,2978.3,4646.9,2005.2,2639.9
"2009M09",3291.4,2799.4,4453.5,1896.5,2557.1,3488.2,2987.4,4675.3,2010.2,2662.5,3474.0,2977.1,4658.2,2007.3,2647.9
"2009M10",3529.8,3028.5,4697.0,1999.7,2697.3,3460.6,2965.3,4652.9,1998.6,2640.8,3483.4,2977.0,4667.3,2009.4,2654.7
"2009M11",3556.9,3044.1,4742.2,2089.6,2652.6,3488.9,2970.5,4655.4,2009.1,2654.1,3494.8,2979.1,4679.4,2014.4,2663.2
"2009M12",4481.3,3919.2,5737.0,2525.8,3211.2,3527.7,3000.7,4719.4,2034.3,2683.0,3511.4,2985.2,4699.7,2023.3,2677.6
"2010M01",3532.2,3003.6,4646.5,2004.7,2641.8,3522.6,2987.3,4726.7,2030.8,2698.5,3525.6,2994.0,4720.6,2030.1,2693.2
"2010M02",3257.7,2748.2,4447.5,1970.3,2477.2,3533.5,3002.4,4728.0,2026.3,2704.0,3531.0,3002.3,4731.7,2030.8,2702.0
"2010M03",3628.9,3049.9,4931.1,2178.6,2752.5,3592.8,3051.2,4812.1,2068.3,2738.4,3531.8,3008.1,4735.6,2029.6,2703.8
"2010M04",3445.1,2904.8,4596.4,1942.4,2654.0,3521.0,2974.4,4702.4,2012.7,2698.2,3538.0,3015.4,4742.1,2030.4,2707.0
"2010M05",3469.7,2942.2,4654.2,1950.2,2704.0,3550.2,3023.5,4745.6,2035.0,2712.4,3549.0,3024.1,4755.2,2032.9,2717.0
"2010M06",3293.1,2787.4,4460.6,1868.3,2592.3,3577.6,3030.6,4798.5,2052.7,2738.3,3563.3,3035.6,4775.1,2038.1,2733.4
"2010M07",3507.7,2974.8,4760.5,1978.6,2781.9,3580.4,3059.1,4788.0,2029.7,2759.5,3581.0,3052.0,4800.6,2044.9,2754.9
"2010M08",3375.6,2857.8,4636.5,1931.9,2704.6,3584.1,3059.4,4820.7,2050.6,2774.1,3602.9,3072.6,4831.7,2052.9,2780.5
"2010M09",3461.0,2934.6,4676.3,1968.1,2708.2,3642.6,3108.0,4883.0,2079.5,2801.4,3630.4,3094.2,4866.3,2061.8,2807.2
"2010M10",3704.1,3152.6,4883.7,2017.9,2865.7,3659.4,3106.0,4890.2,2039.8,2842.3,3664.3,3114.4,4903.0,2073.3,2833.2
"2010M11",3784.6,3217.1,5078.8,2202.3,2876.5,3701.2,3137.3,4949.6,2092.4,2859.5,3696.3,3128.9,4935.5,2085.7,2853.1
"2010M12",4764.1,4130.8,6074.1,2620.1,3454.0,3723.7,3137.0,4959.4,2096.2,2863.9,3720.5,3138.6,4961.3,2096.8,2867.9
"2011M01",3744.4,3155.0,4884.5,2080.9,2803.6,3747.7,3153.8,4990.1,2110.7,2883.1,3743.2,3149.5,4991.9,2109.0,2884.6
"2011M02",3450.5,2875.3,4711.7,2061.4,2650.3,3748.2,3147.5,5008.8,2121.8,2889.6,3768.0,3166.1,5028.8,2121.7,2906.3
"2011M03",3848.7,3200.0,5207.7,2229.5,2978.2,3797.0,3194.0,5074.8,2124.0,2945.1,3791.1,3186.2,5063.9,2131.7,2929.2
"2011M04",3784.5,3165.1,4992.2,2069.2,2923.0,3852.7,3221.2,5120.8,2152.9,2971.3,3815.2,3209.1,5095.0,2142.2,2949.0
"2011M05",3688.7,3093.1,4978.7,2062.6,2916.1,3817.6,3217.6,5095.9,2149.8,2949.8,3838.1,3229.6,5117.1,2151.0,2963.1
"2011M06",3575.0,3013.0,4803.7,1966.6,2837.2,3848.3,3248.2,5121.5,2147.3,2967.8,3856.0,3245.9,5129.6,2156.3,2972.0
"2011M07",3784.6,3201.8,5070.9,2091.0,2979.9,3899.5,3314.5,5167.7,2178.5,2995.2,3872.3,3262.2,5142.0,2162.1,2979.8
"2011M08",3646.7,3067.1,4993.7,2054.8,2938.8,3850.5,3269.3,5147.7,2160.8,2981.4,3890.9,3281.2,5164.2,2173.4,2990.1
"2011M09",3709.3,3124.8,4969.8,2070.3,2899.5,3891.5,3293.2,5167.6,2176.3,2991.7,3905.3,3293.9,5189.8,2189.5,2998.1
"2011M10",3977.3,3358.3,5220.3,2200.1,3020.3,3941.9,3323.2,5246.0,2226.9,3017.1,3916.2,3298.9,5214.1,2206.5,3005.1
"2011M11",4016.0,3373.0,5375.1,2331.5,3043.6,3923.4,3290.7,5240.7,2220.1,3015.4,3927.4,3299.7,5236.7,2219.6,3015.4
"2011M12",5042.1,4350.5,6407.9,2771.2,3636.7,3915.2,3277.8,5229.1,2217.3,3012.1,3937.6,3300.6,5255.3,2226.7,3028.2
"2012M01",3927.7,3284.8,5155.6,2209.4,2946.2,3976.3,3326.2,5287.1,2237.4,3055.0,3946.5,3305.3,5267.9,2226.6,3042.3
"2012M02",3756.9,3125.2,5143.5,2230.0,2913.5,3947.9,3310.9,5279.5,2218.7,3060.1,3960.7,3316.1,5283.7,2227.0,3059.1
"2012M03",4096.2,3405.3,5503.1,2354.6,3148.6,3974.6,3332.2,5305.8,2234.4,3069.6,3981.3,3331.1,5306.2,2231.6,3077.3
"2012M04",3856.2,3214.4,5086.2,2112.1,2974.0,4004.4,3339.2,5314.7,2230.0,3094.4,3999.7,3346.8,5329.1,2237.3,3092.5
"2012M05",3930.0,3265.2,5316.4,2188.9,3127.5,4027.1,3368.3,5372.8,2255.5,3111.0,4016.6,3364.8,5352.3,2244.2,3104.6
"2012M06",3793.9,3185.0,5079.7,2076.8,3002.8,4036.7,3386.9,5374.7,2252.4,3116.9,4036.4,3383.8,5379.1,2254.6,3116.6
"2012M07",3846.9,3219.0,5187.3,2136.6,3050.7,4030.9,3395.5,5340.6,2235.1,3115.6,4056.4,3396.0,5403.6,2266.9,3126.2
"2012M08",3924.5,3238.3,5330.4,2186.6,3143.7,4092.0,3405.8,5430.4,2284.3,3140.0,4077.7,3401.8,5423.9,2279.6,3134.6
"2012M09",3885.7,3210.5,5135.0,2136.8,2998.3,4114.4,3408.0,5459.0,2304.2,3153.0,4095.8,3404.8,5439.3,2291.4,3142.6
"2012M10",4113.0,3405.7,5445.1,2292.7,3152.4,4095.9,3398.7,5438.5,2292.5,3140.2,4110.3,3412.4,5454.6,2301.4,3151.8
"2012M11",4279.1,3566.8,5692.5,2451.3,3241.1,4121.4,3428.5,5468.4,2306.3,3165.0,4125.1,3427.8,5475.8,2311.2,3165.5
"2012M12",5242.4,4502.6,6607.4,2855.8,3751.6,4136.9,3445.8,5499.5,2328.7,3177.2,4144.2,3445.2,5502.7,2321.9,3182.7
"2013M01",4169.4,3453.6,5479.4,2333.8,3145.6,4181.6,3471.2,5547.8,2333.0,3209.8,4168.9,3459.5,5535.0,2336.6,3200.8
"2013M02",3858.5,3175.2,5250.3,2290.5,2959.7,4192.9,3470.8,5574.9,2360.2,3219.6,4189.6,3467.6,5563.3,2353.0,3212.2
"2013M03",4289.1,3509.3,5686.5,2442.0,3244.5,4200.9,3458.2,5560.0,2355.8,3208.5,4205.7,3475.5,5587.0,2370.9,3216.9
"2013M04",4077.0,3365.9,5424.6,2306.3,3118.4,4227.6,3495.4,5638.2,2407.3,3227.3,4225.3,3489.1,5613.7,2392.3,3221.8
"2013M05",4171.2,3432.6,5621.9,2352.4,3269.6,4233.3,3502.2,5621.4,2404.4,3216.6,4252.9,3508.5,5649.1,2416.9,3232.0
"2013M06",4001.6,3294.5,5311.4,2221.0,3090.3,4296.5,3542.1,5701.5,2445.2,3256.5,4282.4,3528.1,5686.7,2439.3,3247.1
"2013M07",4140.0,3367.1,5607.4,2375.1,3232.3,4315.5,3537.5,5721.4,2459.6,3264.5,4306.1,3544.0,5718.6,2456.9,3261.9
"2013M08",4183.0,3420.6,5659.7,2369.5,3290.2,4327.7,3562.0,5757.3,2475.9,3276.5,4322.3,3557.6,5742.6,2469.1,3273.0
"2013M09",4030.4,3291.7,5379.0,2288.2,3090.8,4313.7,3537.5,5738.6,2467.3,3276.3,4338.6,3575.9,5767.1,2480.7,3284.2
"2013M10",4407.2,3624.0,5831.1,2502.5,3328.7,4366.4,3603.6,5800.7,2498.4,3295.3,4358.6,3595.7,5791.4,2493.8,3295.4
"2013M11",4572.1,3780.9,6045.0,2654.4,3390.5,4380.8,3609.8,5817.4,2506.1,3306.4,4382.7,3612.1,5819.6,2511.2,3308.1
"2013M12",5528.0,4685.2,7002.8,3100.6,3902.2,4421.1,3641.1,5861.8,2535.0,3334.9,4401.7,3619.9,5844.7,2529.1,3319.9
"2014M01",4419.7,3623.4,5830.2,2563.1,3267.1,4397.7,3604.7,5842.9,2540.3,3299.8,4412.2,3622.9,5861.3,2540.9,3328.1
"2014M02",4082.4,3331.4,5556.0,2478.4,3077.6,4427.4,3629.6,5891.2,2552.6,3345.5,4421.8,3630.7,5874.9,2545.7,3335.0
"2014M03",4495.7,3678.4,5978.0,2628.6,3349.4,4424.8,3641.8,5881.7,2548.0,3343.0,4437.7,3647.6,5894.9,2550.1,3344.1
"2014M04",4298.3,3534.9,5667.8,2430.7,3237.0,4458.4,3674.2,5903.9,2541.7,3343.4,4456.8,3669.7,5917.8,2556.9,3354.9
"2014M05",4468.0,3670.6,5987.8,2524.8,3463.1,4494.5,3706.6,5970.0,2577.7,3394.0,4476.9,3693.4,5941.1,2568.2,3366.0
"2014M06",4142.3,3402.9,5547.8,2363.6,3184.2,4480.7,3695.4,5953.4,2588.5,3372.2,4492.0,3711.4,5957.9,2580.4,3373.3
"2014M07",4331.3,3559.7,5857.7,2499.0,3358.7,4499.1,3730.9,5961.2,2585.1,3374.9,4504.2,3725.5,5972.0,2593.0,3378.0
"2014M08",4334.6,3572.2,5818.0,2462.8,3355.2,4531.1,3751.8,5999.3,2610.1,3387.5,4516.7,3738.8,5989.7,2608.1,3381.1
"2014M09",4219.2,3474.3,5645.2,2445.3,3199.8,4515.2,3737.6,5994.1,2615.7,3375.0,4533.0,3756.0,6017.2,2628.4,3386.2
"2014M10",4638.3,3840.1,6154.3,2682.3,3472.0,4554.2,3779.1,6060.4,2659.1,3397.4,4547.5,3777.6,6047.3,2649.1,3394.2
"2014M11",4719.1,3947.6,6221.2,2779.1,3442.0,4566.6,3807.4,6084.5,2673.0,3408.9,4555.3,3801.9,6066.4,2662.1,3401.3
"2014M12",5733.0,4939.6,7318.5,3288.7,4029.8,4565.0,3831.0,6077.9,2671.7,3405.2,4564.7,3831.3,6081.9,2669.7,3410.6
"2015M01",4616.6,3912.8,6083.4,2692.0,3391.4,4556.2,3852.7,6076.0,2660.0,3417.0,4576.1,3857.8,6094.6,2678.9,3419.7
"2015M02",4246.9,3572.9,5766.4,2616.8,3149.6,4593.8,3879.1,6106.3,2693.8,3424.3,4591.5,3878.1,6110.1,2694.8,3428.1
"2015M03",4663.1,3903.7,6252.2,2822.6,3429.6,4642.0,3912.3,6178.6,2734.7,3457.3,4613.6,3893.5,6135.2,2718.9,3436.3
"2015M04",4465.5,3762.6,5907.2,2572.2,3335.0,4599.0,3881.7,6117.1,2678.0,3419.4,4638.4,3903.0,6169.5,2747.4,3442.9
"2015M05",4611.2,3855.2,6167.5,2683.1,3484.4,4681.0,3924.7,6228.1,2774.9,3460.7,4663.3,3911.5,6211.0,2778.2,3448.2
"2015M06",4348.4,3611.9,5875.9,2595.7,3280.2,4690.1,3922.6,6258.5,2806.2,3450.9,4692.1,3928.1,6260.2,2810.9,3455.8
"2015M07",4575.4,3796.1,6257.5,2774.3,3483.2,4717.6,3940.8,6315.4,2851.7,3464.4,4723.7,3954.6,6309.4,2843.4,3465.0
"2015M08",4515.3,3776.9,6110.4,2700.9,3409.6,4752.9,3994.9,6343.0,2873.9,3470.8,4751.0,3985.4,6344.5,2869.5,3470.8
"2015M09",4474.7,3742.2,6006.1,2693.0,3313.1,4790.8,4029.7,6386.9,2890.4,3485.5,4774.1,4016.8,6366.8,2889.2,3473.2
"2015M10",4907.8,4140.4,6486.6,2926.3,3560.3,4776.5,4032.0,6367.2,2898.5,3466.1,4797.6,4046.9,6391.9,2909.7,3477.4
"2015M11",4938.0,4184.4,6542.6,3050.5,3492.1,4813.4,4068.5,6399.0,2925.7,3473.0,4815.5,4071.1,6417.9,2932.1,3483.5
"2015M12",6108.6,5300.1,7801.1,3629.9,4171.2,4854.3,4113.1,6476.9,2965.4,3508.4,4828.7,4093.2,6437.7,2949.5,3490.2
"2016M01",4854.8,4136.4,6395.7,2975.5,3420.1,4831.3,4100.2,6460.0,2973.6,3494.0,4841.3,4115.5,6453.1,2960.9,3498.9
"2016M02",4639.7,3948.4,6314.6,2982.9,3331.8,4840.7,4132.4,6444.9,2956.7,3506.6,4855.3,4135.8,6467.3,2971.6,3506.9
"2016M03",4950.1,4191.4,6623.3,3097.3,3526.0,4879.2,4167.0,6463.7,2967.0,3499.5,4873.3,4154.3,6487.3,2988.1,3512.9
"2016M04",4813.7,4098.7,6412.9,2933.4,3479.5,4909.8,4172.1,6609.7,3039.9,3549.8,4903.0,4176.9,6526.9,3017.2,3521.1
"2016M05",4762.7,4034.4,6411.5,2937.2,3474.3,4921.4,4191.8,6546.2,3047.8,3507.4,4935.6,4201.4,6576.7,3051.7,3530.4
"2016M06",4643.0,3917.4,6256.9,2855.0,3401.9,4966.5,4224.9,6626.3,3079.9,3539.6,4960.9,4222.6,6616.4,3081.9,3533.8
"2016M07",4842.9,4110.2,6536.8,2998.1,3538.8,5006.7,4261.4,6680.2,3125.7,3558.8,4981.3,4242.9,6644.3,3107.0,3532.1
"2016M08",4661.8,3944.9,6365.8,2948.8,3417.0,4943.8,4214.4,6581.7,3102.3,3471.0,4998.5,4259.5,6666.1,3136.3,3526.9
"2016M09",4748.3,4027.3,6387.0,3004.3,3382.7,5015.7,4268.9,6688.5,3181.8,3506.9,5011.8,4270.2,6692.5,3178.3,3518.2
"2016M10",5112.8,4357.1,6759.1,3210.7,3548.3,5047.9,4299.3,6750.4,3232.2,3523.3,5025.9,4279.8,6730.7,3233.3,3508.5
"2016M11",5191.7,4415.8,6924.3,3366.1,3558.2,5038.2,4282.9,6723.9,3203.9,3501.7,5053.2,4297.9,6796.1,3304.7,3505.8
"2016M12",6463.1,5613.9,8215.9,4017.0,4198.9,5063.2,4290.4,6767.6,3282.0,3487.2,5092.5,4324.8,6881.5,3390.0,3504.8
"2017M01",5361.6,4567.5,7214.6,3817.7,3396.9,5400.4,4590.0,7332.1,3799.7,3522.7,5254.1,4464.0,7108.3,3579.8,3501.8
"2017M02",4974.5,4212.5,6889.8,3669.2,3220.6,5349.0,4542.5,7271.1,3789.2,3498.8,5320.1,4523.6,7225.1,3696.4,3501.8
"2017M03",5475.1,4634.7,7563.9,4024.0,3539.9,5360.5,4570.0,7304.7,3831.0,3476.9,5368.9,4571.8,7314.1,3789.6,3503.4
"2017M04",5244.1,4485.6,7030.3,3650.7,3379.6,5398.4,4606.3,7374.1,3851.4,3507.3,5395.0,4605.1,7365.4,3851.3,3502.8
"2017M05",5252.6,4462.0,7303.3,3792.9,3510.4,5408.9,4625.3,7395.3,3888.9,3511.8,5403.1,4625.3,7386.0,3886.8,3497.9
"2017M06",5073.4,4327.2,7011.2,3645.6,3365.7,5398.4,4634.3,7380.1,3891.3,3484.2,5401.7,4635.0,7390.5,3908.4,3488.1
"2017M07",5185.3,4457.8,7169.3,3753.0,3416.3,5399.2,4649.3,7391.5,3931.5,3473.6,5402.9,4643.2,7396.8,3929.4,3476.0
"2017M08",5142.5,4384.8,7229.6,3795.8,3433.8,5417.2,4651.8,7423.7,3969.6,3461.9,5414.7,4656.3,7418.7,3956.8,3469.7
"2017M09",5159.4,4411.0,7097.4,3745.1,3352.4,5424.3,4656.0,7438.5,3959.9,3473.7,5443.5,4677.3,7464.5,3989.0,3475.2
"2017M10",5508.3,4729.8,7508.3,4013.5,3494.8,5499.5,4728.1,7531.5,4030.8,3489.6,5489.3,4707.0,7526.3,4028.8,3486.5
"2017M11",5778.1,4949.1,7918.3,4295.6,3622.6,5537.5,4736.3,7601.7,4075.9,3531.6,5541.6,4740.0,7584.1,4076.3,3491.7
"2017M12",7002.9,6108.0,9058.2,4913.1,4145.1,5583.2,4755.7,7632.3,4122.2,3504.5,5586.4,4767.2,7628.1,4129.4,3487.8
"2018M01",5617.0,4787.0,7617.3,4241.1,3376.2,5638.4,4802.7,7659.8,4187.6,3466.6,5609.4,4780.2,7655.3,4176.7,3475.8
"2018M02",5207.1,4428.3,7233.8,4058.0,3175.8,5602.2,4780.3,7643.1,4213.4,3451.6,5609.7,4781.4,7669.6,4210.1,3462.2
"2018M03",5857.4,4991.2,7985.4,4433.1,3552.3,5699.0,4879.8,7712.9,4237.2,3468.7,5602.4,4780.0,7682.7,4230.1,3453.8
"2018M04",5361.8,4588.1,7303.4,4016.6,3286.8,5579.8,4769.3,7688.1,4231.1,3443.3,5601.7,4782.5,7699.6,4240.7,3455.1
"2018M05",5495.5,4662.5,7651.9,4160.6,3491.3,5622.1,4804.0,7711.1,4255.1,3461.9,5618.8,4797.3,7722.2,4252.4,3465.5
"2018M06",5350.6,4542.9,7368.9,4005.4,3363.5,5662.0,4824.1,7763.3,4271.6,3482.2,5651.9,4823.5,7754.7,4275.9,3479.2
"2018M07",5413.8,4607.7,7536.0,4126.8,3409.2,5683.9,4853.7,7795.0,4305.1,3497.3,5696.4,4857.1,7803.3,4316.0,3492.6
"2018M08",5488.4,4648.3,7703.1,4211.9,3491.1,5739.2,4891.9,7842.7,4359.4,3499.4,5743.0,4894.1,7858.8,4364.8,3499.1
"2018M09",5471.2,4653.6,7481.5,4148.2,3333.3,5775.3,4922.0,7916.0,4418.9,3495.4,5770.7,4922.5,7894.1,4400.5,3494.4
"2018M10",5847.2,4980.2,8004.7,4477.3,3527.4,5822.6,4970.1,7947.8,4445.3,3489.3,5777.1,4942.9,7906.4,4418.6,3482.0
"2018M11",6048.4,5214.3,8263.9,4683.4,3580.5,5752.0,4951.3,7875.4,4410.1,3463.2,5773.8,4963.1,7907.8,4429.0,3470.3
"2018M12",7091.1,6272.0,9218.7,5173.6,4045.1,5722.7,4945.8,7868.6,4396.7,3461.8,5774.7,4988.2,7910.8,4443.8,3465.3
"2019M01",5840.5,5063.2,7964.9,4557.7,3407.1,5822.8,5049.6,7966.2,4501.3,3462.7,5791.9,5018.4,7929.9,4464.9,3470.6
"2019M02",5405.2,4669.0,7517.6,4300.4,3217.2,5830.8,5057.3,7964.6,4499.6,3497.9,5816.3,5043.0,7959.4,4482.4,3484.3
"2019M03",5915.8,5103.4,8126.4,4596.4,3530.0,5812.2,5036.3,7958.2,4475.0,3490.1,5829.1,5050.2,7981.1,4485.9,3499.8
"2019M04",5623.7,4861.4,7668.5,4283.7,3384.7,5845.8,5053.2,8019.2,4466.3,3522.5,5816.3,5035.7,7981.9,4471.6,3512.3
"2019M05",5685.8,4888.6,7951.0,4379.5,3571.5,5784.6,5007.8,7963.6,4461.8,3520.3,5796.2,5018.6,7977.6,4456.8,3523.0
"2019M06",5436.3,4707.9,7489.3,4147.6,3341.7,5779.4,5010.9,7980.2,4460.8,3506.8,5790.2,5016.6,7984.0,4455.4,3534.7
"2019M07",5528.9,4774.0,7783.3,4301.9,3481.3,5779.0,5012.4,7976.1,4437.0,3548.7,5797.9,5026.9,8003.5,4463.3,3547.1
"2019M08",5661.9,4894.0,7957.1,4386.6,3570.5,5858.4,5081.5,8074.0,4511.4,3560.1,5823.9,5052.5,8041.8,4486.5,3556.3
"2019M09",5514.7,4771.6,7650.7,4275.7,3375.0,5862.1,5084.1,8084.8,4513.3,3568.1,5870.9,5096.5,8095.6,4524.0,3563.1
"2019M10",5956.8,5164.4,8249.1,4616.8,3632.4,5889.3,5118.1,8133.2,4551.8,3556.6,5928.2,5149.5,8148.7,4570.9,3566.0
"2019M11",6369.8,5555.8,8626.9,4925.5,3701.4,6019.4,5235.8,8220.9,4656.7,3564.6,5987.7,5202.6,8198.1,4618.5,3566.4
"2019M12",7406.1,6564.9,9571.8,5441.8,4130.1,6062.0,5268.4,8240.1,4642.0,3574.9,6040.3,5248.9,8239.2,4661.9,3565.4
"2020M01",6107.1,5303.1,8296.2,4776.3,3519.9,6065.5,5267.5,8253.0,4719.7,3551.8,6083.9,5289.8,8270.5,4704.2,3560.8
"2020M02",5888.9,5110.8,8105.8,4649.4,3456.4,6112.3,5322.3,8309.5,4740.0,3611.0,6120.1,5331.0,8290.1,4755.0,3547.3
"2020M03",5795.5,5132.9,7574.3,4393.8,3180.4,5791.8,5161.2,7497.4,4311.4,3192.2,6157.8,5383.5,8295.7,4825.6,3520.6
"2020M04",2970.2,2751.4,3770.7,2605.2,1165.5,3065.5,2839.5,3918.1,2718.8,1200.5,6202.9,5447.3,8294.3,4907.7,3481.0
"2020M05",5335.9,4755.6,6911.6,4429.5,2482.2,5423.2,4851.6,7002.2,4571.2,2465.0,6246.2,5505.5,8293.3,4980.8,3431.5
"2020M06",5868.2,5179.9,7810.5,4780.1,3030.4,6274.1,5556.4,8257.3,5042.3,3189.4,6288.7,5555.3,8310.3,5042.5,3377.0
"2020M07",6145.7,5398.2,8267.8,4962.3,3305.5,6336.8,5590.3,8371.9,5064.5,3325.9,6327.2,5593.5,8345.3,5089.8,3325.7
"2020M08",5599.8,4946.2,7524.0,4617.1,2906.9,5866.6,5190.0,7765.6,4805.8,2962.7,6349.4,5614.9,8379.4,5126.2,3283.7
"2020M09",6049.8,5334.3,8089.5,4981.5,3108.0,6384.0,5653.0,8438.1,5184.7,3243.2,6349.1,5616.4,8394.5,5151.7,3252.0
"2020M10",6454.0,5706.3,8548.7,5248.6,3300.1,6304.8,5571.3,8365.8,5141.4,3193.8,6320.3,5593.6,8384.9,5150.6,3230.7
"2020M11",6537.2,5814.3,8638.8,5357.1,3281.7,6272.7,5566.7,8356.8,5132.8,3220.5,6274.5,5553.5,8361.8,5119.9,3213.8
"2020M12",7692.8,6906.2,9790.7,6012.3,3778.4,6257.5,5522.2,8342.3,5096.6,3226.5,6234.5,5513.7,8347.3,5078.1,3193.2
"2021M01",6210.9,5483.8,8128.7,4991.6,3137.1,6165.5,5428.3,8179.0,5004.1,3190.5,6220.3,5496.0,8344.3,5057.8,3166.7
"2021M02",5584.2,4901.0,7466.4,4597.0,2869.4,6058.7,5345.9,7967.4,4882.9,3122.5,6248.8,5513.8,8372.1,5078.9,3137.2
"2021M03",6160.1,5392.7,8256.4,5130.8,3125.6,6135.7,5412.5,8103.7,5013.8,3108.8,6318.8,5566.9,8444.3,5144.5,3110.0
"2021M04",6231.6,5492.5,8216.3,5077.6,3138.8,6405.0,5642.5,8493.9,5260.5,3220.1,6418.0,5646.3,8553.1,5247.7,3088.0
"2021M05",6386.1,5622.1,8545.6,5305.2,3240.3,6541.0,5773.2,8730.3,5512.9,3242.2,6513.1,5723.1,8664.7,5365.5,3069.8
"2021M06",6189.6,5433.9,8343.8,5215.2,3128.6,6588.8,5808.3,8775.9,5481.0,3276.5,6570.8,5772.0,8738.0,5471.7,3052.7
"2021M07",6458.0,5660.6,8784.0,5537.3,3246.7,6601.6,5797.6,8880.1,5630.9,3257.4,6583.7,5788.3,8748.0,5550.6,3033.6
"2021M08",4993.6,4459.3,6671.2,4394.6,2276.7,5276.3,4728.7,6898.3,4550.8,2335.9,6559.7,5770.2,8708.2,5581.0,3014.1
"2021M09",5066.9,4497.7,6735.9,4519.4,2216.5,5313.7,4730.6,6984.5,4690.3,2295.7,6524.8,5735.3,8659.2,5582.2,2993.2
"2021M10",5991.8,5288.4,7837.8,5226.2,2611.7,5904.4,5204.5,7766.4,5180.0,2560.7,6506.8,5709.2,8629.2,5581.7,2974.6
"2021M11",6681.2,5907.8,8749.8,5845.3,2904.5,6381.0,5638.0,8388.0,5538.7,2821.5,6509.8,5702.2,8619.4,5598.9,2963.2
"2021M12",8036.3,7174.9,10196.9,6734.1,3462.8,6521.3,5726.6,8655.1,5697.4,2949.6,6522.3,5707.9,8632.6,5632.4,2960.0
"2022M01",6570.4,5772.7,8525.3,5630.6,2894.7,6561.6,5743.7,8626.6,5669.4,2970.8,6523.6,5711.4,8661.5,5671.9,2960.0
"2022M02",5650.8,4922.0,7569.2,4976.3,2592.9,6130.4,5370.8,8086.7,5299.5,2823.3,6518.5,5713.3,8697.3,5711.7,2959.9
"2022M03",6138.2,5335.0,8374.8,5564.3,2810.5,6061.4,5310.7,8181.0,5434.6,2770.4,6524.6,5719.9,8745.0,5758.3,2959.9
"2022M04",6357.3,5591.4,8475.9,5599.7,2876.2,6506.7,5711.0,8773.1,5822.0,2947.8,6554.8,5738.6,8812.7,5825.9,2963.3
"2022M05",6424.9,5592.1,8828.0,5862.5,2965.4,6651.5,5816.2,9057.5,6088.2,2982.8,6603.9,5774.1,8891.4,5908.4,2972.9
"2022M06",6300.2,5473.8,8604.3,5725.3,2879.0,6670.5,5813.2,8995.5,5998.4,2993.5,6660.2,5820.8,8976.4,5981.9,2991.7
"2022M07",6500.9,5678.2,8871.2,5915.0,2956.1,6703.9,5861.1,9084.4,6081.4,3011.5,6715.2,5876.2,9074.7,6053.7,3018.1
"2022M08",6389.1,5590.4,8897.3,5907.5,2989.8,6737.1,5924.3,9118.9,6065.5,3040.3,6772.3,5942.1,9179.7,6128.6,3049.7
"2022M09",6555.6,5756.7,8997.0,6000.2,2996.8,6855.1,6034.3,9294.9,6194.5,3088.5,6828.5,6008.2,9270.5,6194.0,3077.9
"2022M10",7053.5,6226.8,9503.7,6356.5,3147.2,7006.2,6169.4,9490.3,6342.2,3113.7,6873.6,6059.2,9332.2,6237.1,3094.8
"2022M11",7263.7,6414.7,9804.5,6588.6,3215.9,6905.6,6101.2,9363.9,6252.4,3104.7,6891.3,6083.1,9350.7,6252.7,3096.4
"2022M12",8548.4,7686.7,10983.5,7360.0,3623.4,6883.6,6077.2,9309.5,6220.3,3076.3,6898.4,6099.5,9357.1,6265.4,3091.1
"2023M01",6871.5,6097.4,9285.8,6301.2,2984.6,6896.8,6113.3,9391.0,6293.4,3087.4,6923.7,6132.3,9402.2,6312.8,3090.4
"2023M02",6415.3,5660.4,8833.3,5987.3,2846.0,6945.9,6166.4,9427.1,6367.1,3099.8,6965.5,6179.7,9488.7,6400.0,3101.0
"2023M03",7194.5,6336.2,9962.4,6731.5,3230.9,7055.7,6263.3,9677.1,6552.9,3165.2,7004.8,6221.8,9587.8,6488.5,3121.0
"2023M04",6843.7,6098.1,9247.6,6221.4,3026.2,7055.3,6266.4,9699.4,6571.7,3140.5,7026.5,6247.7,9659.4,6533.6,3144.2
"2023M05",6731.5,5969.0,9413.8,6280.3,3133.5,6965.1,6211.4,9594.4,6485.0,3120.0,7033.9,6258.7,9696.8,6533.8,3168.4
"2023M06",6685.9,5917.1,9389.3,6257.0,3132.2,7060.8,6263.8,9780.4,6517.8,3239.4,7041.0,6264.4,9714.0,6513.7,3192.7
"2023M07",6765.4,6036.3,9376.4,6259.2,3117.2,7048.0,6287.1,9683.1,6478.1,3207.6,7048.8,6261.0,9715.0,6488.1,3210.5
"2023M08",6754.6,5945.9,9562.2,6341.9,3220.3,7083.3,6268.1,9760.3,6505.9,3245.3,7057.6,6253.7,9718.7,6477.1,3221.4
"2023M09",6747.0,5952.7,9345.2,6219.8,3125.4,7041.7,6218.1,9686.8,6462.2,3219.1,7052.6,6237.7,9713.3,6472.2,3225.1
"2023M10",6995.3,6178.1,9657.4,6450.6,3206.8,7006.9,6187.4,9663.9,6421.0,3194.8,7040.4,6224.8,9712.2,6475.9,3224.7
"2023M11",7499.2,6655.9,10315.5,6927.8,3387.7,7084.1,6282.4,9801.7,6564.4,3247.9,7033.3,6223.7,9721.6,6488.6,3223.4
"2023M12",8608.5,7767.7,11282.6,7557.6,3725.0,6979.9,6183.1,9665.9,6457.2,3208.0,7026.4,6227.8,9720.3,6502.7,3221.4
"2024M01",7070.3,6272.8,9782.1,6648.0,3134.1,7047.5,6256.3,9765.0,6541.3,3218.8,7017.4,6226.3,9717.7,6514.4,3216.6
"2024M02",6724.4,5926.8,9438.7,6368.0,3070.7,6987.3,6197.8,9669.3,6493.5,3214.0,7001.0,6215.4,9715.7,6516.5,3208.1
"2024M03",7129.9,6313.1,9864.8,6636.5,3228.3,6975.4,6208.2,9696.5,6539.1,3188.4,6972.8,6196.3,9711.4,6517.8,3197.9
"2024M04",6685.2,5940.9,9354.6,6245.8,3108.8,6945.2,6170.3,9765.3,6522.2,3230.0,6930.1,6168.7,9696.9,6524.0,3181.7
"2024M05",6717.4,5956.9,9566.0,6333.5,3232.5,6888.0,6141.3,9662.5,6512.8,3167.4,6877.5,6134.2,9665.2,6533.4,3152.2
"2024M06",6402.5,5742.7,9034.0,6167.6,2866.4,6803.9,6097.5,9579.2,6568.1,3000.6,6834.1,6108.7,9634.2,6554.7,3112.0
"2024M07",6474.0,5771.7,9372.7,6399.9,2972.8,6807.8,6088.2,9634.9,6571.4,3054.5,6810.9,6101.0,9617.9,6581.6,3069.4
"2024M08",6589.3,5894.9,9495.4,6478.9,3016.5,6826.4,6123.7,9630.7,6626.9,3005.1,6815.0,6116.5,9623.0,6607.3,3033.0
"2024M09",6406.5,5753.5,9132.4,6276.5,2855.8,6822.2,6134.1,9646.8,6626.5,3010.9,6837.3,6145.0,9648.3,6631.4,3011.9
"2024M10",6943.4,6240.3,9829.6,6753.5,3076.1,6885.6,6199.7,9693.4,6661.7,3012.4,6865.4,6175.0,9684.2,6667.6,3003.6
"2024M11",7354.7,6634.0,10210.2,7080.5,3129.8,6883.4,6188.8,9667.0,6676.4,2985.5,6896.7,6203.2,9738.1,6723.9,3000.0
"2024M12",8610.1,7862.5,11388.8,7943.8,3445.0,7083.8,6361.8,9833.6,6793.4,3014.5,6923.2,6222.7,9782.1,6768.8,2995.9
"2025M01",7077.4,6348.4,9955.3,7009.6,2945.7,6944.9,6235.5,9788.2,6810.7,2983.0,6931.1,6227.0,9769.0,6762.5,2991.9
"2025M02",6456.0,5767.1,9196.6,6454.0,2742.6,6951.7,6249.8,9772.5,6812.0,2986.7,6914.2,6212.7,9691.0,6697.2,2987.1
"2025M03",6960.2,6226.2,9580.4,6586.6,2993.7,6851.5,6155.9,9492.9,6526.2,2982.6,6883.8,6190.2,9579.7,6600.9,2980.7
"2025M04",6614.9,5950.8,9083.8,6197.0,2886.9,6849.3,6169.5,9455.6,6492.6,2982.1,6857.7,6172.6,9491.6,6520.5,2975.4
"2025M05",6710.2,6026.0,9382.6,6338.7,3043.9,6840.9,6160.6,9486.4,6525.9,2965.6,6851.6,6172.2,9464.2,6487.4,2975.4
"2025M06",6382.6,5760.3,8880.0,6067.1,2812.9,6875.6,6203.2,9475.8,6471.9,2972.5,6862.5,6185.3,9481.0,6493.1,2979.2
"2025M07",6581.5,5908.0,9315.6,6350.6,2965.0,6888.8,6204.7,9534.9,6524.2,3019.4,6879.2,6202.6,9513.0,6513.9,2986.1
"Table information:"
"Units:"
"$, Magnitude = Millions"
""
"Footnotes:"
" "
"Symbols:"
".. figure not available"
"C: Confidential"
"E: Early Estimate"
"P: Provisional"
"R: Revised"
"S: Suppressed"
""
"Status flags are not displayed"
""
"Table reference: "
"ECT001AA"
""
"Last updated:"
"13 August 2025 10:45am"
""
"Source: Statistics New Zealand"
"Contact: Information Centre"
"Telephone: 0508 525 525"
"Email:info@stats.govt.nz"
""
""
""
