"Labour Force Status by Age Group by Region Council (Qrtly-Mar/Jun/Sep/Dec)","","","","","","","","","","","","","","","","","","","","","","","","","","","","","","","","","","","","","","","","","","","","","","","","","","","","","","","","","","","","","","","","","","","","","","","","","","","","","","","","","","","","","","","","","","","","","","","",""
"","Aged 15-24 Years","","","","","","","","","","","","","","","","","","","","","","","","Aged 25-54 Years","","","","","","","","","","","","","","","","","","","","","","","","Aged 55 Years and Over","","","","","","","","","","","","","","","","","","","","","","","","Total All Ages","","","","","","","","","","","","","","","","","","","","","","",""
" ","Auckland","","","","","","","","Wellington","","","","","","","","Canterbury","","","","","","","","Auckland","","","","","","","","Wellington","","","","","","","","Canterbury","","","","","","","","Auckland","","","","","","","","Wellington","","","","","","","","Canterbury","","","","","","","","Auckland","","","","","","","","Wellington","","","","","","","","Canterbury","","","","","","",""
" ","Persons Employed in Labour Force","Persons Unemployed in Labour Force","Not in Labour Force","Working Age Population","Labour Force Participation Rate","Unemployment Rate","Employment Rate","Total Labour Force","Persons Employed in Labour Force","Persons Unemployed in Labour Force","Not in Labour Force","Working Age Population","Labour Force Participation Rate","Unemployment Rate","Employment Rate","Total Labour Force","Persons Employed in Labour Force","Persons Unemployed in Labour Force","Not in Labour Force","Working Age Population","Labour Force Participation Rate","Unemployment Rate","Employment Rate","Total Labour Force","Persons Employed in Labour Force","Persons Unemployed in Labour Force","Not in Labour Force","Working Age Population","Labour Force Participation Rate","Unemployment Rate","Employment Rate","Total Labour Force","Persons Employed in Labour Force","Persons Unemployed in Labour Force","Not in Labour Force","Working Age Population","Labour Force Participation Rate","Unemployment Rate","Employment Rate","Total Labour Force","Persons Employed in Labour Force","Persons Unemployed in Labour Force","Not in Labour Force","Working Age Population","Labour Force Participation Rate","Unemployment Rate","Employment Rate","Total Labour Force","Persons Employed in Labour Force","Persons Unemployed in Labour Force","Not in Labour Force","Working Age Population","Labour Force Participation Rate","Unemployment Rate","Employment Rate","Total Labour Force","Persons Employed in Labour Force","Persons Unemployed in Labour Force","Not in Labour Force","Working Age Population","Labour Force Participation Rate","Unemployment Rate","Employment Rate","Total Labour Force","Persons Employed in Labour Force","Persons Unemployed in Labour Force","Not in Labour Force","Working Age Population","Labour Force Participation Rate","Unemployment Rate","Employment Rate","Total Labour Force","Persons Employed in Labour Force","Persons Unemployed in Labour Force","Not in Labour Force","Working Age Population","Labour Force Participation Rate","Unemployment Rate","Employment Rate","Total Labour Force","Persons Employed in Labour Force","Persons Unemployed in Labour Force","Not in Labour Force","Working Age Population","Labour Force Participation Rate","Unemployment Rate","Employment Rate","Total Labour Force","Persons Employed in Labour Force","Persons Unemployed in Labour Force","Not in Labour Force","Working Age Population","Labour Force Participation Rate","Unemployment Rate","Employment Rate","Total Labour Force"
"2009Q3",98.4,17.7,103.1,219.2,52.9,15.2,44.9,116.0,38.3,7.7,26.4,72.4,63.5,16.7,52.9,46.0,41.6,7.2,28.9,77.7,62.8,14.8,53.5,48.9,476.6,24.1,112.2,612.8,81.7,4.8,77.8,500.6,162.8,5.8,27.4,195.9,86.0,3.4,83.1,168.6,192.0,7.4,34.0,233.4,85.4,3.7,82.3,199.4,116.1,4.2,151.6,271.9,44.3,3.5,42.7,120.3,44.2,1.1,62.1,107.4,42.2,2.5,41.2,45.4,62.7,1.8,69.8,134.3,48.1,2.8,46.7,64.5,691.0,46.0,366.9,1103.9,66.8,6.2,62.6,737.0,245.4,14.6,115.8,375.7,69.2,5.6,65.3,259.9,296.3,16.4,132.7,445.4,70.2,5.3,66.5,312.8
"2009Q4",100.9,23.7,101.8,226.4,55.0,19.0,44.5,124.6,34.7,6.6,18.6,59.9,68.9,16.0,57.9,41.3,41.6,7.6,27.6,76.8,64.1,15.4,54.2,49.2,477.0,26.7,107.7,611.4,82.4,5.3,78.0,503.7,173.9,8.6,27.1,209.5,87.1,4.7,83.0,182.4,187.3,6.4,34.0,227.8,85.1,3.3,82.3,193.8,120.2,3.6,147.1,270.8,45.7,2.9,44.4,123.7,45.0,1.1,61.4,107.5,42.9,2.4,41.9,46.1,64.2,1.2,77.3,142.7,45.8,1.8,45.0,65.4,698.1,53.9,356.6,1108.6,67.8,7.2,63.0,752.0,253.5,16.2,107.1,376.8,71.6,6.0,67.3,269.8,293.1,15.2,138.9,447.2,68.9,4.9,65.5,308.4
"2010Q1",99.6,22.5,104.4,226.5,53.9,18.4,44.0,122.1,34.0,6.1,28.2,68.2,58.7,15.2,49.8,40.1,42.3,5.8,27.5,75.5,63.6,12.0,56.0,48.1,471.9,29.9,111.6,613.4,81.8,6.0,76.9,501.8,171.3,6.6,24.4,202.4,87.9,3.7,84.7,177.9,190.6,9.8,33.3,233.7,85.8,4.9,81.6,200.4,117.7,3.6,151.9,273.2,44.4,3.0,43.1,121.3,45.4,"..",60.9,107.2,43.2,1.9,42.4,46.3,64.9,"..",73.8,139.7,47.2,1.5,46.5,65.9,689.3,56.0,367.9,1113.1,67.0,7.5,61.9,745.3,250.8,13.6,113.5,377.8,70.0,5.1,66.4,264.3,297.9,16.5,134.5,448.9,70.0,5.3,66.4,314.4
"2010Q2",95.2,25.8,106.3,227.3,53.2,21.3,41.9,121.0,36.5,5.2,26.1,67.8,61.5,12.5,53.9,41.7,43.4,6.1,33.3,82.8,59.8,12.3,52.4,49.5,470.9,29.2,110.4,610.5,81.9,5.8,77.1,500.1,170.4,6.3,27.0,203.8,86.7,3.6,83.6,176.8,188.6,6.9,35.2,230.6,84.8,3.5,81.8,195.5,119.4,5.5,153.4,278.4,44.9,4.4,42.9,124.9,46.0,1.2,59.6,106.8,44.2,2.6,43.1,47.2,65.8,1.1,69.7,136.6,49.0,1.6,48.1,66.9,685.5,60.4,370.2,1116.1,66.8,8.1,61.4,746.0,252.9,12.8,112.7,378.4,70.2,4.8,66.9,265.7,297.7,14.1,138.2,450.0,69.3,4.5,66.2,311.8
"2010Q3",96.4,22.0,105.3,223.6,52.9,18.6,43.1,118.3,35.6,3.5,27.0,66.1,59.2,9.0,53.9,39.1,43.6,6.2,28.1,77.9,63.9,12.5,56.0,49.8,478.3,23.5,112.5,614.4,81.7,4.7,77.9,501.9,171.1,7.1,25.5,203.7,87.5,4.0,84.0,178.3,189.9,6.9,33.3,230.1,85.5,3.5,82.5,196.7,119.7,4.8,157.2,281.7,44.2,3.8,42.5,124.5,47.3,1.4,60.6,109.2,44.6,2.9,43.3,48.7,65.5,1.8,74.5,141.8,47.5,2.6,46.2,67.3,694.5,50.3,375.0,1119.7,66.5,6.8,62.0,744.7,254.0,12.0,113.0,379.0,70.2,4.5,67.0,266.1,299.0,14.9,135.9,449.8,69.8,4.7,66.5,313.8
"2010Q4",98.8,22.6,105.1,226.5,53.6,18.6,43.6,121.4,38.7,5.8,20.4,64.9,68.6,13.0,59.7,44.5,47.4,6.2,25.2,78.8,68.0,11.5,60.2,53.6,475.7,25.9,116.5,618.0,81.2,5.2,77.0,501.6,172.2,6.4,24.9,203.5,87.8,3.6,84.6,178.6,188.3,8.8,32.0,229.2,86.0,4.5,82.2,197.2,121.5,3.6,155.5,280.6,44.6,2.9,43.3,125.1,50.0,1.2,60.5,111.8,45.9,2.4,44.8,51.3,63.3,2.2,75.2,140.6,46.6,3.4,45.0,65.5,696.0,52.1,377.0,1125.1,66.5,7.0,61.9,748.0,261.0,13.4,105.8,380.2,72.2,4.9,68.6,274.4,299.1,17.2,132.4,448.6,70.5,5.4,66.7,316.3
"2011Q1",108.9,21.3,100.0,230.2,56.5,16.3,47.3,130.1,37.0,8.5,26.2,71.7,63.5,18.8,51.6,45.6,32.8,6.5,26.2,65.5,60.0,16.5,50.1,39.3,476.6,27.0,109.9,613.6,82.1,5.4,77.7,503.7,162.7,7.4,27.7,197.9,86.0,4.3,82.3,170.1,196.7,7.1,30.6,234.4,86.9,3.5,83.9,203.8,122.3,5.3,158.6,286.2,44.6,4.1,42.7,127.6,51.8,1.3,58.6,111.7,47.6,2.4,46.4,53.1,66.5,1.7,79.2,147.4,46.3,2.5,45.1,68.2,707.9,53.5,368.6,1130.0,67.4,7.0,62.6,761.4,251.6,17.2,112.5,381.3,70.5,6.4,66.0,268.8,296.0,15.2,136.1,447.3,69.6,4.9,66.2,311.3
"2011Q2",96.7,20.6,105.6,222.9,52.6,17.6,43.4,117.3,40.2,5.2,27.7,73.1,62.1,11.5,55.0,45.4,36.4,7.8,33.8,78.1,56.7,17.6,46.7,44.2,490.7,25.1,106.8,622.7,82.8,4.9,78.8,515.8,165.2,6.3,27.9,199.4,86.0,3.7,82.9,171.5,180.0,6.1,37.9,223.9,83.1,3.3,80.4,186.0,122.3,4.6,160.9,287.9,44.1,3.7,42.5,126.9,49.8,1.5,58.1,109.4,46.9,2.9,45.5,51.3,69.3,2.1,72.1,143.5,49.8,2.9,48.3,71.4,709.7,50.4,373.3,1133.4,67.1,6.6,62.6,760.1,255.2,13.0,113.6,381.8,70.2,4.9,66.8,268.2,285.7,16.0,143.8,445.4,67.7,5.3,64.1,301.6
"2011Q3",99.0,18.2,104.1,221.3,53.0,15.5,44.7,117.2,43.2,6.5,27.2,76.9,64.6,13.0,56.2,49.7,34.5,4.9,35.7,75.0,52.5,12.4,45.9,39.3,495.9,26.8,105.2,627.8,83.2,5.1,79.0,522.7,161.3,6.3,28.7,196.4,85.4,3.8,82.2,167.7,178.3,7.4,34.7,220.4,84.3,4.0,80.9,185.7,126.7,3.1,157.9,287.7,45.1,2.4,44.0,129.8,49.7,"..",58.4,109.0,46.4,1.8,45.6,50.6,67.9,2.2,78.7,148.8,47.1,3.1,45.6,70.0,721.6,48.1,367.2,1136.9,67.7,6.2,63.5,769.6,254.3,13.7,114.3,382.3,70.1,5.1,66.5,268.0,280.6,14.4,149.1,444.2,66.4,4.9,63.2,295.1
"2011Q4",103.5,21.1,103.9,228.5,54.5,17.0,45.3,124.6,39.1,8.1,23.1,70.3,67.1,17.1,55.6,47.2,37.9,5.0,31.5,74.3,57.7,11.6,51.0,42.9,501.1,23.8,104.5,629.4,83.4,4.5,79.6,525.0,167.7,8.3,27.6,203.6,86.4,4.7,82.4,176.0,178.8,6.2,34.8,219.8,84.2,3.3,81.4,185.0,125.7,3.1,154.7,283.5,45.4,2.4,44.3,128.8,49.7,1.7,57.6,109.1,47.2,3.3,45.6,51.4,70.2,2.2,77.6,150.0,48.3,3.0,46.8,72.4,730.3,48.1,363.1,1141.5,68.2,6.2,64.0,778.4,256.5,18.1,108.4,383.0,71.7,6.6,67.0,274.6,286.9,13.3,143.8,444.1,67.6,4.4,64.6,300.2
"2012Q1",104.4,22.5,99.3,226.1,56.1,17.7,46.1,126.8,35.7,7.2,25.4,68.2,62.8,16.7,52.4,42.9,39.1,7.2,30.3,76.7,60.5,15.6,51.0,46.4,496.2,30.2,101.8,628.2,83.8,5.7,79.0,526.4,165.2,6.8,31.1,203.0,84.7,3.9,81.4,172.0,181.3,5.7,35.1,222.1,84.2,3.1,81.6,187.0,126.9,4.3,160.1,291.4,45.0,3.3,43.6,131.3,52.5,1.2,58.6,112.3,47.8,2.2,46.8,53.7,69.4,1.7,74.0,145.1,49.0,2.4,47.8,71.1,727.5,57.0,361.3,1145.7,68.5,7.3,63.5,784.4,253.4,15.1,115.0,383.6,70.0,5.6,66.1,268.5,289.8,14.7,139.4,443.8,68.6,4.8,65.3,304.5
"2012Q2",104.1,20.5,106.9,231.4,53.8,16.4,45.0,124.6,35.4,6.4,27.4,69.3,60.4,15.3,51.2,41.9,38.1,8.0,31.2,77.4,59.6,17.4,49.2,46.2,491.7,27.9,107.1,626.7,82.9,5.4,78.5,519.6,166.9,7.8,28.1,202.9,86.1,4.5,82.3,174.7,179.3,8.3,33.4,221.0,84.9,4.4,81.1,187.7,130.0,5.1,155.8,290.9,46.4,3.8,44.7,135.1,52.8,1.7,57.2,111.7,48.8,3.2,47.3,54.6,65.0,1.8,77.9,144.7,46.2,2.7,44.9,66.8,725.8,53.5,369.7,1149.0,67.8,6.9,63.2,779.3,255.2,16.0,112.7,383.9,70.6,5.9,66.5,271.1,282.4,18.2,142.6,443.2,67.8,6.1,63.7,300.6
"2012Q3",96.5,20.8,109.6,226.9,51.7,17.7,42.5,117.3,36.5,6.7,31.6,74.8,57.8,15.4,48.9,43.2,40.3,6.5,26.7,73.5,63.6,13.9,54.8,46.8,491.5,31.5,109.3,632.3,82.7,6.0,77.7,523.1,163.7,8.7,31.5,203.9,84.5,5.1,80.3,172.4,180.9,6.3,31.0,218.3,85.8,3.4,82.9,187.3,129.4,7.9,155.9,293.1,46.8,5.7,44.1,137.2,49.4,2.1,53.9,105.4,48.8,4.0,46.9,51.5,70.2,1.9,79.5,151.7,47.6,2.6,46.3,72.2,717.4,60.2,374.8,1152.3,67.5,7.7,62.3,777.6,249.6,17.5,117.0,384.1,69.5,6.5,65.0,267.1,291.4,14.8,137.2,443.4,69.1,4.8,65.7,306.2
"2012Q4",95.1,20.7,107.6,223.3,51.8,17.9,42.6,115.8,32.1,8.7,27.7,68.5,59.6,21.3,46.9,40.8,43.3,7.8,25.6,76.7,66.7,15.3,56.4,51.2,497.6,24.6,111.0,633.2,82.5,4.7,78.6,522.2,168.4,7.5,33.8,209.7,83.9,4.3,80.3,175.9,183.2,3.9,33.6,220.6,84.8,2.1,83.0,187.1,133.7,4.7,161.9,300.3,46.1,3.4,44.5,138.4,44.1,2.6,59.7,106.4,43.9,5.6,41.4,46.7,70.4,1.9,75.3,147.6,49.0,2.7,47.7,72.4,726.3,50.0,380.5,1156.8,67.1,6.4,62.8,776.3,244.6,18.8,121.2,384.6,68.5,7.1,63.6,263.4,297.0,13.6,134.4,445.0,69.8,4.4,66.7,310.6
"2013Q1",102.8,19.4,107.0,229.1,53.3,15.9,44.8,122.1,37.0,6.2,28.6,71.9,60.2,14.4,51.5,43.3,44.5,5.6,24.9,75.0,66.8,11.1,59.4,50.1,485.8,27.4,113.9,627.1,81.8,5.3,77.5,513.2,169.9,8.1,29.7,207.7,85.7,4.6,81.8,178.0,181.2,5.4,32.1,218.7,85.3,2.9,82.9,186.6,133.8,5.9,165.7,305.4,45.7,4.2,43.8,139.7,47.9,2.8,54.9,105.7,48.0,5.6,45.3,50.8,74.9,1.5,76.6,153.0,49.9,2.0,48.9,76.4,722.3,52.7,386.6,1161.6,66.7,6.8,62.2,775.0,254.8,17.2,113.3,385.3,70.6,6.3,66.1,272.0,300.6,12.4,133.6,446.7,70.1,4.0,67.3,313.0
"2013Q2",93.5,15.2,116.0,224.7,48.4,14.0,41.6,108.8,36.3,7.9,29.3,73.5,60.1,17.8,49.4,44.2,47.6,5.3,24.0,77.0,68.8,10.1,61.9,53.0,488.3,28.2,114.3,630.7,81.9,5.5,77.4,516.5,170.3,7.1,29.0,206.4,85.9,4.0,82.5,177.3,181.9,6.6,30.8,219.4,85.9,3.5,82.9,188.5,140.6,5.9,163.8,310.3,47.2,4.1,45.3,146.6,49.7,1.3,54.9,105.9,48.2,2.5,46.9,51.0,73.6,"..",77.6,151.8,48.9,0.8,48.5,74.2,722.5,49.3,394.0,1165.8,66.2,6.4,62.0,771.8,256.3,16.3,113.2,385.8,70.6,6.0,66.4,272.5,303.1,12.6,132.4,448.1,70.5,4.0,67.6,315.7
"2013Q3",98.6,18.4,119.5,236.4,49.5,15.7,41.7,117.0,37.7,6.3,29.8,73.8,59.6,14.3,51.1,44.0,45.8,5.3,26.2,77.3,66.1,10.3,59.2,51.1,499.5,23.3,107.8,630.5,82.9,4.5,79.2,522.8,171.1,7.1,24.1,202.3,88.1,4.0,84.6,178.2,185.1,5.3,31.8,222.2,85.7,2.8,83.3,190.4,141.2,5.2,156.6,303.0,48.3,3.6,46.6,146.4,55.1,1.9,53.8,110.8,51.4,3.4,49.7,57.0,69.5,1.6,80.4,151.5,46.9,2.2,45.9,71.1,739.2,46.9,383.9,1170.0,67.2,6.0,63.2,786.1,263.9,15.3,107.7,386.9,72.2,5.5,68.2,279.1,300.4,12.1,138.4,450.9,69.3,3.9,66.6,312.5
"2013Q4",112.3,19.1,106.8,238.2,55.2,14.6,47.1,131.5,38.9,8.4,25.3,72.6,65.1,17.7,53.6,47.3,47.6,3.7,21.3,72.5,70.7,7.2,65.6,51.3,505.1,21.2,105.6,631.9,83.3,4.0,79.9,526.3,171.8,7.2,23.9,202.9,88.2,4.0,84.7,179.0,193.8,5.4,29.6,228.8,87.1,2.7,84.7,199.2,142.2,4.9,160.1,307.2,47.9,3.3,46.3,147.1,56.1,1.7,55.0,112.9,51.2,3.0,49.7,57.8,71.4,"..",79.9,152.2,47.5,1.2,46.9,72.3,759.5,45.3,372.5,1177.3,68.4,5.6,64.5,804.8,266.8,17.3,104.2,388.3,73.2,6.1,68.7,284.1,312.8,9.9,130.8,453.5,71.2,3.1,69.0,322.7
"2014Q1",105.4,21.1,105.4,231.9,54.6,16.7,45.4,126.5,41.1,5.7,25.8,72.6,64.5,12.1,56.6,46.8,52.4,4.9,24.5,81.9,70.0,8.6,64.0,57.3,504.6,26.8,106.9,638.3,83.3,5.0,79.1,531.4,171.3,6.9,24.0,202.2,88.2,3.9,84.7,178.2,196.3,4.3,25.0,225.6,88.9,2.1,87.0,200.6,148.7,6.2,160.5,315.4,49.1,4.0,47.1,154.9,56.5,2.0,56.9,115.3,50.7,3.4,49.0,58.5,70.0,1.3,77.7,149.0,47.9,1.9,47.0,71.3,758.6,54.2,372.8,1185.6,68.6,6.7,64.0,812.8,269.0,14.5,106.6,390.1,72.7,5.1,68.9,283.5,318.7,10.5,127.2,456.4,72.1,3.2,69.8,329.2
"2014Q2",107.5,18.2,113.3,239.0,52.6,14.5,45.0,125.7,38.1,5.8,30.9,74.8,58.7,13.2,51.0,43.9,53.7,3.9,26.0,83.6,68.9,6.8,64.2,57.6,509.3,21.4,108.0,638.7,83.1,4.0,79.7,530.7,167.9,7.1,24.1,199.1,87.9,4.1,84.3,175.0,198.0,3.8,30.3,232.2,86.9,1.9,85.3,201.8,142.1,6.9,163.8,312.9,47.6,4.7,45.4,149.0,61.3,1.3,55.6,118.3,53.0,2.1,51.9,62.7,69.2,"..",71.6,141.7,49.5,1.3,48.8,70.1,758.9,46.5,385.1,1190.5,67.7,5.8,63.7,805.4,267.4,14.2,110.6,392.2,71.8,5.0,68.2,281.5,320.9,8.7,127.9,457.5,72.0,2.6,70.1,329.6
"2014Q3",109.3,17.7,112.7,239.6,53.0,13.9,45.6,127.0,35.7,5.7,30.9,72.3,57.3,13.7,49.4,41.4,51.2,3.9,24.9,80.0,68.8,7.1,63.9,55.1,510.8,24.7,103.2,638.6,83.8,4.6,80.0,535.5,168.6,6.9,24.4,199.9,87.8,3.9,84.3,175.5,199.0,5.5,27.2,231.7,88.3,2.7,85.9,204.5,146.7,4.1,165.8,316.7,47.6,2.7,46.3,150.8,61.1,2.1,59.0,122.2,51.7,3.3,50.0,63.2,71.0,"..",74.8,146.6,49.0,1.1,48.5,71.8,766.8,46.4,381.7,1194.9,68.1,5.7,64.2,813.2,265.4,14.7,114.3,394.4,71.0,5.2,67.3,280.1,321.2,10.2,126.9,458.3,72.3,3.1,70.1,331.4
"2014Q4",118.7,20.4,96.0,235.1,59.2,14.6,50.5,139.1,38.7,6.1,25.4,70.2,63.9,13.6,55.1,44.8,54.1,5.2,16.8,76.1,77.9,8.8,71.0,59.2,515.4,22.4,103.1,640.8,83.9,4.2,80.4,537.8,168.1,7.7,26.4,202.2,87.0,4.4,83.1,175.8,193.8,5.5,27.5,226.8,87.9,2.8,85.4,199.3,155.3,3.8,167.7,326.8,48.7,2.4,47.5,159.1,64.1,1.8,58.4,124.3,53.0,2.8,51.6,65.9,78.2,"..",78.9,157.8,50.0,1.0,49.5,79.0,789.5,46.5,366.8,1202.8,69.5,5.6,65.6,836.0,270.9,15.7,110.1,396.7,72.2,5.5,68.3,286.6,326.0,11.5,123.2,460.8,73.3,3.4,70.8,337.5
"2015Q1",117.2,21.2,95.8,234.2,59.1,15.3,50.0,138.4,38.4,6.6,25.9,70.9,63.4,14.6,54.2,45.0,53.9,4.7,21.2,79.8,73.4,8.0,67.5,58.6,515.3,25.7,98.9,639.9,84.5,4.8,80.5,541.0,166.9,8.0,25.3,200.2,87.4,4.6,83.4,174.9,200.9,3.8,26.7,231.4,88.5,1.8,86.8,204.7,158.4,7.7,170.8,336.9,49.3,4.7,47.0,166.1,63.5,1.6,62.9,128.1,50.9,2.5,49.6,65.2,73.3,"..",78.0,152.2,48.8,1.3,48.1,74.2,790.9,54.6,365.5,1211.0,69.8,6.5,65.3,845.5,268.8,16.2,114.1,399.2,71.4,5.7,67.3,285.1,328.1,9.4,125.9,463.4,72.8,2.8,70.8,337.5
"2015Q2",108.8,15.9,106.6,231.4,53.9,12.8,47.0,124.7,41.8,6.7,26.7,75.1,64.5,13.8,55.6,48.5,55.6,5.1,23.9,84.5,71.8,8.3,65.8,60.7,515.7,28.4,97.2,641.3,84.9,5.2,80.4,544.2,167.8,6.6,25.4,199.8,87.3,3.8,84.0,174.5,197.4,4.1,27.8,229.3,87.9,2.0,86.1,201.5,159.5,5.2,180.9,345.6,47.6,3.1,46.1,164.6,61.8,1.5,62.6,125.9,50.2,2.3,49.1,63.3,70.6,1.1,82.2,153.8,46.6,1.5,45.9,71.6,784.0,49.6,384.7,1218.2,68.4,5.9,64.4,833.5,271.4,14.8,114.7,400.9,71.4,5.2,67.7,286.2,323.6,10.2,133.9,467.7,71.4,3.1,69.2,333.8
"2015Q3",102.5,19.1,108.5,230.1,52.9,15.7,44.5,121.6,38.6,7.5,28.0,74.1,62.2,16.2,52.1,46.1,57.3,5.3,24.0,86.6,72.3,8.5,66.2,62.6,511.7,21.8,107.7,641.1,83.2,4.1,79.8,533.4,167.9,8.2,25.5,201.7,87.3,4.7,83.3,176.1,201.0,5.9,30.1,237.0,87.3,2.9,84.8,206.9,161.4,5.2,187.6,354.2,47.0,3.1,45.6,166.6,61.3,2.2,63.2,126.7,50.1,3.5,48.4,63.5,68.9,1.0,78.9,148.8,47.0,1.5,46.3,69.9,775.6,46.1,403.7,1225.4,67.1,5.6,63.3,821.7,267.8,17.9,116.7,402.4,71.0,6.3,66.5,285.7,327.2,12.3,133.0,472.4,71.8,3.6,69.3,339.4
"2015Q4",124.1,17.9,90.8,232.8,61.0,12.6,53.3,142.0,42.9,7.4,23.3,73.6,68.4,14.7,58.3,50.4,54.6,6.0,28.9,89.5,67.7,9.9,61.0,60.6,515.8,20.5,104.3,640.6,83.7,3.8,80.5,536.3,174.6,6.4,25.0,206.0,87.9,3.5,84.8,181.0,207.5,4.2,30.5,242.1,87.4,2.0,85.7,211.7,166.6,4.7,189.4,360.8,47.5,2.8,46.2,171.4,62.1,1.9,61.2,125.2,51.1,2.9,49.6,64.0,67.2,1.3,76.2,144.7,47.3,1.9,46.4,68.5,806.5,43.1,384.5,1234.1,68.8,5.1,65.4,849.7,279.7,15.7,109.5,404.8,73.0,5.3,69.1,295.3,329.3,11.4,135.6,476.3,71.5,3.4,69.1,340.7
"2016Q1",123.5,21.4,95.0,239.9,60.4,14.8,51.5,144.9,43.5,7.3,23.2,74.0,68.7,14.4,58.8,50.8,52.0,4.1,26.3,82.3,68.1,7.3,63.1,56.0,517.4,25.1,103.0,645.4,84.0,4.6,80.2,542.5,176.0,7.7,27.2,210.9,87.1,4.2,83.5,183.7,213.3,4.2,27.1,244.6,88.9,1.9,87.2,217.5,165.4,5.9,186.6,357.9,47.9,3.4,46.2,171.3,59.1,2.5,60.8,122.4,50.3,4.1,48.3,61.6,71.4,1.2,80.8,153.4,47.3,1.6,46.5,72.6,806.3,52.3,384.6,1243.2,69.1,6.1,64.9,858.6,278.6,17.5,111.2,407.3,72.7,5.9,68.4,296.1,336.6,9.4,134.2,480.3,72.1,2.7,70.1,346.1
"2016Q2",114.5,16.3,104.0,234.8,55.7,12.5,48.7,130.8,44.2,6.2,24.8,75.2,67.0,12.3,58.8,50.4,52.1,3.3,27.6,83.1,66.8,6.0,62.7,55.5,540.6,18.6,102.3,661.5,84.5,3.3,81.7,559.2,181.5,7.6,24.3,213.4,88.6,4.0,85.0,189.1,208.5,7.0,26.9,242.4,88.9,3.3,86.0,215.5,172.7,6.0,179.8,358.5,49.8,3.4,48.2,178.7,60.5,2.2,59.0,121.7,51.5,3.5,49.7,62.6,75.7,"..",82.7,159.3,48.1,1.2,47.5,76.6,827.7,40.9,386.1,1254.8,69.2,4.7,66.0,868.7,286.1,16.0,108.1,410.3,73.6,5.3,69.7,302.1,336.2,11.3,137.2,484.8,71.7,3.2,69.4,347.5
"2016Q3",120.6,18.6,102.6,241.8,57.6,13.3,49.9,139.2,44.7,5.4,25.1,75.2,66.7,10.8,59.5,50.2,50.1,5.3,30.2,85.6,64.7,9.6,58.5,55.4,546.5,21.9,96.0,664.4,85.6,3.9,82.3,568.4,179.8,6.7,23.8,210.4,88.7,3.6,85.5,186.5,211.3,6.9,25.9,244.1,89.4,3.2,86.6,218.2,168.3,6.2,181.7,356.2,49.0,3.5,47.3,174.5,61.9,1.8,62.6,126.3,50.5,2.9,49.0,63.7,77.0,1.3,79.8,158.1,49.5,1.7,48.7,78.3,835.5,46.7,380.3,1262.5,69.9,5.3,66.2,882.1,286.5,14.0,111.5,411.9,72.9,4.7,69.5,300.4,338.3,13.6,135.8,487.8,72.1,3.9,69.4,351.9
"2016Q4",134.4,18.9,87.7,241.0,63.6,12.3,55.8,153.3,42.4,8.1,22.4,73.0,69.2,16.1,58.1,50.5,58.6,6.0,25.7,90.4,71.6,9.3,64.9,64.7,551.3,22.3,87.0,660.7,86.8,3.9,83.5,573.6,185.7,8.0,20.9,214.6,90.2,4.1,86.5,193.7,215.3,5.5,27.4,248.1,89.0,2.5,86.8,220.7,176.2,5.0,187.9,369.2,49.1,2.8,47.7,181.2,62.5,1.2,62.7,126.4,50.4,1.9,49.4,63.7,72.9,1.6,78.2,152.8,48.8,2.2,47.7,74.6,861.9,46.2,362.7,1270.8,71.5,5.1,67.8,908.2,290.6,17.3,106.0,414.0,74.4,5.6,70.2,307.9,346.8,13.1,131.3,491.3,73.3,3.6,70.6,360.0
"2017Q1",124.7,20.7,93.6,239.0,60.9,14.3,52.2,145.5,41.8,6.9,23.9,72.6,67.0,14.1,57.6,48.7,57.8,6.1,28.5,92.4,69.2,9.5,62.6,63.9,564.1,20.0,94.2,678.2,86.1,3.4,83.2,584.1,189.0,6.7,22.3,218.1,89.8,3.4,86.7,195.7,203.3,6.8,27.7,237.8,88.3,3.3,85.5,210.1,173.0,4.3,184.8,362.2,49.0,2.4,47.8,177.4,61.1,2.0,62.4,125.5,50.3,3.1,48.7,63.1,82.6,1.4,80.7,164.8,51.0,1.7,50.1,84.0,861.9,45.1,372.6,1279.5,70.9,5.0,67.4,906.9,291.9,15.6,108.7,416.2,73.9,5.1,70.1,307.4,343.6,14.3,137.0,495.0,72.3,4.0,69.4,358.0
"2017Q2",112.9,16.0,103.7,232.5,55.4,12.4,48.6,128.9,45.1,7.0,24.1,76.2,68.4,13.5,59.1,52.1,49.0,6.8,30.2,86.0,64.9,12.2,56.9,55.8,567.0,19.8,100.4,687.2,85.4,3.4,82.5,586.8,188.9,6.5,20.3,215.7,90.6,3.3,87.6,195.3,210.5,4.9,27.6,243.1,88.6,2.3,86.6,215.4,178.2,4.6,184.2,366.9,49.8,2.5,48.6,182.8,64.2,1.9,59.6,125.7,52.6,2.8,51.1,66.1,80.7,1.7,85.3,167.7,49.2,2.0,48.2,82.4,858.1,40.3,388.2,1286.6,69.8,4.5,66.7,898.4,298.2,15.4,104.1,417.6,75.1,4.9,71.4,313.6,340.2,13.5,143.1,496.7,71.2,3.8,68.5,353.7
"2017Q3",118.8,18.1,102.9,239.8,57.1,13.2,49.6,136.9,42.4,6.2,25.0,73.7,66.0,12.8,57.6,48.6,50.8,4.6,30.3,85.8,64.7,8.3,59.3,55.5,578.8,18.9,90.2,687.9,86.9,3.2,84.1,597.7,186.5,6.8,21.9,215.3,89.8,3.5,86.6,193.4,209.0,6.5,26.3,241.8,89.1,3.0,86.4,215.4,178.9,4.9,181.4,365.2,50.3,2.7,49.0,183.9,67.1,1.3,61.4,129.8,52.7,1.9,51.7,68.4,83.1,1.7,85.5,170.3,49.8,2.0,48.8,84.8,876.5,41.9,374.5,1292.9,71.0,4.6,67.8,918.4,296.1,14.4,108.3,418.8,74.1,4.6,70.7,310.4,343.0,12.7,142.2,497.9,71.4,3.6,68.9,355.7
"2017Q4",128.6,16.6,97.7,242.9,59.8,11.5,52.9,145.2,45.6,4.8,25.0,75.3,66.9,9.6,60.5,50.4,54.2,6.9,27.5,88.6,69.0,11.3,61.2,61.1,576.8,17.4,94.0,688.1,86.3,2.9,83.8,594.2,191.6,6.3,20.4,218.4,90.6,3.2,87.7,198.0,210.4,6.5,27.7,244.5,88.7,3.0,86.0,216.8,183.9,4.1,181.2,369.2,50.9,2.2,49.8,188.0,67.0,"..",58.9,126.6,53.5,1.1,52.9,67.7,83.7,1.0,82.4,167.2,50.7,1.2,50.1,84.8,889.3,38.1,372.8,1300.2,71.3,4.1,68.4,927.4,304.2,11.9,104.3,420.4,75.2,3.8,72.4,316.1,348.3,14.4,137.6,500.3,72.5,4.0,69.6,362.7
"2018Q1",122.0,17.6,95.2,234.9,59.5,12.6,52.0,139.6,45.7,6.3,26.2,78.2,66.5,12.1,58.4,52.0,49.8,5.8,27.7,83.2,66.8,10.4,59.8,55.5,582.2,19.8,92.1,694.2,86.7,3.3,83.9,602.0,185.4,7.0,23.5,215.8,89.1,3.6,85.9,192.3,217.2,5.6,25.3,248.2,89.8,2.5,87.5,222.9,186.6,4.1,188.3,379.0,50.3,2.2,49.2,190.7,66.5,1.7,59.9,128.1,53.2,2.5,51.9,68.2,85.8,1.6,84.2,171.7,50.9,1.8,50.0,87.4,890.9,41.6,375.6,1308.1,71.3,4.5,68.1,932.4,297.6,14.9,109.6,422.1,74.0,4.8,70.5,312.5,352.9,13.0,137.2,503.0,72.7,3.6,70.1,365.8
"2018Q2",121.9,16.4,108.9,247.2,55.9,11.8,49.3,138.2,43.5,5.8,28.2,77.5,63.6,11.8,56.1,49.3,42.4,6.2,25.7,74.3,65.4,12.7,57.1,48.6,582.8,17.8,89.2,689.8,87.1,3.0,84.5,600.6,189.2,7.3,24.6,221.2,88.9,3.7,85.6,196.6,214.6,6.5,28.9,250.0,88.4,2.9,85.8,221.1,187.8,5.0,185.5,378.3,51.0,2.6,49.6,192.8,63.2,1.4,61.6,126.2,51.2,2.1,50.1,64.5,87.3,1.6,92.4,181.3,49.0,1.8,48.2,88.9,892.5,39.1,383.7,1315.3,70.8,4.2,67.9,931.6,295.9,14.6,114.4,424.9,73.1,4.7,69.6,310.5,344.3,14.2,147.0,505.6,70.9,4.0,68.1,358.6
"2018Q3",123.7,12.7,101.8,238.2,57.3,9.3,51.9,136.4,42.5,5.8,25.9,74.2,65.1,12.1,57.3,48.3,47.2,3.9,31.5,82.6,61.8,7.6,57.1,51.1,588.4,18.0,88.4,694.8,87.3,3.0,84.7,606.4,194.0,6.6,24.2,224.8,89.2,3.3,86.3,200.6,208.6,5.9,30.0,244.5,87.7,2.8,85.3,214.5,195.4,3.9,189.3,388.6,51.3,2.0,50.3,199.3,64.8,1.5,61.4,127.7,51.9,2.3,50.7,66.3,84.2,2.4,91.5,178.1,48.6,2.8,47.3,86.6,907.6,34.6,379.5,1321.7,71.3,3.7,68.7,942.2,301.2,13.9,111.5,426.7,73.9,4.4,70.6,315.1,339.9,12.2,153.1,505.2,69.7,3.5,67.3,352.2
"2018Q4",123.7,19.8,88.3,231.8,61.9,13.8,53.3,143.5,43.4,7.0,23.6,74.0,68.1,13.9,58.6,50.4,51.1,6.1,26.1,83.4,68.7,10.6,61.4,57.2,586.1,16.7,98.7,701.4,85.9,2.8,83.5,602.7,195.6,4.7,25.5,225.8,88.7,2.4,86.6,200.3,209.1,5.9,28.8,243.8,88.2,2.7,85.8,215.0,190.2,4.0,199.5,393.7,49.3,2.1,48.3,194.2,62.0,2.3,63.8,128.1,50.2,3.5,48.4,64.3,84.3,1.4,94.5,180.1,47.6,1.6,46.8,85.7,899.9,40.5,386.5,1327.0,70.9,4.3,67.8,940.4,301.0,14.0,112.9,427.9,73.6,4.4,70.3,315.0,344.5,13.4,149.4,507.3,70.6,3.7,67.9,357.9
"2019Q1",125.7,18.4,90.6,234.7,61.4,12.7,53.6,144.0,45.6,5.5,21.9,72.9,70.0,10.7,62.5,51.0,42.5,5.7,30.2,78.4,61.5,11.9,54.2,48.2,592.7,20.2,94.3,707.2,86.7,3.3,83.8,612.9,202.1,4.2,23.4,229.6,89.8,2.0,88.0,206.3,208.8,6.0,27.5,242.3,88.7,2.8,86.2,214.8,192.4,3.6,194.7,390.8,50.2,1.8,49.2,196.0,61.6,2.2,63.0,126.7,50.3,3.4,48.6,63.8,86.5,2.2,100.0,188.7,47.0,2.5,45.8,88.7,910.8,42.2,379.7,1332.6,71.5,4.4,68.3,953.0,309.2,11.8,108.2,429.3,74.8,3.7,72.0,321.0,337.8,13.9,157.7,509.5,69.1,4.0,66.3,351.8
"2019Q2",127.3,14.5,95.5,237.3,59.8,10.3,53.6,141.8,43.4,4.4,25.2,73.0,65.5,9.2,59.4,47.8,48.1,6.0,29.2,83.3,64.9,11.1,57.7,54.1,588.7,19.2,94.9,702.8,86.5,3.2,83.8,607.8,201.2,4.4,22.9,228.5,90.0,2.2,88.0,205.6,212.5,5.4,27.3,245.2,88.9,2.5,86.7,217.9,194.5,6.2,196.7,397.4,50.5,3.1,48.9,200.7,59.8,2.0,67.1,128.8,47.9,3.2,46.4,61.7,82.9,1.2,98.7,182.8,46.0,1.4,45.4,84.1,910.4,39.9,387.1,1337.4,71.1,4.2,68.1,950.3,304.3,10.8,115.2,430.3,73.2,3.4,70.7,315.1,343.6,12.5,155.2,511.3,69.6,3.5,67.2,356.1
"2019Q3",119.3,16.2,102.1,237.6,57.0,11.9,50.2,135.4,41.8,2.5,21.7,66.0,67.1,5.7,63.3,44.3,48.9,5.2,30.8,84.9,63.7,9.6,57.6,54.1,588.5,18.7,93.8,701.1,86.6,3.1,83.9,607.3,206.7,4.8,23.0,234.5,90.2,2.3,88.1,211.5,211.5,6.4,28.9,246.7,88.3,2.9,85.7,217.9,198.1,4.4,201.2,403.7,50.2,2.2,49.1,202.5,63.6,1.8,65.5,130.9,50.0,2.8,48.6,65.4,85.4,1.5,94.9,181.8,47.8,1.7,47.0,86.9,906.0,39.2,397.2,1342.4,70.4,4.2,67.5,945.2,312.1,9.2,110.1,431.4,74.5,2.9,72.3,321.3,345.8,13.0,154.6,513.4,69.9,3.6,67.4,358.8
"2019Q4",125.8,17.6,97.3,240.7,59.6,12.3,52.3,143.4,44.7,4.6,18.8,68.1,72.3,9.3,65.6,49.2,48.0,6.5,26.9,81.5,66.9,12.0,58.9,54.5,589.1,17.4,97.7,704.2,86.1,2.9,83.6,606.5,207.5,5.4,23.7,236.6,90.0,2.6,87.7,212.9,213.6,4.7,30.3,248.6,87.8,2.1,85.9,218.3,200.6,4.2,200.3,405.1,50.5,2.0,49.5,204.7,61.2,2.8,64.7,128.7,49.7,4.3,47.6,64.0,85.3,1.9,99.4,186.7,46.7,2.2,45.7,87.3,915.5,39.1,395.4,1350.0,70.7,4.1,67.8,954.6,313.3,12.8,107.2,433.3,75.3,3.9,72.3,326.1,347.0,13.1,156.7,516.8,69.7,3.6,67.1,360.1
"2020Q1",127.1,19.2,89.0,235.3,62.2,13.1,54.0,146.3,42.3,5.6,20.6,68.6,69.9,11.6,61.8,47.9,54.1,7.4,22.4,83.9,73.3,12.0,64.5,61.4,593.2,22.9,98.5,714.5,86.2,3.7,83.0,616.1,197.9,5.8,25.4,229.1,88.9,2.8,86.4,203.7,217.2,5.3,31.3,253.7,87.7,2.4,85.6,222.4,200.5,4.4,205.0,409.9,50.0,2.2,48.9,204.9,64.0,2.9,71.3,138.3,48.4,4.4,46.3,67.0,81.8,1.9,99.7,183.4,45.6,2.2,44.6,83.6,920.7,46.5,392.5,1359.8,71.1,4.8,67.7,967.3,304.3,14.3,117.3,435.9,73.1,4.5,69.8,318.6,353.0,14.5,153.4,520.9,70.5,4.0,67.8,367.5
"2020Q2",115.9,13.0,105.6,234.5,55.0,10.1,49.4,128.9,41.1,5.6,21.5,68.2,68.5,11.9,60.3,46.7,47.6,4.9,30.8,83.2,63.1,9.3,57.2,52.5,596.9,20.4,98.4,715.7,86.2,3.3,83.4,617.3,204.2,5.7,23.6,233.5,89.9,2.7,87.5,209.9,216.2,6.7,31.6,254.5,87.6,3.0,85.0,222.9,199.0,4.2,212.4,415.7,48.9,2.1,47.9,203.2,62.3,1.8,71.6,135.7,47.3,2.8,45.9,64.1,86.0,2.2,97.7,186.0,47.5,2.5,46.3,88.2,911.7,37.6,416.5,1365.8,69.5,4.0,66.8,949.4,307.6,13.0,116.7,437.3,73.3,4.1,70.3,320.7,349.8,13.8,160.1,523.7,69.4,3.8,66.8,363.6
"2020Q3",110.5,15.8,102.8,229.1,55.1,12.5,48.2,126.3,41.6,5.8,22.9,70.3,67.5,12.3,59.2,47.4,47.8,8.5,31.0,87.3,64.5,15.1,54.8,56.3,589.5,29.8,102.2,721.6,85.8,4.8,81.7,619.4,198.0,8.1,22.8,228.8,90.0,3.9,86.5,206.1,220.0,5.4,29.2,254.6,88.5,2.4,86.4,225.4,192.5,7.8,215.0,415.3,48.2,3.9,46.4,200.3,65.0,1.7,71.5,138.2,48.3,2.5,47.1,66.7,84.1,2.7,96.2,183.0,47.5,3.1,46.0,86.8,892.5,53.4,420.0,1366.0,69.3,5.6,65.3,946.0,304.6,15.6,117.2,437.4,73.2,4.9,69.6,320.2,352.0,16.6,156.3,524.9,70.2,4.5,67.1,368.6
"2020Q4",117.5,20.3,91.5,229.3,60.1,14.7,51.2,137.9,37.7,5.7,21.8,65.2,66.6,13.2,57.8,43.4,47.4,7.4,29.6,84.3,64.9,13.4,56.2,54.7,596.5,24.9,105.2,726.7,85.5,4.0,82.1,621.4,199.4,6.9,21.2,227.6,90.7,3.4,87.6,206.3,216.7,6.7,29.1,252.6,88.5,3.0,85.8,223.4,194.1,5.8,208.9,408.8,48.9,2.9,47.5,199.9,69.1,2.2,73.4,144.7,49.3,3.1,47.8,71.3,92.8,2.0,94.7,189.5,50.0,2.1,49.0,94.8,908.1,51.0,405.7,1364.8,70.3,5.3,66.5,959.1,306.2,14.9,116.4,437.5,73.4,4.6,70.0,321.1,356.9,16.1,153.5,526.4,70.8,4.3,67.8,372.9
"2021Q1",122.9,20.2,87.7,230.8,62.0,14.1,53.3,143.1,41.1,7.0,21.3,69.4,69.3,14.5,59.3,48.1,48.5,7.5,27.2,83.1,67.3,13.3,58.4,56.0,599.2,26.2,102.0,727.4,86.0,4.2,82.4,625.4,198.3,6.1,20.3,224.7,91.0,3.0,88.3,204.5,222.7,7.7,28.6,259.1,88.9,3.4,86.0,230.4,192.9,5.2,206.9,404.9,48.9,2.6,47.6,198.1,68.0,1.6,73.7,143.3,48.6,2.4,47.5,69.6,89.7,1.8,94.0,185.5,49.3,1.9,48.3,91.4,915.0,51.5,396.5,1363.0,70.9,5.3,67.1,966.5,307.5,14.8,115.2,437.4,73.7,4.6,70.3,322.2,360.9,17.0,149.8,527.7,71.6,4.5,68.4,377.9
"2021Q2",125.5,14.8,93.9,234.2,59.9,10.5,53.6,140.3,44.5,5.7,19.6,69.8,71.9,11.4,63.8,50.2,45.1,5.1,28.6,78.7,63.7,10.2,57.2,50.2,613.8,20.4,101.9,736.1,86.2,3.2,83.4,634.2,197.7,5.2,21.4,224.2,90.5,2.6,88.1,202.8,225.7,7.4,32.4,265.4,87.8,3.2,85.0,233.0,189.4,4.1,197.0,390.5,49.5,2.1,48.5,193.5,69.7,2.1,71.4,143.1,50.1,2.9,48.7,71.7,87.1,2.0,95.5,184.6,48.3,2.3,47.2,89.1,928.7,39.4,392.8,1360.9,71.1,4.1,68.2,968.1,311.9,13.0,112.4,437.2,74.3,4.0,71.3,324.8,357.8,14.5,156.5,528.8,70.4,3.9,67.7,372.3
"2021Q3",121.8,12.0,88.7,222.5,60.1,9.0,54.8,133.8,45.9,3.6,23.5,73.0,67.8,7.3,62.9,49.5,48.8,5.6,31.3,85.8,63.5,10.3,56.9,54.4,627.3,16.0,96.7,740.0,86.9,2.5,84.8,643.2,192.9,4.7,20.7,218.3,90.5,2.4,88.4,197.6,228.2,6.1,29.7,264.0,88.7,2.6,86.4,234.2,202.4,2.8,191.3,396.5,51.7,1.3,51.0,205.1,72.9,"..",71.6,145.5,50.8,1.3,50.1,73.9,89.8,1.4,89.1,180.3,50.6,1.5,49.8,91.2,951.5,30.7,376.8,1359.0,72.3,3.1,70.0,982.2,311.7,9.2,115.8,436.8,73.5,2.9,71.4,320.9,366.8,13.0,150.1,530.0,71.7,3.4,69.2,379.8
"2021Q4",118.4,10.6,82.9,211.9,60.9,8.2,55.9,129.0,51.4,3.7,23.9,78.9,69.7,6.6,65.1,55.0,55.0,5.1,27.5,87.6,68.6,8.5,62.8,60.1,620.2,15.8,86.9,722.9,88.0,2.5,85.8,636.0,196.8,4.4,21.2,222.4,90.5,2.2,88.5,201.2,234.0,5.7,30.0,269.7,88.9,2.4,86.8,239.7,209.5,2.8,210.2,422.5,50.3,1.3,49.6,212.4,67.5,1.2,66.1,134.8,51.0,1.8,50.1,68.7,85.1,1.6,87.2,174.0,49.9,1.9,48.9,86.7,948.2,29.2,380.0,1357.4,72.0,3.0,69.9,977.3,315.6,9.3,111.2,436.1,74.5,2.9,72.4,324.9,374.1,12.4,144.8,531.3,72.7,3.2,70.4,386.4
"2022Q1",119.7,17.2,82.1,219.0,62.5,12.6,54.7,136.9,54.8,5.2,20.0,80.0,75.0,8.6,68.5,60.0,51.3,4.8,27.7,83.8,66.9,8.6,61.2,56.1,616.1,15.9,94.0,726.0,87.1,2.5,84.9,632.0,194.0,3.1,20.7,217.7,90.5,1.6,89.1,197.1,237.9,5.8,29.4,273.0,89.2,2.4,87.1,243.6,202.6,2.3,205.4,410.4,49.9,1.1,49.4,204.9,71.8,1.5,64.1,137.5,53.3,2.1,52.2,73.3,87.1,2.1,86.3,175.6,50.8,2.3,49.6,89.2,938.4,35.4,381.5,1355.3,71.9,3.6,69.2,973.8,320.6,9.7,104.9,435.2,75.9,2.9,73.7,330.4,376.3,12.7,143.4,532.4,73.1,3.3,70.7,388.9
"2022Q2",127.9,12.6,90.4,230.9,60.8,9.0,55.4,140.5,47.3,3.0,25.2,75.5,66.6,5.9,62.6,50.2,50.0,3.9,30.4,84.3,63.9,7.2,59.3,53.9,615.4,17.5,91.5,724.4,87.4,2.8,84.9,632.9,192.5,4.7,19.7,216.9,90.9,2.4,88.8,197.2,238.6,7.0,33.8,279.4,87.9,2.8,85.4,245.5,201.7,2.9,193.6,398.2,51.4,1.4,50.6,204.6,71.8,1.1,69.2,142.1,51.3,1.5,50.5,72.9,78.5,2.4,88.9,169.9,47.7,3.0,46.2,81.0,944.9,33.0,375.6,1353.5,72.3,3.4,69.8,978.0,311.5,8.8,114.2,434.5,73.7,2.7,71.7,320.3,367.1,13.3,153.2,533.6,71.3,3.5,68.8,380.4
"2022Q3",134.7,13.9,83.0,231.6,64.2,9.4,58.2,148.6,48.2,3.2,19.7,71.2,72.3,6.3,67.7,51.4,54.7,5.1,25.7,85.6,69.9,8.5,64.0,59.8,623.0,15.8,88.5,727.3,87.8,2.5,85.7,638.8,196.2,5.0,21.1,222.2,90.5,2.5,88.3,201.1,242.1,5.2,30.2,277.5,89.1,2.1,87.2,247.3,205.3,3.2,189.7,398.2,52.4,1.5,51.6,208.5,75.9,1.3,63.6,140.8,54.8,1.7,53.9,77.2,83.2,1.2,87.9,172.3,49.0,1.4,48.3,84.4,963.0,32.9,361.2,1357.2,73.4,3.3,71.0,995.9,320.2,9.5,104.4,434.2,75.9,2.9,73.8,329.8,380.0,11.5,143.8,535.3,73.1,2.9,71.0,391.5
"2022Q4",139.5,16.8,78.1,234.5,66.7,10.8,59.5,156.3,49.3,4.7,21.3,75.2,71.7,8.7,65.5,54.0,52.2,5.3,22.6,80.1,71.8,9.2,65.2,57.5,634.6,13.6,84.5,732.7,88.5,2.1,86.6,648.2,201.0,3.4,22.6,227.0,90.0,1.6,88.6,204.4,245.6,5.6,28.6,279.8,89.8,2.2,87.8,251.3,204.4,4.7,191.5,400.7,52.2,2.3,51.0,209.1,71.2,1.1,60.5,132.8,54.4,1.5,53.6,72.3,86.9,1.3,90.2,178.4,49.4,1.5,48.7,88.2,978.5,35.2,354.2,1367.9,74.1,3.5,71.5,1013.7,321.5,9.1,104.3,435.0,76.0,2.8,73.9,330.6,384.8,12.2,141.3,538.3,73.7,3.1,71.5,397.0
"2023Q1",136.1,13.0,73.9,223.1,66.9,8.7,61.0,149.2,57.5,6.5,17.5,81.5,78.5,10.2,70.5,64.0,56.1,6.0,24.7,86.8,71.6,9.7,64.6,62.1,649.4,17.1,86.1,752.5,88.6,2.6,86.3,666.4,199.1,3.9,20.5,223.5,90.8,1.9,89.1,203.0,248.0,5.3,28.3,281.6,90.0,2.1,88.1,253.3,208.9,4.8,194.2,407.9,52.4,2.2,51.2,213.7,69.0,1.3,62.0,132.3,53.1,1.9,52.1,70.3,85.5,2.0,87.2,174.8,50.1,2.3,48.9,87.6,994.4,34.8,354.2,1383.5,74.4,3.4,71.9,1029.3,325.5,11.7,100.1,437.3,77.1,3.5,74.4,337.2,389.6,13.4,140.2,543.2,74.2,3.3,71.7,403.0
"2023Q2",129.8,13.1,79.2,222.1,64.4,9.2,58.5,142.9,54.1,4.3,20.5,79.0,74.0,7.4,68.5,58.5,54.2,4.2,29.8,88.3,66.2,7.2,61.4,58.5,672.7,19.8,88.6,781.1,88.7,2.9,86.1,692.5,196.8,3.9,19.3,220.0,91.2,2.0,89.4,200.7,247.1,5.5,31.1,283.6,89.0,2.2,87.1,252.6,204.4,4.8,188.1,397.3,52.6,2.3,51.4,209.2,73.0,"..",67.0,141.0,52.5,1.3,51.8,74.0,84.6,1.5,90.5,176.7,48.8,1.8,47.9,86.2,1006.9,37.7,355.9,1400.5,74.6,3.6,71.9,1044.6,323.9,9.3,106.9,440.0,75.7,2.8,73.6,333.2,385.9,11.3,151.4,548.6,72.4,2.8,70.3,397.2
"2023Q3",121.2,15.4,90.0,226.7,60.3,11.3,53.5,136.7,51.5,4.2,22.4,78.1,71.4,7.5,66.0,55.7,52.8,7.8,29.4,90.0,67.4,12.9,58.7,60.6,682.8,20.6,89.0,792.4,88.8,2.9,86.2,703.4,198.8,3.7,21.0,223.5,90.6,1.8,88.9,202.4,246.1,5.9,29.2,281.2,89.6,2.3,87.5,252.0,201.8,5.7,188.8,396.3,52.4,2.7,50.9,207.5,73.1,1.7,66.1,140.9,53.1,2.2,51.9,74.8,86.2,2.3,93.6,182.0,48.6,2.5,47.3,88.4,1005.8,41.7,367.8,1415.4,74.0,4.0,71.1,1047.6,323.4,9.5,109.5,442.5,75.2,2.9,73.1,333.0,385.1,15.9,152.2,553.2,72.5,4.0,69.6,401.0
"2023Q4",132.1,17.8,82.0,231.9,64.6,11.9,57.0,149.9,50.1,5.8,22.8,78.7,71.0,10.3,63.7,55.9,54.9,7.4,28.0,90.3,69.0,11.9,60.8,62.3,680.0,20.7,91.7,792.4,88.4,3.0,85.8,700.7,201.4,4.2,18.1,223.8,91.9,2.1,90.0,205.7,245.5,6.6,30.1,282.2,89.3,2.6,87.0,252.1,207.1,6.2,189.8,403.1,52.9,2.9,51.4,213.3,73.9,1.1,66.9,141.9,52.9,1.5,52.1,75.1,91.0,"..",92.4,184.2,49.8,0.9,49.4,91.8,1019.2,44.7,363.5,1427.4,74.5,4.2,71.4,1063.9,325.5,11.1,107.8,444.4,75.7,3.3,73.2,336.6,391.4,14.8,150.5,556.7,73.0,3.6,70.3,406.2
"2024Q1",122.9,22.8,88.1,233.7,62.3,15.6,52.6,145.7,45.5,8.8,24.0,78.3,69.3,16.2,58.1,54.3,53.9,10.0,27.3,91.2,70.1,15.7,59.0,63.9,683.4,22.4,95.4,801.2,88.1,3.2,85.3,705.8,199.2,5.0,19.0,223.2,91.5,2.4,89.2,204.2,243.0,6.9,29.5,279.4,89.5,2.8,87.0,250.0,199.4,5.6,196.7,401.7,51.0,2.7,49.6,205.0,72.7,1.8,69.5,144.0,51.8,2.4,50.5,74.5,93.0,1.9,93.5,188.5,50.4,2.0,49.3,94.9,1005.7,50.8,380.2,1436.7,73.5,4.8,70.0,1056.5,317.4,15.6,112.5,445.4,74.7,4.7,71.3,333.0,389.9,18.9,150.3,559.1,73.1,4.6,69.7,408.8
"2024Q2",119.6,18.7,92.9,231.3,59.8,13.5,51.7,138.4,43.4,7.2,23.2,73.9,68.5,14.3,58.7,50.6,52.0,7.9,33.3,93.2,64.3,13.3,55.8,59.9,681.8,23.0,95.2,800.0,88.1,3.3,85.2,704.8,205.6,5.4,19.6,230.6,91.5,2.6,89.2,211.0,237.7,6.6,29.7,274.0,89.2,2.7,86.7,244.3,206.6,7.0,198.4,412.0,51.8,3.3,50.1,213.5,71.6,1.7,67.9,141.2,51.9,2.3,50.7,73.2,93.6,2.2,97.5,193.3,49.5,2.3,48.4,95.7,1008.0,48.7,386.6,1443.3,73.2,4.6,69.8,1056.7,320.6,14.3,110.7,445.7,75.1,4.3,71.9,334.9,383.2,16.7,160.5,560.5,71.4,4.2,68.4,400.0
"2024Q3",111.4,20.1,96.0,227.5,57.8,15.3,49.0,131.6,45.6,6.2,24.8,76.6,67.6,11.9,59.5,51.8,49.9,6.8,33.2,89.9,63.1,12.0,55.5,56.7,675.2,27.0,96.7,798.9,87.9,3.8,84.5,702.2,203.0,6.2,17.6,226.8,92.2,3.0,89.5,209.2,245.0,10.2,29.6,284.8,89.6,4.0,86.0,255.2,210.3,7.5,204.4,422.3,51.6,3.5,49.8,217.9,68.4,1.7,72.1,142.1,49.3,2.4,48.1,70.0,90.2,2.2,94.3,186.7,49.5,2.4,48.3,92.4,997.0,54.6,397.1,1448.7,72.6,5.2,68.8,1051.6,316.9,14.0,114.6,445.5,74.3,4.2,71.1,330.9,385.1,19.3,157.1,561.4,72.0,4.8,68.6,404.3
"2024Q4",117.3,22.8,93.0,233.0,60.1,16.3,50.3,140.1,49.0,7.0,19.1,75.1,74.6,12.5,65.2,56.0,52.8,9.8,30.0,92.5,67.6,15.6,57.0,62.5,665.4,28.8,96.6,790.8,87.8,4.1,84.1,694.2,196.5,7.1,20.1,223.7,91.0,3.5,87.8,203.7,252.6,7.7,29.6,289.8,89.8,2.9,87.2,260.2,215.0,4.9,211.7,431.7,51.0,2.2,49.8,219.9,72.6,2.3,72.0,146.9,51.0,3.1,49.4,74.9,87.1,2.0,91.3,180.5,49.4,2.3,48.3,89.1,997.7,56.5,401.3,1455.5,72.4,5.4,68.5,1054.2,318.1,16.5,111.2,445.7,75.1,4.9,71.4,334.5,392.4,19.4,150.9,562.8,73.2,4.7,69.7,411.9
"2025Q1",120.1,26.1,96.5,242.6,60.2,17.8,49.5,146.1,47.0,8.4,21.1,76.5,72.4,15.1,61.4,55.4,50.1,10.3,27.0,87.4,69.1,17.0,57.3,60.4,663.6,34.8,97.8,796.2,87.7,5.0,83.3,698.4,199.6,7.8,22.1,229.4,90.4,3.7,87.0,207.3,248.9,8.3,28.3,285.5,90.1,3.2,87.2,257.2,210.4,7.7,206.2,424.3,51.4,3.5,49.6,218.0,68.8,1.0,70.5,140.3,49.8,1.5,49.1,69.8,91.9,1.5,98.2,191.6,48.8,1.6,48.0,93.4,994.0,68.5,400.5,1463.1,72.6,6.5,67.9,1062.6,315.4,17.1,113.7,446.2,74.5,5.2,70.7,332.6,390.9,20.1,153.5,564.5,72.8,4.9,69.2,411.0
"2025Q2",113.0,24.2,106.2,243.4,56.4,17.6,46.4,137.2,53.6,5.3,21.7,80.6,73.1,9.0,66.5,58.9,48.5,9.6,32.7,90.8,64.0,16.5,53.4,58.1,658.9,33.2,108.1,800.2,86.5,4.8,82.3,692.1,196.1,7.1,21.0,224.2,90.6,3.5,87.5,203.2,246.0,8.0,28.3,282.3,90.0,3.1,87.1,254.0,213.0,6.3,207.0,426.2,51.4,2.9,50.0,219.3,71.3,1.9,68.6,141.7,51.6,2.5,50.3,73.2,92.4,2.6,97.9,192.8,49.2,2.7,47.9,94.9,984.9,63.7,421.3,1469.9,71.3,6.1,67.0,1048.6,321.0,14.2,111.3,446.5,75.1,4.2,71.9,335.2,386.9,20.2,158.8,565.9,71.9,5.0,68.4,407.1
"Table information:"
"Units:"
"Persons Employed in Labour Force: Number, Magnitude = Thousands"
"Persons Unemployed in Labour Force: Number, Magnitude = Thousands"
"Not in Labour Force: Number, Magnitude = Thousands"
"Working Age Population: Number, Magnitude = Thousands"
"Labour Force Participation Rate: Percent, Magnitude = Units"
"Unemployment Rate: Percent, Magnitude = Units"
"Employment Rate: Percent, Magnitude = Units"
"Total Labour Force: Number, Magnitude = Thousands"
""
"Footnotes:"
" "
"Symbols:"
".. figure not available"
"C: Confidential"
"E: Early Estimate"
"P: Provisional"
"R: Revised"
"S: Suppressed"
""
"Status flags are not displayed"
""
"Table reference: "
"HLF205AA"
""
"Last updated:"
"Persons Employed in Labour Force: 06 August 2025 10:45am"
"Persons Unemployed in Labour Force: 06 August 2025 10:45am"
"Not in Labour Force: 06 August 2025 10:45am"
"Working Age Population: 06 August 2025 10:45am"
"Labour Force Participation Rate: 06 August 2025 10:45am"
"Unemployment Rate: 06 August 2025 10:45am"
"Employment Rate: 06 August 2025 10:45am"
"Total Labour Force: 06 August 2025 10:45am"
""
"Source: Statistics New Zealand"
"Contact: Information Centre"
"Telephone: 0508 525 525"
"Email:info@stats.govt.nz"
""
""
""
