"Labour Force Status by Sex by Total Resp Ethnic Group (Qrtly-Mar/Jun/Sep/Dec)","","","","","","","","","","","","","","","","","","","","","","","","","","","","","","","","","","","","","","","","","","","","","","","","","","","","","","","","","","","","","","","","","","","","","","","","","","","","","","","","","","","","","","","","","","","","","","","","","","","","","","","","","","","","","","","","","","","","","","","","","","","","","","","","","","","","","","","","","","","","","","","","","","","","","","","","","","","","","","","","","","","","","","","","","","","","","","","","","","","","","","","","","","","","","","","",""
"","Male","","","","","","","","","","","","","","","","","","","","","","","","","","","","","","","","","","","","","","","","","","","","","","","","","","","","","","","","","","","","","","","","Female","","","","","","","","","","","","","","","","","","","","","","","","","","","","","","","","","","","","","","","","","","","","","","","","","","","","","","","","","","","","","","","","Total Both Sexes","","","","","","","","","","","","","","","","","","","","","","","","","","","","","","","","","","","","","","","","","","","","","","","","","","","","","","","","","","","","","","",""
" ","European","","","","","","","","Maori","","","","","","","","Pacific Peoples","","","","","","","","Asian","","","","","","","","MELAA","","","","","","","","Other Ethnicity","","","","","","","","Residual Categories","","","","","","","","Total All Ethnic Groups","","","","","","","","European","","","","","","","","Maori","","","","","","","","Pacific Peoples","","","","","","","","Asian","","","","","","","","MELAA","","","","","","","","Other Ethnicity","","","","","","","","Residual Categories","","","","","","","","Total All Ethnic Groups","","","","","","","","European","","","","","","","","Maori","","","","","","","","Pacific Peoples","","","","","","","","Asian","","","","","","","","MELAA","","","","","","","","Other Ethnicity","","","","","","","","Residual Categories","","","","","","","","Total All Ethnic Groups","","","","","","",""
" ","Persons Employed in Labour Force","Persons Unemployed in Labour Force","Not in Labour Force","Working Age Population","Labour Force Participation Rate","Unemployment Rate","Employment Rate","Total Labour Force","Persons Employed in Labour Force","Persons Unemployed in Labour Force","Not in Labour Force","Working Age Population","Labour Force Participation Rate","Unemployment Rate","Employment Rate","Total Labour Force","Persons Employed in Labour Force","Persons Unemployed in Labour Force","Not in Labour Force","Working Age Population","Labour Force Participation Rate","Unemployment Rate","Employment Rate","Total Labour Force","Persons Employed in Labour Force","Persons Unemployed in Labour Force","Not in Labour Force","Working Age Population","Labour Force Participation Rate","Unemployment Rate","Employment Rate","Total Labour Force","Persons Employed in Labour Force","Persons Unemployed in Labour Force","Not in Labour Force","Working Age Population","Labour Force Participation Rate","Unemployment Rate","Employment Rate","Total Labour Force","Persons Employed in Labour Force","Persons Unemployed in Labour Force","Not in Labour Force","Working Age Population","Labour Force Participation Rate","Unemployment Rate","Employment Rate","Total Labour Force","Persons Employed in Labour Force","Persons Unemployed in Labour Force","Not in Labour Force","Working Age Population","Labour Force Participation Rate","Unemployment Rate","Employment Rate","Total Labour Force","Persons Employed in Labour Force","Persons Unemployed in Labour Force","Not in Labour Force","Working Age Population","Labour Force Participation Rate","Unemployment Rate","Employment Rate","Total Labour Force","Persons Employed in Labour Force","Persons Unemployed in Labour Force","Not in Labour Force","Working Age Population","Labour Force Participation Rate","Unemployment Rate","Employment Rate","Total Labour Force","Persons Employed in Labour Force","Persons Unemployed in Labour Force","Not in Labour Force","Working Age Population","Labour Force Participation Rate","Unemployment Rate","Employment Rate","Total Labour Force","Persons Employed in Labour Force","Persons Unemployed in Labour Force","Not in Labour Force","Working Age Population","Labour Force Participation Rate","Unemployment Rate","Employment Rate","Total Labour Force","Persons Employed in Labour Force","Persons Unemployed in Labour Force","Not in Labour Force","Working Age Population","Labour Force Participation Rate","Unemployment Rate","Employment Rate","Total Labour Force","Persons Employed in Labour Force","Persons Unemployed in Labour Force","Not in Labour Force","Working Age Population","Labour Force Participation Rate","Unemployment Rate","Employment Rate","Total Labour Force","Persons Employed in Labour Force","Persons Unemployed in Labour Force","Not in Labour Force","Working Age Population","Labour Force Participation Rate","Unemployment Rate","Employment Rate","Total Labour Force","Persons Employed in Labour Force","Persons Unemployed in Labour Force","Not in Labour Force","Working Age Population","Labour Force Participation Rate","Unemployment Rate","Employment Rate","Total Labour Force","Persons Employed in Labour Force","Persons Unemployed in Labour Force","Not in Labour Force","Working Age Population","Labour Force Participation Rate","Unemployment Rate","Employment Rate","Total Labour Force","Persons Employed in Labour Force","Persons Unemployed in Labour Force","Not in Labour Force","Working Age Population","Labour Force Participation Rate","Unemployment Rate","Employment Rate","Total Labour Force","Persons Employed in Labour Force","Persons Unemployed in Labour Force","Not in Labour Force","Working Age Population","Labour Force Participation Rate","Unemployment Rate","Employment Rate","Total Labour Force","Persons Employed in Labour Force","Persons Unemployed in Labour Force","Not in Labour Force","Working Age Population","Labour Force Participation Rate","Unemployment Rate","Employment Rate","Total Labour Force","Persons Employed in Labour Force","Persons Unemployed in Labour Force","Not in Labour Force","Working Age Population","Labour Force Participation Rate","Unemployment Rate","Employment Rate","Total Labour Force","Persons Employed in Labour Force","Persons Unemployed in Labour Force","Not in Labour Force","Working Age Population","Labour Force Participation Rate","Unemployment Rate","Employment Rate","Total Labour Force","Persons Employed in Labour Force","Persons Unemployed in Labour Force","Not in Labour Force","Working Age Population","Labour Force Participation Rate","Unemployment Rate","Employment Rate","Total Labour Force","Persons Employed in Labour Force","Persons Unemployed in Labour Force","Not in Labour Force","Working Age Population","Labour Force Participation Rate","Unemployment Rate","Employment Rate","Total Labour Force","Persons Employed in Labour Force","Persons Unemployed in Labour Force","Not in Labour Force","Working Age Population","Labour Force Participation Rate","Unemployment Rate","Employment Rate","Total Labour Force"
"2007Q4",928.3,24.4,296.8,1249.5,76.2,2.6,74.3,952.7,143.1,11.8,46.0,200.9,77.1,7.6,71.2,154.9,61.1,2.6,23.4,87.1,73.2,4.1,70.2,63.7,107.1,5.1,34.5,146.7,76.5,4.6,73.0,112.2,11.5,"..",4.6,16.9,72.7,6.8,67.7,12.3,6.5,"..",1.5,8.2,81.6,2.4,79.7,6.7,7.2,"..",1.7,9.3,81.7,4.6,78.0,7.6,1170.3,39.3,385.5,1595.2,75.8,3.2,73.4,1209.6,827.9,19.2,477.8,1324.9,63.9,2.3,62.5,847.1,126.3,10.0,85.3,221.6,61.5,7.3,57.0,136.3,50.9,3.8,41.6,96.3,56.8,7.0,52.8,54.7,86.2,5.1,68.8,160.2,57.0,5.6,53.8,91.3,5.2,"..",9.0,14.8,39.1,10.7,34.9,5.8,5.9,"..",2.1,8.0,73.5,"..",73.5,5.9,5.7,"..",4.1,10.0,58.7,2.6,57.2,5.9,1027.7,34.4,643.7,1705.9,62.3,3.2,60.2,1062.2,1756.2,43.6,774.6,2574.4,69.9,2.4,68.2,1799.8,269.4,21.8,131.3,422.5,68.9,7.5,63.8,291.2,112.0,6.4,65.0,183.4,64.6,5.4,61.1,118.4,193.3,10.2,103.3,306.9,66.3,5.0,63.0,203.5,16.6,1.5,13.6,31.7,57.0,8.0,52.4,18.1,12.4,"..",3.6,16.1,77.6,1.2,76.6,12.5,12.9,"..",5.8,19.3,69.8,3.7,67.2,13.4,2198.1,73.7,1029.2,3301.0,68.8,3.2,66.6,2271.8
"2008Q1",923.0,30.5,304.3,1257.8,75.8,3.2,73.4,953.5,135.1,13.0,54.7,202.8,73.0,8.8,66.6,148.1,55.1,4.8,21.9,81.8,73.2,8.0,67.4,59.8,95.4,3.8,38.4,137.6,72.1,3.9,69.3,99.2,10.1,"..",4.8,15.4,68.6,4.6,65.5,10.6,6.9,"..",1.9,9.3,79.6,6.4,74.6,7.4,4.2,"..",2.5,6.9,63.4,5.0,60.2,4.4,1150.3,46.5,402.6,1599.4,74.8,3.9,71.9,1196.9,800.8,28.1,488.6,1317.5,62.9,3.4,60.8,828.9,122.2,12.1,88.9,223.3,60.2,9.0,54.8,134.3,44.0,3.9,40.6,88.5,54.2,8.1,49.8,47.9,84.6,6.7,74.4,165.6,55.1,7.3,51.1,91.2,5.5,1.4,7.6,14.6,47.6,20.0,38.1,6.9,7.1,"..",4.3,11.5,62.2,1.4,61.4,7.2,5.7,"..",2.7,8.7,69.1,5.6,65.3,6.0,995.5,47.5,667.7,1710.7,61.0,4.6,58.2,1043.0,1723.8,58.6,792.8,2575.2,69.2,3.3,66.9,1782.4,257.3,25.1,143.7,426.1,66.3,8.9,60.4,282.4,99.1,8.7,62.5,170.2,63.3,8.1,58.2,107.8,180.0,10.5,112.8,303.3,62.8,5.5,59.3,190.4,15.6,1.9,12.5,29.9,58.4,10.7,52.1,17.5,14.0,"..",6.2,20.8,70.0,3.9,67.3,14.6,9.8,"..",5.2,15.6,66.6,5.3,63.0,10.4,2145.8,94.0,1070.3,3310.1,67.7,4.2,64.8,2239.9
"2008Q2",915.3,29.9,300.3,1245.4,75.9,3.2,73.5,945.1,141.7,11.4,51.4,204.4,74.9,7.4,69.3,153.1,55.6,3.1,22.5,81.3,72.3,5.3,68.5,58.7,103.2,4.0,45.7,152.9,70.1,3.8,67.5,107.3,10.9,2.0,3.6,16.5,78.1,15.5,66.1,12.9,11.6,"..",2.9,15.0,80.5,3.6,77.6,12.1,2.7,"..",3.0,5.7,46.8,"..",46.8,2.7,1154.4,44.6,402.9,1601.9,74.9,3.7,72.1,1199.1,811.4,24.0,482.6,1318.0,63.4,2.9,61.6,835.4,127.8,9.6,87.3,224.7,61.1,7.0,56.9,137.4,46.5,3.3,40.7,90.6,55.0,6.6,51.4,49.8,94.9,5.0,73.6,173.6,57.6,5.0,54.7,99.9,7.6,1.0,9.9,18.6,46.6,12.0,41.1,8.7,9.3,1.1,6.6,17.1,61.1,10.5,54.7,10.4,2.8,"..",3.4,6.2,45.2,"..",45.2,2.8,1017.4,39.2,657.2,1713.9,61.7,3.7,59.4,1056.7,1726.7,53.8,782.9,2563.4,69.5,3.0,67.4,1780.5,269.5,21.0,138.7,429.1,67.7,7.2,62.8,290.4,102.2,6.4,63.3,171.8,63.2,5.9,59.5,108.5,198.2,9.0,119.3,326.5,63.5,4.4,60.7,207.2,18.5,3.0,13.5,35.1,61.4,14.1,52.8,21.6,21.0,1.5,9.6,32.0,70.2,6.8,65.4,22.5,5.5,"..",6.4,11.9,46.0,"..",46.0,5.5,2171.9,83.9,1060.1,3315.8,68.0,3.7,65.5,2255.7
"2008Q3",898.0,31.8,303.9,1233.8,75.4,3.4,72.8,929.9,138.5,13.7,53.7,205.9,73.9,9.0,67.3,152.3,59.2,3.9,23.7,86.8,72.7,6.2,68.2,63.1,107.4,3.4,43.1,153.9,72.0,3.0,69.8,110.8,9.0,"..",6.6,16.4,59.9,8.2,55.0,9.8,10.5,"..",4.1,14.7,71.9,0.5,71.6,10.6,2.9,"..","..",3.3,88.1,"..",88.1,2.9,1145.2,48.4,410.8,1604.4,74.4,4.1,71.4,1193.6,808.4,23.6,475.2,1307.2,63.6,2.8,61.8,832.0,127.7,9.8,88.6,226.0,60.8,7.1,56.5,137.5,51.0,4.5,41.2,96.7,57.4,8.2,52.8,55.6,92.6,5.6,73.1,171.3,57.4,5.7,54.1,98.2,7.8,"..",10.3,19.0,45.9,10.8,40.9,8.7,11.7,"..",7.1,19.5,63.8,6.0,60.0,12.4,3.2,"..","..",3.7,86.3,1.8,84.7,3.2,1024.2,40.7,652.3,1717.2,62.0,3.8,59.6,1064.9,1706.4,55.4,779.1,2541.0,69.3,3.1,67.2,1761.8,266.2,23.5,142.2,432.0,67.1,8.1,61.6,289.7,110.2,8.4,64.9,183.6,64.6,7.1,60.1,118.7,200.0,9.0,116.2,325.2,64.3,4.3,61.5,209.0,16.8,1.8,16.8,35.4,52.4,9.5,47.5,18.6,22.2,"..",11.2,34.2,67.3,3.5,64.9,23.0,6.0,"..","..",7.0,87.1,1.0,86.3,6.1,2169.4,89.1,1063.2,3321.7,68.0,3.9,65.3,2258.5
"2008Q4",907.2,31.4,290.9,1229.5,76.3,3.3,73.8,938.6,143.8,13.4,50.4,207.6,75.7,8.5,69.3,157.2,63.3,4.1,21.3,88.7,76.0,6.1,71.4,67.4,112.5,6.3,36.3,155.0,76.6,5.3,72.5,118.7,9.4,"..",4.9,14.7,66.5,4.0,63.8,9.8,13.6,"..",4.2,18.2,76.7,2.8,74.6,14.0,1.6,"..","..",2.1,82.5,8.2,75.7,1.7,1172.5,50.9,385.1,1608.6,76.1,4.2,72.9,1223.4,816.9,28.1,467.1,1312.0,64.4,3.3,62.3,845.0,135.4,12.9,79.2,227.6,65.2,8.7,59.5,148.3,50.5,5.1,40.3,95.9,57.9,9.1,52.6,55.6,98.0,6.6,71.6,176.2,59.4,6.3,55.6,104.6,4.4,1.0,7.4,12.8,42.2,18.9,34.2,5.4,13.0,"..",8.0,21.7,63.1,5.1,59.8,13.7,2.2,"..","..",3.0,76.0,1.5,74.8,2.3,1039.0,48.1,635.0,1722.2,63.1,4.4,60.3,1087.2,1724.1,59.4,757.9,2541.5,70.2,3.3,67.8,1783.6,279.2,26.3,129.6,435.2,70.2,8.6,64.2,305.5,113.8,9.2,61.6,184.6,66.6,7.5,61.7,123.0,210.4,12.9,107.9,331.2,67.4,5.8,63.5,223.3,13.8,1.4,12.3,27.5,55.2,9.3,50.0,15.2,26.6,1.1,12.2,39.9,69.3,4.0,66.6,27.7,3.8,"..",1.1,5.1,78.6,4.4,75.2,4.0,2211.6,99.1,1020.1,3330.7,69.4,4.3,66.4,2310.6
"2009Q1",886.7,40.3,295.8,1222.8,75.8,4.3,72.5,927.0,134.9,16.0,58.5,209.3,72.1,10.6,64.4,150.9,56.8,8.7,22.7,88.2,74.2,13.2,64.4,65.4,105.1,7.3,43.0,155.4,72.4,6.5,67.6,112.4,8.9,1.1,5.0,15.0,66.6,10.6,59.5,10.0,17.0,"..",5.4,22.8,76.4,2.3,74.6,17.4,2.0,"..","..",2.9,88.4,23.3,67.8,2.6,1141.5,66.0,406.0,1613.6,74.8,5.5,70.7,1207.5,789.7,35.1,471.9,1296.8,63.6,4.3,60.9,824.8,126.4,15.9,86.9,229.2,62.1,11.2,55.1,142.3,48.4,6.4,47.8,102.6,53.4,11.7,47.2,54.8,101.9,6.7,74.6,183.2,59.3,6.2,55.6,108.6,4.8,"..",7.4,13.0,43.3,14.7,36.9,5.6,14.8,"..",7.6,22.8,66.8,3.1,64.7,15.3,"..","..","..",1.6,63.6,16.9,52.9,"..",1013.8,57.0,656.5,1727.3,62.0,5.3,58.7,1070.8,1676.5,75.4,767.8,2519.6,69.5,4.3,66.5,1751.8,261.3,31.9,145.4,438.5,66.8,10.9,59.6,293.1,105.2,15.1,70.5,190.8,63.0,12.5,55.1,120.2,207.0,14.1,117.6,338.6,65.3,6.4,61.1,221.1,13.7,1.9,12.4,28.0,55.8,12.1,49.0,15.6,31.8,"..",13.0,45.6,71.6,2.7,69.6,32.6,2.8,"..","..",4.5,79.8,21.5,62.6,3.6,2155.3,123.0,1062.6,3340.9,68.2,5.4,64.5,2278.3
"2009Q2",876.3,39.6,297.3,1213.1,75.5,4.3,72.2,915.8,135.7,17.6,57.6,210.9,72.7,11.5,64.4,153.3,55.9,5.9,25.9,87.8,70.4,9.6,63.7,61.8,115.1,7.8,45.1,168.0,73.2,6.4,68.5,122.9,10.0,1.6,6.0,17.5,65.9,13.6,56.9,11.6,19.5,"..",6.3,26.4,76.2,3.0,73.9,20.1,1.7,"..","..",2.2,77.8,"..",77.8,1.7,1142.6,65.2,410.2,1618.0,74.6,5.4,70.6,1207.8,789.5,35.8,480.7,1306.0,63.2,4.3,60.4,825.3,123.2,16.6,90.9,230.7,60.6,11.9,53.4,139.7,43.1,8.1,48.8,100.0,51.2,15.9,43.1,51.2,96.9,8.2,72.0,177.1,59.3,7.8,54.7,105.1,6.9,1.6,6.3,14.9,57.4,18.6,46.7,8.5,17.1,"..",8.1,25.6,68.3,2.1,66.8,17.5,1.7,"..",1.0,3.0,65.2,14.6,55.7,1.9,1005.7,62.4,663.7,1731.8,61.7,5.8,58.1,1068.1,1665.7,75.4,778.0,2519.1,69.1,4.3,66.1,1741.2,258.8,34.2,148.5,441.5,66.4,11.7,58.6,293.0,99.0,14.1,74.7,187.8,60.2,12.4,52.7,113.1,212.0,16.0,117.1,345.1,66.1,7.0,61.4,228.0,16.9,3.2,12.3,32.4,62.0,15.8,52.3,20.1,36.6,"..",14.4,52.0,72.3,2.6,70.4,37.6,3.4,"..",1.5,5.2,70.5,7.8,65.0,3.6,2148.3,127.6,1073.9,3349.8,67.9,5.6,64.1,2275.9
"2009Q3",857.2,46.8,304.9,1208.9,74.8,5.2,70.9,904.0,134.0,18.5,59.8,212.4,71.8,12.2,63.1,152.6,53.6,7.2,28.2,89.1,68.3,11.9,60.2,60.8,113.0,9.3,52.3,174.6,70.0,7.6,64.7,122.2,9.7,1.0,5.6,16.4,65.5,9.4,59.4,10.7,19.7,"..",7.4,27.8,73.3,3.4,70.8,20.3,1.3,"..","..",1.9,68.6,"..",68.6,1.3,1116.1,74.4,432.0,1622.6,73.4,6.3,68.8,1190.6,786.5,37.2,468.3,1292.0,63.8,4.5,60.9,823.7,121.4,18.7,92.1,232.2,60.3,13.4,52.3,140.1,48.2,7.1,48.9,104.2,53.1,12.9,46.3,55.3,97.4,7.4,82.3,187.1,56.0,7.1,52.0,104.8,6.6,"..",7.3,14.3,49.0,6.2,46.0,7.0,18.0,"..",9.8,28.5,65.7,3.8,63.2,18.7,1.4,"..","..",2.2,66.6,3.4,64.3,1.5,1007.4,62.5,667.0,1737.0,61.6,5.8,58.0,1070.0,1643.7,84.0,773.2,2500.9,69.1,4.9,65.7,1727.7,255.4,37.3,151.9,444.6,65.8,12.7,57.5,292.7,101.8,14.4,77.1,193.2,60.1,12.4,52.7,116.2,210.3,16.7,134.7,361.7,62.8,7.4,58.1,227.1,16.3,1.4,12.9,30.6,57.8,8.1,53.1,17.7,37.7,1.4,17.2,56.3,69.4,3.6,66.9,39.1,2.7,"..",1.3,4.1,67.5,1.8,66.3,2.8,2123.5,137.0,1099.0,3359.5,67.3,6.1,63.2,2260.5
"2009Q4",870.9,45.2,296.4,1212.5,75.6,4.9,71.8,916.1,132.2,23.6,58.4,214.1,72.7,15.1,61.7,155.8,55.0,9.1,26.5,90.6,70.8,14.2,60.7,64.1,119.5,10.4,46.3,176.2,73.7,8.0,67.9,129.9,8.5,1.3,4.3,14.0,69.4,12.9,60.4,9.7,18.9,"..",8.6,28.2,69.6,3.6,67.1,19.6,1.5,"..","..",2.0,78.0,3.8,75.0,1.6,1137.2,78.8,412.5,1628.5,74.7,6.5,69.8,1216.0,790.7,39.9,467.1,1297.7,64.0,4.8,60.9,830.6,123.5,19.8,90.8,234.0,61.2,13.8,52.8,143.3,50.1,7.2,45.3,102.7,55.9,12.6,48.8,57.4,100.7,9.4,78.9,189.0,58.3,8.5,53.3,110.1,5.5,1.8,7.3,14.6,49.8,24.2,37.8,7.3,16.8,"..",11.2,28.5,60.8,2.8,59.1,17.3,"..","..","..",1.3,52.5,"..",52.5,"..",1015.4,68.3,659.8,1743.6,62.2,6.3,58.2,1083.7,1661.6,85.1,763.5,2510.2,69.6,4.9,66.2,1746.7,255.7,43.4,149.1,448.1,66.7,14.5,57.1,299.0,105.2,16.3,71.8,193.3,62.9,13.5,54.4,121.5,220.3,19.8,125.1,365.1,65.7,8.2,60.3,240.0,14.0,3.0,11.6,28.7,59.4,17.7,48.9,17.0,35.8,1.2,19.7,56.7,65.2,3.2,63.1,36.9,2.2,"..",1.1,3.3,68.0,2.7,66.2,2.3,2152.6,147.1,1072.4,3372.0,68.2,6.4,63.8,2299.7
"2010Q1",867.1,40.2,301.3,1208.6,75.1,4.4,71.7,907.3,136.5,19.5,60.0,215.9,72.2,12.5,63.2,155.9,58.9,8.4,28.3,95.5,70.4,12.5,61.6,67.3,118.3,10.9,45.6,174.8,73.9,8.4,67.7,129.2,10.8,1.2,5.2,17.1,69.9,9.8,63.0,12.0,21.5,1.3,9.3,32.1,70.9,5.6,67.0,22.8,2.8,"..","..",3.5,78.9,"..",78.9,2.8,1139.5,72.3,422.5,1634.3,74.1,6.0,69.7,1211.8,781.2,41.0,477.0,1299.2,63.3,5.0,60.1,822.2,123.6,21.2,91.0,235.8,61.4,14.6,52.4,144.8,50.1,7.5,48.9,106.5,54.1,13.0,47.1,57.6,98.1,11.1,77.9,187.1,58.4,10.2,52.4,109.2,5.2,1.5,7.0,13.6,48.7,22.4,37.8,6.6,18.7,1.4,11.6,31.6,63.4,6.8,59.1,20.1,1.3,"..","..",2.1,67.2,5.1,63.7,1.4,1007.4,73.4,668.9,1749.7,61.8,6.8,57.6,1080.8,1648.3,81.2,778.3,2507.7,69.0,4.7,65.7,1729.4,260.1,40.6,150.9,451.6,66.6,13.5,57.6,300.7,109.0,15.9,77.1,202.0,61.8,12.7,53.9,124.9,216.3,22.1,123.5,361.9,65.9,9.3,59.8,238.4,15.9,2.7,12.1,30.7,60.5,14.3,51.8,18.6,40.2,2.6,20.9,63.7,67.2,6.1,63.1,42.8,4.1,"..",1.4,5.6,74.5,1.7,73.2,4.2,2146.9,145.7,1091.3,3384.0,67.7,6.4,63.4,2292.6
"2010Q2",866.6,44.3,309.2,1220.1,74.7,4.9,71.0,910.9,136.0,20.3,61.0,217.3,71.9,13.0,62.6,156.4,50.4,8.3,28.7,87.4,67.1,14.1,57.7,58.7,115.9,11.1,42.8,169.8,74.8,8.7,68.3,127.0,10.7,1.1,6.6,18.3,64.2,9.2,58.3,11.8,22.8,"..",9.4,32.9,71.3,3.0,69.2,23.5,2.6,"..","..",3.6,88.4,17.5,72.9,3.2,1133.4,78.2,426.1,1637.6,74.0,6.5,69.2,1211.5,787.4,37.6,476.4,1301.4,63.4,4.6,60.5,825.0,119.5,21.1,96.6,237.2,59.3,15.0,50.4,140.6,42.6,7.6,49.2,99.4,50.5,15.2,42.8,50.2,98.3,10.8,81.0,190.2,57.4,9.9,51.7,109.2,7.9,"..",7.7,16.5,53.3,10.5,47.7,8.8,19.2,"..",12.6,32.7,61.4,4.1,58.9,20.1,1.7,"..","..",2.7,75.5,14.7,64.5,2.0,1007.4,68.8,677.5,1753.7,61.4,6.4,57.4,1076.1,1654.0,81.9,785.6,2521.5,68.8,4.7,65.6,1735.9,255.5,41.5,157.5,454.5,65.3,14.0,56.2,297.0,93.0,15.9,77.9,186.8,58.3,14.6,49.8,108.9,214.3,21.9,123.9,360.1,65.6,9.3,59.5,236.2,18.6,2.0,14.3,34.8,59.1,9.8,53.3,20.6,42.0,1.5,22.0,65.6,66.4,3.5,64.0,43.5,4.3,"..",1.1,6.3,82.9,16.4,69.3,5.2,2140.7,146.9,1103.6,3391.3,67.5,6.4,63.1,2287.7
"2010Q3",879.2,35.9,305.4,1220.4,75.0,3.9,72.0,915.0,137.4,20.2,61.2,218.7,72.0,12.8,62.8,157.6,55.7,6.8,28.5,91.0,68.7,10.9,61.2,62.5,111.4,10.0,46.9,168.3,72.1,8.2,66.2,121.3,11.0,1.3,7.8,20.1,61.4,10.6,54.8,12.3,26.5,"..",9.3,36.7,74.8,3.5,72.2,27.4,1.2,"..","..",2.1,66.9,15.0,56.9,1.4,1145.3,66.9,428.5,1640.7,73.9,5.5,69.8,1212.2,778.7,41.8,474.8,1295.3,63.3,5.1,60.1,820.4,122.6,19.6,96.4,238.6,59.6,13.8,51.4,142.2,43.6,8.5,50.7,102.8,50.7,16.4,42.4,52.2,100.5,7.1,82.2,189.7,56.7,6.6,53.0,107.6,9.3,1.3,7.5,18.1,58.7,12.5,51.3,10.6,22.6,"..",12.6,35.6,64.6,1.8,63.4,23.0,1.5,"..",1.9,3.4,45.5,6.4,42.6,1.6,1008.7,69.6,679.4,1757.6,61.3,6.5,57.4,1078.3,1657.8,77.7,780.2,2515.7,69.0,4.5,65.9,1735.5,260.0,39.8,157.6,457.4,65.5,13.3,56.8,299.8,99.3,15.3,79.2,193.9,59.2,13.4,51.2,114.7,211.9,17.0,129.1,358.0,63.9,7.4,59.2,228.9,20.3,2.6,15.3,38.2,60.1,11.5,53.2,23.0,49.0,1.4,21.8,72.3,69.8,2.7,67.9,50.4,2.6,"..",2.6,5.5,53.6,10.4,48.0,3.0,2154.0,136.4,1107.9,3398.3,67.4,6.0,63.4,2290.4
"2010Q4",878.0,41.8,298.0,1217.9,75.5,4.5,72.1,919.8,136.3,21.3,62.7,220.3,71.6,13.5,61.9,157.6,59.2,6.9,31.1,97.2,68.0,10.4,60.9,66.1,115.1,9.1,44.2,168.4,73.7,7.3,68.3,124.2,9.8,"..",5.5,16.0,65.8,6.5,61.5,10.5,24.6,"..",10.0,35.4,71.7,3.1,69.5,25.4,2.5,"..","..",3.5,73.5,3.7,70.8,2.6,1150.8,72.6,422.4,1645.7,74.3,5.9,69.9,1223.3,783.5,40.5,473.2,1297.3,63.5,4.9,60.4,824.0,126.9,18.7,94.6,240.2,60.6,12.8,52.9,145.6,48.4,8.2,48.4,104.9,53.9,14.5,46.1,56.6,102.3,9.8,77.6,189.7,59.1,8.8,53.9,112.1,8.0,"..",8.2,16.6,50.8,4.5,48.5,8.4,22.2,"..",12.7,35.3,64.1,1.7,63.0,22.6,2.4,"..",1.1,3.6,69.1,6.0,65.0,2.5,1022.5,68.7,671.7,1762.9,61.9,6.3,58.0,1091.2,1661.5,82.4,771.3,2515.1,69.3,4.7,66.1,1743.9,263.2,40.0,157.2,460.4,65.9,13.2,57.2,303.2,107.6,15.1,79.5,202.1,60.7,12.3,53.2,122.7,217.3,19.0,121.8,358.1,66.0,8.0,60.7,236.3,17.9,1.1,13.6,32.6,58.1,5.6,54.9,18.9,46.8,1.2,22.7,70.7,67.9,2.4,66.3,48.0,4.9,"..",2.1,7.2,71.3,4.8,67.9,5.1,2173.3,141.3,1094.1,3408.6,67.9,6.1,63.8,2314.5
"2011Q1",868.7,39.9,299.9,1208.6,75.2,4.4,71.9,908.6,137.1,21.7,62.9,221.7,71.6,13.7,61.8,158.8,59.6,9.2,29.3,98.2,70.1,13.4,60.7,68.9,127.6,10.8,44.3,182.7,75.7,7.8,69.8,138.4,9.5,1.2,4.2,14.9,71.6,11.1,63.6,10.7,23.0,"..",9.9,33.8,70.8,4.1,67.9,24.0,6.0,"..",1.5,7.9,81.2,6.5,75.9,6.4,1155.7,74.5,420.0,1650.1,74.5,6.1,70.0,1230.1,774.3,46.2,464.2,1284.7,63.9,5.6,60.3,820.5,122.5,20.5,98.5,241.5,59.2,14.3,50.7,143.0,52.2,6.8,48.8,107.7,54.7,11.5,48.4,59.0,108.7,8.5,77.7,194.9,60.1,7.3,55.8,117.2,9.1,"..",6.1,16.1,62.1,9.0,56.5,10.0,22.7,"..",12.2,35.7,65.9,3.3,63.7,23.5,5.8,"..",3.8,10.1,62.5,7.8,57.6,6.3,1026.1,75.0,666.3,1767.4,62.3,6.8,58.1,1101.1,1643.0,86.1,764.2,2493.3,69.4,5.0,65.9,1729.1,259.6,42.2,161.4,463.2,65.2,14.0,56.0,301.8,111.8,16.0,78.1,205.9,62.1,12.5,54.3,127.8,236.3,19.3,122.0,377.6,67.7,7.5,62.6,255.6,18.6,2.1,10.3,31.0,66.7,10.1,60.0,20.7,45.7,1.7,22.1,69.5,68.3,3.7,65.7,47.5,11.8,"..",5.3,18.0,70.7,7.2,65.6,12.7,2181.8,149.5,1086.3,3417.5,68.2,6.4,63.8,2331.2
"2011Q2",883.9,43.5,302.4,1229.7,75.4,4.7,71.9,927.3,138.9,18.3,65.7,222.9,70.5,11.6,62.3,157.1,53.7,8.2,29.9,91.8,67.5,13.2,58.5,61.9,113.6,7.9,50.7,172.2,70.6,6.5,66.0,121.5,12.9,1.1,5.6,19.5,71.3,7.7,65.8,13.9,23.6,1.2,10.2,35.0,70.8,4.7,67.5,24.8,3.6,"..","..",5.1,80.9,11.5,71.7,4.1,1149.2,70.6,432.4,1652.1,73.8,5.8,69.6,1219.8,785.6,41.8,477.7,1305.1,63.4,5.0,60.2,827.4,125.7,18.2,98.7,242.6,59.3,12.6,51.8,143.9,45.9,6.1,47.8,99.7,52.1,11.7,46.0,52.0,109.8,5.8,74.9,190.4,60.7,5.0,57.6,115.6,10.4,2.5,7.2,20.0,64.1,19.3,51.8,12.8,20.3,1.0,14.1,35.5,60.1,4.9,57.2,21.3,3.9,"..",2.1,6.4,67.2,9.5,60.8,4.3,1028.7,65.8,675.4,1769.9,61.8,6.0,58.1,1094.5,1669.5,85.3,780.1,2534.8,69.2,4.9,65.9,1754.7,264.6,36.4,164.5,465.5,64.7,12.1,56.8,301.0,99.6,14.3,77.7,191.5,59.5,12.5,52.0,113.9,223.4,13.7,125.6,362.7,65.4,5.8,61.6,237.1,23.2,3.6,12.8,39.6,67.7,13.3,58.7,26.8,43.9,2.2,24.3,70.4,65.4,4.8,62.3,46.1,7.5,"..",3.1,11.5,73.3,10.5,65.6,8.4,2177.9,136.3,1107.7,3422.0,67.6,5.9,63.6,2314.3
"2011Q3",876.5,37.6,303.4,1217.5,75.1,4.1,72.0,914.1,139.7,21.6,62.7,224.0,72.0,13.4,62.4,161.3,61.2,9.3,33.0,103.5,68.1,13.1,59.1,70.5,116.1,7.9,49.9,173.8,71.3,6.4,66.8,124.0,12.5,1.3,5.3,19.1,72.3,9.3,65.6,13.8,22.9,"..",11.2,34.8,67.8,3.1,65.7,23.6,3.8,"..","..",5.0,84.2,8.9,76.7,4.2,1151.4,68.5,434.2,1654.1,73.7,5.6,69.6,1219.9,783.9,38.2,474.8,1296.8,63.4,4.6,60.4,822.0,127.1,16.3,100.3,243.7,58.8,11.4,52.2,143.4,49.1,7.9,50.3,107.3,53.1,13.8,45.8,57.0,105.8,9.5,80.9,196.3,58.8,8.3,53.9,115.4,7.2,3.0,5.7,15.9,64.4,29.6,45.3,10.2,21.2,"..",14.3,36.3,60.7,3.9,58.3,22.0,2.5,"..",1.1,3.9,71.3,8.6,65.2,2.8,1024.0,67.8,680.7,1772.5,61.6,6.2,57.8,1091.8,1660.4,75.8,778.2,2514.3,69.0,4.4,66.0,1736.1,266.8,37.9,162.9,467.6,65.2,12.4,57.0,304.7,110.3,17.1,83.3,210.8,60.5,13.4,52.3,127.5,221.9,17.4,130.8,370.1,64.7,7.3,60.0,239.3,19.7,4.3,10.9,35.0,68.7,17.9,56.4,24.0,44.0,1.6,25.5,71.1,64.2,3.5,61.9,45.6,6.3,"..",1.9,8.8,78.6,8.8,71.7,6.9,2175.4,136.3,1114.9,3426.6,67.5,5.9,63.5,2311.7
"2011Q4",885.1,39.4,299.7,1224.2,75.5,4.3,72.3,924.5,140.5,22.2,62.5,225.2,72.2,13.6,62.4,162.7,61.4,8.3,29.4,99.1,70.3,12.0,61.9,69.7,120.5,12.8,45.6,178.8,74.5,9.6,67.4,133.2,11.7,1.1,3.7,16.5,77.6,8.5,71.0,12.8,20.8,1.2,10.3,32.3,68.2,5.6,64.4,22.0,3.1,"..",1.4,4.6,71.0,5.8,66.9,3.3,1161.6,74.7,421.6,1657.8,74.6,6.0,70.1,1236.3,803.0,37.0,469.1,1309.1,64.2,4.4,61.3,840.0,126.8,18.9,99.3,244.9,59.5,12.9,51.8,145.6,51.1,8.6,46.5,106.2,56.2,14.4,48.1,59.7,107.2,7.0,79.5,193.7,59.0,6.1,55.4,114.2,6.2,"..",7.3,14.0,47.9,7.4,44.3,6.7,20.0,"..",15.1,36.0,58.1,4.1,55.7,20.9,1.3,"..",1.9,3.6,46.5,20.9,36.8,1.7,1042.4,64.5,669.9,1776.7,62.3,5.8,58.7,1106.8,1688.1,76.4,768.8,2533.3,69.7,4.3,66.6,1764.5,267.3,41.1,161.8,470.1,65.6,13.3,56.9,308.3,112.5,16.9,75.9,205.3,63.0,13.1,54.8,129.4,227.7,19.7,125.1,372.6,66.4,8.0,61.1,247.4,17.9,1.6,11.0,30.5,63.9,8.1,58.8,19.5,40.8,2.1,25.3,68.3,62.9,4.9,59.8,42.9,4.4,"..",3.3,8.3,60.2,10.9,53.7,5.0,2203.9,139.2,1091.4,3434.5,68.2,5.9,64.2,2343.1
"2012Q1",887.6,47.8,301.7,1237.1,75.6,5.1,71.7,935.4,144.0,21.4,61.1,226.5,73.0,12.9,63.6,165.4,59.2,9.9,30.2,99.3,69.6,14.3,59.6,69.1,119.3,10.4,39.5,169.2,76.6,8.0,70.5,129.7,10.9,"..",4.7,16.4,71.3,6.9,66.3,11.7,22.2,1.2,10.1,33.5,69.9,5.1,66.3,23.4,5.0,"..",1.7,7.2,76.9,9.9,69.3,5.5,1162.1,79.4,419.7,1661.2,74.7,6.4,70.0,1241.5,794.7,43.5,470.3,1308.5,64.1,5.2,60.7,838.2,129.3,22.4,94.4,246.1,61.6,14.7,52.6,151.7,50.6,9.5,47.8,107.9,55.7,15.9,46.9,60.1,106.8,11.1,80.0,197.9,59.6,9.4,53.9,117.9,6.6,1.8,6.3,14.7,57.3,21.4,45.0,8.4,21.5,1.8,14.0,37.2,62.4,7.6,57.6,23.2,4.1,1.0,2.7,7.9,65.0,19.8,52.2,5.1,1034.4,78.7,667.2,1780.3,62.5,7.1,58.1,1113.1,1682.3,91.3,772.0,2545.6,69.7,5.1,66.1,1773.6,273.3,43.7,155.5,472.6,67.1,13.8,57.8,317.0,109.8,19.4,77.9,207.2,62.4,15.0,53.0,129.3,226.1,21.5,119.6,367.1,67.4,8.7,61.6,247.6,17.5,2.6,11.0,31.1,64.7,13.0,56.3,20.1,43.7,2.9,24.1,70.7,65.9,6.3,61.8,46.6,9.1,1.6,4.4,15.0,70.7,14.6,60.4,10.6,2196.5,158.1,1086.8,3441.5,68.4,6.7,63.8,2354.6
"2012Q2",889.0,44.9,317.7,1251.6,74.6,4.8,71.0,933.9,144.0,20.9,62.7,227.6,72.5,12.7,63.3,164.9,53.7,7.9,31.0,92.7,66.5,12.9,58.0,61.7,114.9,8.4,48.8,172.1,71.6,6.8,66.8,123.3,12.3,1.3,5.3,18.9,71.9,9.6,64.9,13.6,23.9,1.1,10.4,35.4,70.7,4.6,67.4,25.0,2.7,"..",1.1,3.9,71.8,4.2,68.8,2.8,1148.8,72.5,441.6,1662.9,73.4,5.9,69.1,1221.3,805.4,41.4,475.2,1322.0,64.1,4.9,60.9,846.8,125.6,17.9,103.6,247.1,58.1,12.5,50.8,143.5,47.5,9.4,51.0,107.9,52.7,16.5,44.0,56.9,106.5,10.0,76.3,192.9,60.4,8.6,55.2,116.6,4.9,"..",7.6,13.1,42.3,12.3,37.1,5.5,21.4,1.8,13.8,37.0,62.8,7.9,57.9,23.2,2.5,"..",1.5,4.4,66.2,15.0,56.3,2.9,1037.1,72.7,672.8,1782.6,62.3,6.6,58.2,1109.8,1694.4,86.3,792.9,2573.6,69.2,4.8,65.8,1780.7,269.5,38.9,166.3,474.7,65.0,12.6,56.8,308.4,101.3,17.3,82.0,200.6,59.1,14.6,50.5,118.6,221.5,18.4,125.1,365.0,65.7,7.7,60.7,239.9,17.1,2.0,12.9,32.0,59.8,10.4,53.5,19.1,45.3,3.0,24.1,72.4,66.6,6.2,62.5,48.2,5.2,"..",2.6,8.3,68.9,9.7,62.2,5.7,2185.9,145.2,1114.4,3445.5,67.7,6.2,63.4,2331.1
"2012Q3",872.2,44.4,326.0,1242.6,73.8,4.8,70.2,916.6,138.0,23.3,67.6,228.8,70.5,14.4,60.3,161.3,51.6,7.6,32.0,91.2,64.9,12.8,56.6,59.2,121.8,14.3,50.2,186.3,73.0,10.5,65.4,136.0,11.5,1.5,3.5,16.4,78.9,11.4,69.9,12.9,19.8,1.2,11.0,32.0,65.6,5.6,61.9,21.0,1.5,"..","..",2.3,71.8,8.8,65.5,1.7,1135.7,79.6,449.6,1664.9,73.0,6.5,68.2,1215.3,798.7,43.0,475.2,1316.9,63.9,5.1,60.7,841.7,128.0,22.6,97.8,248.3,60.6,15.0,51.5,150.6,48.6,8.6,51.6,108.7,52.5,15.0,44.7,57.1,115.9,9.4,85.4,210.7,59.4,7.5,55.0,125.2,5.3,"..",6.7,12.7,47.1,11.9,41.5,6.0,19.4,1.1,12.4,32.9,62.4,5.5,59.0,20.5,"..","..","..",1.6,67.7,13.8,58.4,1.1,1035.1,75.7,674.5,1785.4,62.2,6.8,58.0,1110.8,1671.0,87.4,801.1,2559.5,68.7,5.0,65.3,1758.4,266.0,45.9,165.3,477.2,65.4,14.7,55.7,311.9,100.2,16.1,83.6,199.9,58.2,13.8,50.1,116.3,237.6,23.6,135.7,396.9,65.8,9.0,59.9,261.3,16.7,2.2,10.2,29.1,65.0,11.5,57.5,18.9,39.2,2.3,23.4,64.9,64.0,5.5,60.4,41.5,2.5,"..",1.2,3.9,70.1,10.8,62.6,2.7,2170.8,155.3,1124.1,3450.3,67.4,6.7,62.9,2326.1
"2012Q4",877.8,45.7,326.9,1250.3,73.9,4.9,70.2,923.5,137.3,21.7,71.6,230.5,69.0,13.6,59.6,159.0,51.4,7.0,31.6,90.0,64.8,11.9,57.1,58.3,126.8,7.8,51.4,186.0,72.3,5.8,68.2,134.5,10.5,"..",4.3,15.5,72.3,6.0,67.9,11.2,22.3,1.2,10.3,33.7,69.5,4.9,66.1,23.5,2.5,"..",1.2,3.8,69.3,6.9,64.5,2.6,1141.5,73.7,454.1,1669.2,72.8,6.1,68.4,1215.2,790.3,41.9,492.8,1324.9,62.8,5.0,59.6,832.2,125.6,23.0,101.3,249.9,59.5,15.5,50.3,148.7,45.5,10.0,49.9,105.4,52.6,18.1,43.1,55.5,113.9,10.1,83.7,207.7,59.7,8.2,54.8,124.0,4.4,"..",6.2,11.0,43.7,7.5,40.4,4.8,19.8,"..",11.7,32.3,63.8,4.0,61.3,20.6,2.2,"..",1.1,3.4,68.6,6.7,64.0,2.4,1025.0,72.6,692.3,1789.9,61.3,6.6,57.3,1097.6,1668.1,87.6,819.6,2575.3,68.2,5.0,64.8,1755.6,262.9,44.7,172.8,480.5,64.0,14.5,54.7,307.6,96.8,17.0,81.6,195.4,58.3,14.9,49.6,113.8,240.6,17.9,135.1,393.7,65.7,6.9,61.1,258.6,15.0,1.0,10.5,26.5,60.4,6.4,56.5,16.0,42.1,2.0,22.0,66.1,66.7,4.5,63.8,44.1,4.7,"..",2.2,7.2,69.0,6.8,64.3,5.0,2166.5,146.3,1146.3,3459.1,66.9,6.3,62.6,2312.8
"2013Q1",873.4,39.5,319.1,1232.0,74.1,4.3,70.9,912.9,140.9,21.9,69.5,232.4,70.1,13.5,60.6,162.8,51.7,6.8,28.5,87.1,67.2,11.7,59.4,58.5,136.6,7.0,52.3,195.9,73.3,4.9,69.7,143.6,9.6,1.2,4.2,14.9,71.9,10.9,64.1,10.7,23.5,"..",11.8,35.7,67.0,2.0,65.7,23.9,2.9,"..",1.0,4.0,74.2,4.2,71.1,3.0,1157.0,66.2,451.1,1674.3,73.1,5.4,69.1,1223.2,794.0,46.8,465.0,1305.9,64.4,5.6,60.8,840.9,128.9,20.1,102.5,251.5,59.2,13.5,51.3,149.0,45.1,9.4,49.4,103.9,52.4,17.2,43.4,54.4,120.0,10.5,86.1,216.5,60.3,8.1,55.4,130.5,5.3,"..",7.3,13.2,44.7,10.3,40.1,5.9,21.3,"..",11.9,33.7,64.6,2.2,63.2,21.8,1.6,"..","..",2.6,62.4,"..",62.4,1.6,1042.3,77.5,674.9,1794.8,62.4,6.9,58.1,1119.8,1667.4,86.3,784.1,2537.9,69.1,4.9,65.7,1753.8,269.8,42.0,172.0,483.9,64.4,13.5,55.8,311.8,96.8,16.2,78.0,190.9,59.2,14.3,50.7,113.0,256.6,17.5,138.4,412.5,66.5,6.4,62.2,274.1,14.9,1.8,11.5,28.1,59.1,10.7,52.8,16.6,44.7,"..",23.7,69.4,65.8,2.1,64.5,45.7,4.5,"..",2.0,6.7,69.5,2.7,67.6,4.6,2199.4,143.7,1126.0,3469.1,67.5,6.1,63.4,2343.0
"2013Q2",872.2,40.7,319.1,1231.9,74.1,4.5,70.8,912.8,141.8,18.0,74.2,234.0,68.3,11.2,60.6,159.8,50.4,6.2,29.7,86.3,65.6,10.9,58.4,56.6,140.2,6.4,55.1,201.6,72.7,4.3,69.5,146.5,10.3,1.0,6.2,17.5,64.6,9.2,58.7,11.3,23.6,"..",9.5,34.0,72.2,4.0,69.3,24.6,3.9,1.6,1.0,6.5,84.2,28.4,60.3,5.5,1156.8,65.3,456.4,1678.5,72.8,5.3,68.9,1222.1,790.5,40.7,474.7,1305.9,63.6,4.9,60.5,831.2,128.9,20.2,103.8,252.9,58.9,13.5,51.0,149.1,42.1,10.1,47.8,99.9,52.2,19.3,42.1,52.1,125.3,9.4,88.7,223.4,60.3,7.0,56.1,134.7,6.4,"..",5.6,12.7,55.8,10.6,49.9,7.1,19.0,1.3,12.3,32.5,62.3,6.3,58.4,20.3,3.9,"..",1.5,5.5,72.8,3.3,70.4,4.0,1040.8,71.7,686.1,1798.7,61.9,6.4,57.9,1112.6,1662.6,81.4,793.8,2537.8,68.7,4.7,65.5,1744.0,270.7,38.1,178.1,486.9,63.4,12.3,55.6,308.8,92.5,16.2,77.5,186.1,58.4,14.9,49.7,108.7,265.4,15.8,143.8,425.0,66.2,5.6,62.5,281.2,16.6,1.8,11.8,30.2,60.9,9.7,55.0,18.4,42.6,2.3,21.7,66.6,67.4,5.0,64.0,44.9,7.8,1.7,2.5,12.0,79.0,17.8,64.9,9.5,2197.7,137.0,1142.5,3477.2,67.1,5.9,63.2,2334.7
"2013Q3",871.4,41.5,319.7,1232.6,74.1,4.5,70.7,912.9,147.6,18.4,68.3,234.3,70.9,11.1,63.0,166.1,55.5,6.7,25.2,87.4,71.2,10.8,63.5,62.2,142.1,7.8,52.1,202.0,74.2,5.2,70.4,149.9,11.6,"..",5.7,18.1,68.4,5.9,64.4,12.4,24.9,1.4,10.1,36.5,72.2,5.4,68.3,26.3,3.2,"..",2.2,6.0,63.6,16.0,53.4,3.8,1169.4,67.0,448.3,1684.7,73.4,5.4,69.4,1236.4,803.0,36.5,464.0,1303.5,64.4,4.4,61.6,839.5,133.7,19.9,100.3,253.9,60.5,13.0,52.6,153.6,46.6,11.2,42.6,100.5,57.6,19.4,46.4,57.8,119.2,9.1,95.7,224.0,57.3,7.1,53.2,128.2,6.7,"..",8.1,15.5,47.8,9.4,43.3,7.4,22.2,1.0,12.7,35.9,64.6,4.5,61.7,23.2,1.7,"..","..",3.2,71.2,23.4,54.5,2.3,1055.2,68.9,679.4,1803.5,62.3,6.1,58.5,1124.1,1674.4,78.0,783.6,2536.0,69.1,4.5,66.0,1752.4,281.3,38.4,168.6,488.2,65.5,12.0,57.6,319.7,102.0,18.0,67.8,187.8,63.9,15.0,54.3,120.0,261.3,16.8,147.8,426.0,65.3,6.0,61.3,278.1,18.4,1.4,13.8,33.6,58.9,7.2,54.6,19.8,47.1,2.4,22.9,72.4,68.4,4.9,65.0,49.5,4.9,1.1,3.1,9.2,66.2,18.7,53.8,6.1,2224.6,136.0,1127.7,3488.2,67.7,5.8,63.8,2360.6
"2013Q4",893.4,37.7,306.0,1237.1,75.3,4.0,72.2,931.1,151.5,20.2,64.0,235.7,72.8,11.8,64.3,171.7,56.4,7.5,26.9,90.8,70.3,11.7,62.1,63.9,145.5,5.7,51.9,203.1,74.5,3.8,71.6,151.2,12.3,1.3,4.2,17.8,76.5,9.6,69.1,13.6,25.5,1.3,10.6,37.4,71.8,4.8,68.3,26.8,2.5,"..","..",3.5,74.9,4.8,71.3,2.6,1198.5,63.9,432.2,1694.5,74.5,5.1,70.7,1262.4,813.7,39.6,455.9,1309.2,65.2,4.6,62.1,853.3,135.7,21.0,98.5,255.2,61.4,13.4,53.2,156.7,50.7,9.0,44.4,104.0,57.3,15.0,48.7,59.6,124.6,8.1,91.5,224.2,59.2,6.1,55.6,132.7,7.1,"..",7.5,15.3,50.7,8.8,46.2,7.7,20.2,"..",14.1,35.0,59.7,3.1,57.8,20.9,2.8,"..",1.1,4.0,72.2,2.0,70.7,2.9,1074.2,71.2,665.3,1810.7,63.3,6.2,59.3,1145.4,1707.1,77.3,761.9,2546.3,70.1,4.3,67.0,1784.4,287.3,41.2,162.5,490.9,66.9,12.5,58.5,328.4,107.1,16.4,71.3,194.8,63.4,13.3,55.0,123.5,270.1,13.8,143.4,427.3,66.4,4.9,63.2,283.9,19.3,2.0,11.7,33.0,64.5,9.3,58.5,21.3,45.8,1.9,24.7,72.4,65.9,4.1,63.2,47.7,5.3,"..",2.0,7.5,73.4,3.3,71.0,5.5,2272.6,135.1,1097.5,3505.2,68.7,5.6,64.8,2407.7
"2014Q1",905.1,39.2,308.5,1252.8,75.4,4.2,72.2,944.3,151.8,21.2,64.2,237.2,72.9,12.3,64.0,173.0,55.9,7.4,29.1,92.5,68.5,11.6,60.5,63.3,141.2,7.2,47.3,195.8,75.8,4.9,72.1,148.4,12.0,1.2,4.0,17.2,76.8,8.8,70.0,13.2,28.7,1.2,11.7,41.6,71.8,3.9,69.1,29.9,3.1,"..","..",4.2,80.8,9.4,73.2,3.4,1208.1,67.5,430.4,1706.0,74.8,5.3,70.8,1275.6,812.2,43.6,456.9,1312.7,65.2,5.1,61.9,855.8,136.4,21.0,99.1,256.5,61.4,13.3,53.2,157.4,49.8,8.1,45.8,103.7,55.8,14.0,48.0,57.9,127.6,10.4,83.2,221.2,62.4,7.6,57.7,138.0,7.3,1.2,7.2,15.7,54.2,14.5,46.4,8.5,23.5,"..",14.7,39.0,62.2,3.1,60.3,24.3,1.7,"..",1.3,3.2,59.3,10.5,53.1,1.9,1079.4,75.6,664.0,1819.0,63.5,6.5,59.3,1155.0,1717.2,82.8,765.4,2565.5,70.2,4.6,66.9,1800.1,288.2,42.2,163.2,493.6,66.9,12.8,58.4,330.4,105.7,15.5,74.9,196.2,61.8,12.8,53.9,121.3,268.8,17.7,130.5,417.0,68.7,6.2,64.5,286.4,19.3,2.4,11.2,32.9,66.0,11.0,58.7,21.7,52.2,1.9,26.4,80.6,67.2,3.5,64.8,54.1,4.8,"..",2.1,7.4,71.5,9.8,64.5,5.3,2287.6,143.1,1094.4,3525.0,69.0,5.9,64.9,2430.7
"2014Q2",903.1,34.0,314.0,1251.1,74.9,3.6,72.2,937.1,156.1,15.8,66.7,238.5,72.0,9.2,65.4,171.8,60.3,6.0,27.7,94.0,70.5,9.1,64.1,66.3,148.8,8.4,51.6,208.7,75.3,5.3,71.3,157.2,10.9,"..",8.3,20.1,58.6,7.6,54.2,11.8,25.7,1.6,12.3,39.6,69.0,5.7,65.1,27.3,2.8,"..","..",3.6,80.0,2.2,78.3,2.9,1213.4,56.8,446.6,1716.8,74.0,4.5,70.7,1270.2,809.5,34.3,470.4,1314.2,64.2,4.1,61.6,843.8,133.4,18.8,105.4,257.6,59.1,12.4,51.8,152.2,50.3,7.8,45.7,103.7,55.9,13.4,48.5,58.0,123.6,11.2,90.3,225.0,59.9,8.3,54.9,134.7,7.5,1.5,10.0,19.0,47.5,17.0,39.4,9.0,21.1,"..",16.5,38.6,57.3,4.5,54.7,22.1,3.0,"..",1.7,5.0,66.3,8.7,60.6,3.3,1070.4,67.1,688.7,1826.2,62.3,5.9,58.6,1137.5,1712.6,68.3,784.4,2565.3,69.4,3.8,66.8,1780.9,289.4,34.6,172.1,496.2,65.3,10.7,58.3,324.0,110.5,13.8,73.4,197.7,62.9,11.1,55.9,124.3,272.3,19.6,141.9,433.8,67.3,6.7,62.8,291.9,18.4,2.4,18.3,39.2,53.2,11.7,47.0,20.8,46.8,2.6,28.7,78.1,63.2,5.2,59.9,49.4,5.8,"..",2.4,8.6,72.0,5.7,67.9,6.2,2283.8,123.9,1135.3,3543.0,68.0,5.1,64.5,2407.8
"2014Q3",904.4,31.8,320.7,1256.8,74.5,3.4,72.0,936.2,150.9,17.7,71.4,240.0,70.3,10.5,62.9,168.7,63.0,6.4,29.5,98.8,70.2,9.2,63.7,69.3,149.0,8.3,53.5,210.8,74.6,5.3,70.7,157.3,10.3,1.1,8.9,20.3,56.3,9.7,50.8,11.4,26.3,"..",11.0,38.3,71.2,3.2,68.9,27.2,3.2,"..",1.4,4.8,71.2,5.2,67.5,3.4,1212.6,57.7,457.7,1728.0,73.5,4.5,70.2,1270.4,819.8,37.4,463.4,1320.6,64.9,4.4,62.1,857.2,139.1,21.5,98.4,259.0,62.0,13.4,53.7,160.6,49.9,8.1,47.6,105.7,54.9,14.0,47.2,58.0,130.2,9.0,90.3,229.5,60.6,6.5,56.7,139.2,6.6,1.4,10.0,18.0,44.6,17.5,36.8,8.0,23.3,"..",15.6,40.0,60.9,4.1,58.4,24.3,2.3,"..",1.5,4.0,63.4,8.4,58.1,2.5,1087.9,69.0,676.8,1833.7,63.1,6.0,59.3,1156.9,1724.2,69.2,784.1,2577.5,69.6,3.9,66.9,1793.4,290.0,39.2,169.8,499.0,66.0,11.9,58.1,329.2,112.8,14.5,77.1,204.5,62.3,11.4,55.2,127.3,279.2,17.3,143.8,440.3,67.3,5.8,63.4,296.5,16.9,2.5,18.8,38.3,50.8,13.0,44.2,19.5,49.7,1.9,26.7,78.2,65.9,3.6,63.5,51.5,5.6,"..",2.8,8.8,67.6,6.6,63.2,5.9,2300.5,126.8,1134.4,3561.7,68.1,5.2,64.6,2427.3
"2014Q4",931.6,37.6,303.0,1272.3,76.2,3.9,73.2,969.3,155.7,17.8,68.3,241.8,71.8,10.3,64.4,173.5,63.3,6.9,27.1,97.4,72.1,9.8,65.0,70.2,148.2,7.0,51.9,207.2,75.0,4.5,71.6,155.3,10.5,1.4,8.7,20.5,57.8,11.5,51.2,11.9,24.9,1.0,11.5,37.4,69.4,4.0,66.6,25.9,4.0,"..",1.3,5.7,76.6,10.0,68.9,4.4,1242.5,63.9,434.8,1741.2,75.0,4.9,71.4,1306.3,842.4,42.0,454.9,1339.3,66.0,4.7,62.9,884.4,144.5,22.5,93.6,260.6,64.1,13.5,55.4,167.0,52.6,7.4,44.4,104.5,57.5,12.4,50.4,60.1,132.8,7.4,84.1,224.4,62.5,5.3,59.2,140.2,8.6,1.6,8.1,18.3,55.6,15.4,47.0,10.2,23.1,1.2,16.5,40.8,59.7,5.1,56.6,24.4,2.1,"..",1.7,4.0,56.6,8.5,51.8,2.3,1119.1,72.5,651.5,1843.2,64.7,6.1,60.7,1191.6,1774.0,79.6,757.9,2611.6,71.0,4.3,67.9,1853.7,300.2,40.3,161.9,502.4,67.8,11.8,59.8,340.5,115.9,14.3,71.6,201.9,64.5,11.0,57.4,130.3,281.0,14.5,136.0,431.5,68.5,4.9,65.1,295.5,19.1,2.9,16.8,38.9,56.8,13.3,49.2,22.1,48.0,2.3,27.9,78.2,64.3,4.5,61.4,50.3,6.0,"..",3.1,9.7,68.4,9.5,61.9,6.7,2361.6,136.4,1086.4,3584.3,69.7,5.5,65.9,2498.0
"2015Q1",937.8,38.8,309.0,1285.6,76.0,4.0,72.9,976.6,153.4,18.7,71.5,243.5,70.7,10.8,63.0,172.1,65.8,7.9,29.6,103.4,71.4,10.8,63.7,73.8,155.9,10.6,44.0,210.6,79.1,6.4,74.1,166.6,10.5,"..",5.7,17.1,66.8,7.7,61.7,11.4,25.0,1.7,9.9,36.7,72.9,6.5,68.1,26.7,3.2,"..",1.3,4.6,70.7,"..",70.7,3.2,1254.6,70.1,430.3,1755.0,75.5,5.3,71.5,1324.7,842.6,38.9,458.2,1339.6,65.8,4.4,62.9,881.5,140.7,22.4,99.2,262.2,62.2,13.7,53.6,163.1,57.2,8.8,50.6,116.5,56.6,13.3,49.1,66.0,131.2,10.6,81.2,223.0,63.6,7.5,58.8,141.8,9.4,1.4,8.0,18.7,57.4,13.1,49.9,10.8,22.6,"..",17.0,40.2,57.8,2.9,56.1,23.2,1.8,"..",2.2,4.0,45.7,3.9,44.0,1.8,1116.0,75.0,662.3,1853.2,64.3,6.3,60.2,1190.9,1780.4,77.7,767.2,2625.3,70.8,4.2,67.8,1858.1,294.1,41.1,170.6,505.8,66.3,12.3,58.1,335.2,123.0,16.7,80.2,219.9,63.5,12.0,55.9,139.7,287.2,21.3,125.2,433.6,71.1,6.9,66.2,308.4,19.9,2.3,13.6,35.8,61.9,10.3,55.5,22.2,47.5,2.4,26.9,76.9,65.0,4.8,61.8,49.9,5.0,"..",3.5,8.6,59.1,1.4,58.3,5.1,2370.5,145.1,1092.6,3608.2,69.7,5.8,65.7,2515.7
"2015Q2",946.2,35.3,329.9,1311.4,74.8,3.6,72.2,981.5,154.2,17.7,73.2,245.2,70.1,10.3,62.9,172.0,62.4,4.2,30.4,97.1,68.7,6.3,64.3,66.7,153.0,8.5,45.3,206.8,78.1,5.3,74.0,161.5,10.1,"..",4.7,15.4,69.5,5.4,65.7,10.7,24.2,1.3,9.7,35.2,72.4,5.2,68.7,25.5,3.6,"..",2.9,6.7,57.2,6.2,53.7,3.8,1253.8,61.3,452.3,1767.4,74.4,4.7,70.9,1315.1,848.4,40.3,479.8,1368.5,64.9,4.5,62.0,888.8,138.2,23.0,102.5,263.7,61.1,14.3,52.4,161.2,55.7,8.9,46.9,111.5,58.0,13.8,50.0,64.6,121.7,10.0,78.8,210.5,62.6,7.6,57.8,131.7,8.7,1.3,9.5,19.6,51.2,13.1,44.5,10.0,20.2,"..",17.2,38.1,54.9,3.4,53.0,20.9,2.2,"..",2.8,5.0,44.4,2.2,43.4,2.2,1105.8,73.5,682.4,1861.7,63.3,6.2,59.4,1179.3,1794.6,75.7,809.7,2679.9,69.8,4.0,67.0,1870.3,292.4,40.8,175.7,508.9,65.5,12.2,57.5,333.2,118.2,13.1,77.3,208.6,62.9,10.0,56.7,131.3,274.6,18.6,124.1,417.3,70.3,6.3,65.8,293.2,18.8,1.9,14.2,34.9,59.3,9.1,53.9,20.7,44.4,2.0,26.9,73.3,63.3,4.4,60.5,46.4,5.8,"..",5.6,11.7,51.8,4.8,49.3,6.0,2359.6,134.8,1134.7,3629.1,68.7,5.4,65.0,2494.4
"2015Q3",927.4,39.6,336.7,1303.6,74.2,4.1,71.1,966.9,152.1,19.3,75.8,247.1,69.3,11.3,61.5,171.4,63.6,8.3,34.2,106.2,67.8,11.6,59.9,71.9,155.2,9.0,49.8,214.0,76.7,5.5,72.5,164.2,10.2,1.2,4.3,15.7,72.5,10.6,64.9,11.4,21.4,"..",7.5,29.3,74.6,2.2,72.9,21.9,3.6,"..",1.7,6.1,72.8,18.6,59.3,4.5,1240.0,68.1,471.4,1779.5,73.5,5.2,69.7,1308.1,833.8,38.1,492.1,1364.0,63.9,4.4,61.1,871.9,142.7,21.7,101.0,265.3,61.9,13.2,53.8,164.3,56.8,8.5,53.4,118.6,55.0,13.0,47.8,65.2,127.9,9.5,82.5,219.9,62.5,6.9,58.1,137.4,10.2,"..",8.4,19.3,56.6,6.4,53.0,10.9,18.7,"..",14.8,34.2,56.8,4.2,54.5,19.5,1.6,"..",1.9,4.1,53.3,26.3,39.3,2.2,1102.4,69.2,698.7,1870.4,62.6,5.9,58.9,1171.6,1761.1,77.7,828.7,2667.6,68.9,4.2,66.0,1838.8,294.7,40.9,176.8,512.4,65.5,12.2,57.5,335.7,120.4,16.8,87.6,224.8,61.0,12.2,53.5,137.2,283.1,18.5,132.3,433.9,69.5,6.1,65.2,301.6,20.4,1.9,12.7,35.0,63.7,8.5,58.3,22.3,40.0,1.3,22.2,63.6,65.0,3.1,63.0,41.3,5.3,1.4,3.6,10.3,65.0,21.1,51.2,6.7,2342.4,137.3,1170.2,3649.8,67.9,5.5,64.2,2479.7
"2015Q4",947.2,37.3,330.7,1315.2,74.9,3.8,72.0,984.5,158.3,14.7,76.1,249.2,69.4,8.5,63.5,173.0,68.2,5.6,30.1,104.0,71.0,7.6,65.6,73.8,160.4,9.9,49.4,219.7,77.5,5.8,73.0,170.3,10.9,1.6,5.2,17.7,70.8,13.0,61.6,12.5,19.6,"..",7.1,26.8,73.6,0.9,73.0,19.8,5.4,"..",1.2,6.8,82.8,3.5,79.9,5.6,1270.7,62.8,460.0,1793.6,74.4,4.7,70.8,1333.6,856.5,33.9,482.3,1372.7,64.9,3.8,62.4,890.4,142.4,19.8,105.0,267.2,60.7,12.2,53.3,162.1,61.5,7.3,46.8,115.6,59.5,10.6,53.2,68.8,130.7,8.0,81.9,220.6,62.9,5.8,59.3,138.7,11.0,"..",8.9,20.5,56.6,5.1,53.7,11.6,18.3,"..",13.5,32.3,58.0,2.3,56.7,18.7,3.8,"..",1.5,5.6,73.5,7.9,67.7,4.1,1131.1,61.8,688.6,1881.5,63.4,5.2,60.1,1192.9,1803.7,71.2,813.0,2688.0,69.8,3.8,67.1,1874.9,300.7,34.5,181.1,516.3,64.9,10.3,58.2,335.2,129.7,12.9,76.9,219.6,65.0,9.1,59.1,142.6,291.1,17.9,131.3,440.3,70.2,5.8,66.1,309.0,21.9,2.2,14.0,38.2,63.2,9.2,57.4,24.1,37.9,"..",20.6,59.1,65.1,1.5,64.1,38.5,9.2,"..",2.7,12.4,78.6,5.4,74.4,9.8,2401.8,124.6,1148.6,3675.0,68.7,4.9,65.4,2526.4
"2016Q1",955.6,37.6,326.3,1319.4,75.3,3.8,72.4,993.2,159.5,20.1,71.5,251.1,71.5,11.2,63.5,179.6,69.6,6.6,30.6,106.9,71.3,8.7,65.1,76.2,165.8,12.9,49.2,227.9,78.4,7.2,72.7,178.7,11.1,"..",4.7,16.6,72.0,7.8,66.4,12.0,17.5,"..",6.8,24.5,72.4,1.3,71.5,17.8,3.3,"..",2.0,5.5,64.8,9.3,58.8,3.6,1283.8,69.6,454.6,1808.0,74.9,5.1,71.0,1353.4,866.4,40.1,473.6,1380.1,65.7,4.4,62.8,906.5,145.1,22.5,101.4,269.0,62.3,13.4,53.9,167.6,60.6,7.3,50.5,118.5,57.4,10.8,51.2,68.0,129.8,10.3,85.5,225.6,62.1,7.3,57.6,140.1,11.2,1.6,8.6,21.5,59.8,12.5,52.4,12.9,16.0,"..",11.3,28.3,60.1,5.7,56.7,17.0,3.1,"..",2.5,6.1,59.0,13.5,51.0,3.6,1140.1,72.7,680.6,1893.5,64.1,6.0,60.2,1212.9,1821.9,77.7,799.8,2699.5,70.4,4.1,67.5,1899.7,304.6,42.5,173.0,520.1,66.7,12.3,58.6,347.2,130.2,14.0,81.1,225.3,64.0,9.7,57.8,144.2,295.6,23.2,134.7,453.5,70.3,7.3,65.2,318.9,22.3,2.5,13.3,38.1,65.2,10.2,58.5,24.8,33.6,1.2,18.1,52.8,65.8,3.4,63.6,34.8,6.3,"..",4.4,11.6,61.8,11.4,54.7,7.2,2424.0,142.4,1135.1,3701.4,69.3,5.5,65.5,2566.3
"2016Q2",986.5,35.5,334.9,1356.9,75.3,3.5,72.7,1022.0,168.3,18.6,67.2,254.1,73.6,10.0,66.2,186.9,70.4,6.0,29.8,106.1,72.0,7.8,66.3,76.4,168.4,10.3,49.6,228.3,78.3,5.8,73.7,178.7,11.9,1.4,4.9,18.2,72.9,10.5,65.2,13.2,12.0,"..",5.3,18.2,70.8,6.8,66.0,12.9,"..","..","..","..","..","..","..","..",1311.7,62.6,453.9,1828.2,75.2,4.6,71.7,1374.2,879.4,39.3,483.8,1402.6,65.5,4.3,62.7,918.8,151.7,21.0,98.1,270.8,63.8,12.2,56.0,172.7,63.0,7.3,47.8,118.1,59.5,10.4,53.4,70.3,135.8,6.8,85.2,227.8,62.6,4.8,59.6,142.6,12.6,1.1,7.5,21.2,64.8,7.8,59.8,13.7,11.0,"..",5.7,17.1,66.4,3.0,64.4,11.3,"..","..","..","..","..","..","..","..",1160.0,66.1,678.5,1904.7,64.4,5.4,60.9,1226.2,1865.9,74.8,818.7,2759.5,70.3,3.9,67.6,1940.7,320.0,39.6,165.3,524.9,68.5,11.0,61.0,359.6,133.4,13.3,77.6,224.2,65.4,9.0,59.5,146.7,304.1,17.1,134.8,456.1,70.4,5.3,66.7,321.3,24.5,2.5,12.4,39.3,68.5,9.1,62.3,27.0,23.0,1.2,11.1,35.3,68.7,5.0,65.2,24.2,"..","..","..","..","..","..","..","..",2471.7,128.7,1132.5,3732.9,69.7,4.9,66.2,2600.4
"2016Q3",984.8,38.3,327.6,1350.7,75.7,3.7,72.9,1023.1,168.5,15.9,72.7,257.1,71.7,8.6,65.5,184.3,71.0,8.2,27.8,107.0,74.0,10.3,66.4,79.2,175.2,10.5,49.8,235.4,78.9,5.7,74.4,185.7,15.6,"..",4.9,21.3,77.1,5.0,73.2,16.5,10.8,"..",5.4,16.8,68.1,5.4,64.4,11.4,"..","..","..","..","..","..","..","..",1323.9,65.2,450.2,1839.3,75.5,4.7,72.0,1389.1,883.7,31.2,486.2,1401.2,65.3,3.4,63.1,915.0,150.1,21.8,100.8,272.6,63.0,12.7,55.1,171.9,65.8,7.2,47.4,120.5,60.7,9.9,54.7,73.1,138.4,9.1,89.4,236.9,62.3,6.2,58.4,147.5,11.0,"..",6.9,18.8,63.3,7.0,58.8,11.9,9.3,"..",5.3,15.2,65.2,5.7,61.5,9.9,"..","..","..","..","..","..","..","..",1166.2,62.4,685.0,1913.6,64.2,5.1,60.9,1228.6,1868.5,69.6,813.8,2751.9,70.4,3.6,67.9,1938.1,318.6,37.6,173.5,529.7,67.2,10.6,60.1,356.2,136.9,15.4,75.2,227.5,66.9,10.1,60.2,152.3,313.6,19.6,139.1,472.4,70.5,5.9,66.4,333.2,26.7,1.7,11.8,40.1,70.6,5.9,66.5,28.3,20.2,1.2,10.6,32.0,66.7,5.5,63.0,21.3,"..","..","..","..","..","..","..","..",2490.1,127.6,1135.3,3752.9,69.8,4.9,66.4,2617.7
"2016Q4",997.0,40.3,320.0,1357.4,76.4,3.9,73.5,1037.4,170.3,21.0,67.7,259.0,73.9,11.0,65.7,191.3,73.2,7.1,26.0,106.3,75.5,8.8,68.8,80.3,180.9,9.5,44.3,234.7,81.1,5.0,77.1,190.4,16.7,1.2,4.5,22.4,79.8,6.7,74.4,17.9,17.0,1.8,6.3,25.1,74.8,9.7,67.6,18.8,"..","..","..","..","..","..","..","..",1348.9,68.9,434.2,1851.9,76.6,4.9,72.8,1417.8,896.8,40.2,464.4,1401.4,66.9,4.3,64.0,937.0,158.5,23.0,93.0,274.4,66.1,12.7,57.7,181.5,68.2,8.1,43.2,119.6,63.8,10.6,57.0,76.3,148.2,9.3,81.6,239.1,65.9,5.9,62.0,157.5,11.3,1.9,9.2,22.4,58.9,14.2,50.5,13.2,14.5,"..",9.2,24.2,62.0,3.2,60.0,15.0,"..","..","..","..","..","..","..","..",1196.0,71.3,657.1,1924.4,65.9,5.6,62.1,1267.3,1893.8,80.5,784.4,2758.8,71.6,4.1,68.6,1974.3,328.8,44.0,160.7,533.5,69.9,11.8,61.6,372.8,141.4,15.2,69.3,225.9,69.3,9.7,62.6,156.6,329.1,18.8,125.9,473.8,73.4,5.4,69.5,347.9,28.0,3.1,13.8,44.8,69.3,9.9,62.4,31.1,31.5,2.3,15.5,49.3,68.5,6.8,63.8,33.8,"..","..","..","..","..","..","..","..",2544.9,140.2,1091.3,3776.4,71.1,5.2,67.4,2685.1
"2017Q1",1004.7,37.9,311.9,1354.5,77.0,3.6,74.2,1042.6,178.5,17.3,65.2,261.0,75.0,8.8,68.4,195.8,75.7,6.9,27.2,109.8,75.2,8.4,68.9,82.6,187.9,8.8,49.4,246.0,79.9,4.5,76.4,196.7,15.8,"..",5.1,21.7,76.6,4.7,73.0,16.6,18.7,1.5,7.0,27.2,74.2,7.4,68.7,20.2,"..","..","..","..","..","..","..","..",1370.0,63.7,431.2,1865.0,76.9,4.4,73.5,1433.7,892.8,40.2,469.1,1402.1,66.5,4.3,63.7,933.0,161.8,22.3,92.1,276.1,66.6,12.1,58.6,184.0,63.5,10.1,46.0,119.6,61.6,13.8,53.1,73.7,154.3,12.3,87.5,254.0,65.6,7.4,60.7,166.5,11.6,1.3,8.9,21.9,59.1,10.4,52.9,12.9,14.4,"..",10.5,25.7,59.1,5.3,55.9,15.2,"..","..","..","..","..","..","..","..",1196.5,77.2,661.9,1935.6,65.8,6.1,61.8,1273.7,1897.5,78.1,781.0,2756.5,71.7,4.0,68.8,1975.6,340.3,39.5,157.3,537.1,70.7,10.4,63.3,379.8,139.2,17.1,73.2,229.5,68.1,10.9,60.7,156.3,342.1,21.0,136.8,500.0,72.6,5.8,68.4,363.2,27.4,2.1,14.0,43.5,67.8,7.2,62.9,29.5,33.1,2.3,17.5,52.9,66.9,6.5,62.5,35.4,"..","..","..","..","..","..","..","..",2566.4,140.9,1093.1,3800.5,71.2,5.2,67.5,2707.4
"2017Q2",992.4,34.9,330.7,1357.9,75.6,3.4,73.1,1027.3,171.8,21.6,69.3,262.6,73.6,11.2,65.4,193.4,74.2,7.7,29.7,111.6,73.4,9.4,66.5,81.9,186.7,8.3,46.5,241.6,80.7,4.3,77.3,195.1,15.6,1.3,4.0,20.9,81.0,7.9,74.6,17.0,22.3,1.2,10.4,33.9,69.3,5.2,65.6,23.5,"..","..","..","..","..","..","..","..",1359.5,65.6,450.8,1875.8,76.0,4.6,72.5,1425.1,887.4,32.1,487.9,1407.4,65.3,3.5,63.1,919.5,154.6,19.3,103.8,277.6,62.6,11.1,55.7,173.8,65.3,8.1,51.1,124.5,59.0,11.1,52.4,73.4,153.5,8.6,90.6,252.7,64.1,5.3,60.7,162.0,10.9,1.6,9.1,21.6,57.8,12.7,50.4,12.5,17.9,1.2,12.3,31.4,60.9,6.1,57.1,19.1,"..","..","..","..","..","..","..","..",1189.1,60.3,694.8,1944.2,64.3,4.8,61.2,1249.4,1879.8,67.0,818.6,2765.4,70.4,3.4,68.0,1946.8,326.4,40.9,173.0,540.2,68.0,11.1,60.4,367.2,139.5,15.9,80.7,236.1,65.8,10.2,59.1,155.3,340.2,16.9,137.2,494.3,72.2,4.7,68.8,357.1,26.5,2.9,13.1,42.6,69.2,10.0,62.3,29.5,40.2,2.4,22.7,65.3,65.2,5.6,61.6,42.6,"..","..","..","..","..","..","..","..",2548.6,125.9,1145.6,3820.0,70.0,4.7,66.7,2674.5
"2017Q3",988.0,31.7,322.7,1342.4,76.0,3.1,73.6,1019.7,183.8,15.8,64.7,264.2,75.5,7.9,69.6,199.6,79.3,7.6,31.4,118.2,73.5,8.8,67.0,86.9,191.7,8.4,50.6,250.7,79.8,4.2,76.5,200.1,18.6,1.3,5.6,25.5,77.9,6.5,72.8,19.9,25.3,1.1,11.3,37.7,70.1,4.3,67.1,26.4,"..","..","..","..","..","..","..","..",1378.5,58.6,448.2,1885.3,76.2,4.1,73.1,1437.1,899.1,36.5,461.4,1396.9,67.0,3.9,64.4,935.5,161.6,22.3,95.2,279.1,65.9,12.1,57.9,183.9,69.7,7.9,51.7,129.2,60.0,10.2,53.9,77.6,155.4,8.5,91.2,255.1,64.3,5.2,60.9,163.9,13.0,1.8,7.9,22.6,65.1,11.9,57.3,14.7,18.2,"..",13.7,32.7,58.3,4.8,55.5,19.1,"..","..","..","..","..","..","..","..",1215.1,66.4,670.1,1951.6,65.7,5.2,62.3,1281.5,1887.0,68.2,784.1,2739.3,71.4,3.5,68.9,1955.2,345.4,38.0,159.9,543.3,70.6,9.9,63.6,383.5,148.9,15.5,83.0,247.5,66.5,9.4,60.2,164.4,347.1,16.9,141.7,505.8,72.0,4.7,68.6,364.1,31.5,3.0,13.5,48.1,71.9,8.8,65.5,34.6,43.4,2.0,24.9,70.4,64.6,4.5,61.7,45.4,"..","..","..","..","..","..","..","..",2593.6,125.0,1118.3,3836.9,70.9,4.6,67.6,2718.6
"2017Q4",1015.3,35.2,318.8,1369.3,76.7,3.4,74.1,1050.5,186.0,14.1,65.9,266.0,75.2,7.1,69.9,200.2,78.8,4.4,29.6,112.8,73.8,5.3,69.9,83.3,192.7,8.0,48.7,249.5,80.5,4.0,77.2,200.8,15.9,1.9,5.3,23.2,77.1,10.9,68.7,17.9,30.0,1.6,10.7,42.3,74.8,5.1,70.9,31.7,"..","..","..","..","..","..","..","..",1399.9,58.7,437.5,1896.1,76.9,4.0,73.8,1458.6,915.3,34.4,462.5,1412.1,67.3,3.6,64.8,949.7,166.6,20.7,93.3,280.7,66.8,11.1,59.4,187.4,68.0,7.8,46.8,122.5,61.8,10.3,55.5,75.7,159.4,8.3,87.3,255.0,65.8,5.0,62.5,167.7,12.4,1.8,8.0,22.2,63.9,12.8,55.7,14.2,19.8,1.1,14.1,35.0,59.8,5.3,56.6,20.9,"..","..","..","..","..","..","..","..",1237.1,64.0,659.6,1960.7,66.4,4.9,63.1,1301.1,1930.5,69.6,781.3,2781.4,71.9,3.5,69.4,2000.1,352.6,34.9,159.2,546.7,70.9,9.0,64.5,387.5,146.8,12.2,76.3,235.3,67.6,7.7,62.4,159.0,352.1,16.4,136.0,504.5,73.0,4.4,69.8,368.5,28.3,3.8,13.3,45.4,70.6,11.7,62.4,32.1,49.9,2.7,24.8,77.4,68.0,5.2,64.4,52.6,"..","..","..","..","..","..","..","..",2637.0,122.7,1097.2,3856.9,71.6,4.4,68.4,2759.7
"2018Q1",1012.3,35.7,316.6,1364.6,76.8,3.4,74.2,1048.0,181.5,17.0,69.3,267.8,74.1,8.6,67.8,198.6,81.7,5.4,30.2,117.3,74.3,6.2,69.6,87.1,196.7,7.8,49.9,254.3,80.4,3.8,77.3,204.4,17.8,1.6,4.8,24.2,80.3,8.4,73.6,19.4,30.8,"..",12.3,44.1,72.2,3.0,70.0,31.8,"..","..","..","..","..","..","..","..",1404.5,60.0,443.6,1908.2,76.8,4.1,73.6,1464.6,912.2,40.4,463.2,1415.8,67.3,4.2,64.4,952.6,166.2,19.6,96.5,282.3,65.8,10.6,58.9,185.8,68.7,8.1,49.9,126.6,60.6,10.5,54.2,76.8,161.8,9.8,89.9,261.6,65.6,5.7,61.9,171.7,14.8,1.5,8.1,24.5,66.8,9.5,60.5,16.4,21.3,1.1,13.7,36.1,61.9,4.8,58.9,22.3,"..","..","..","..","..","..","..","..",1237.5,68.6,664.3,1970.4,66.3,5.3,62.8,1306.1,1924.5,76.1,779.8,2780.4,72.0,3.8,69.2,2000.6,347.7,36.7,165.8,550.2,69.9,9.5,63.2,384.4,150.3,13.5,80.0,243.9,67.2,8.2,61.6,163.8,358.5,17.6,139.8,515.8,72.9,4.7,69.5,376.1,32.6,3.2,12.9,48.6,73.5,8.9,67.0,35.8,52.1,2.0,26.0,80.1,67.6,3.8,65.0,54.1,"..","..","..","..","..","..","..","..",2642.0,128.7,1107.9,3878.6,71.4,4.6,68.1,2770.7
"2018Q2",1003.8,37.1,326.0,1366.9,76.1,3.6,73.4,1040.9,187.2,16.8,66.1,270.1,75.5,8.2,69.3,204.0,81.1,5.9,34.6,121.5,71.6,6.7,66.7,87.0,203.7,7.6,57.3,268.5,78.7,3.6,75.9,211.3,15.8,1.5,4.3,21.7,80.0,8.8,73.0,17.4,32.0,"..",12.5,45.6,72.5,3.0,70.3,33.0,"..","..","..","..","..","..","..","..",1401.2,61.6,458.6,1921.4,76.1,4.2,72.9,1462.8,898.9,33.7,471.5,1404.1,66.4,3.6,64.0,932.6,170.9,20.2,92.9,284.0,67.3,10.6,60.2,191.1,72.0,8.9,51.3,132.2,61.2,11.0,54.5,80.8,176.0,7.9,95.4,279.3,65.8,4.3,63.0,183.9,13.2,"..",8.4,22.5,62.8,6.4,58.8,14.1,21.7,"..",12.6,35.3,64.2,4.4,61.4,22.7,"..","..","..","..","..","..","..","..",1240.9,61.0,681.0,1982.9,65.7,4.7,62.6,1301.9,1902.7,70.8,797.5,2771.0,71.2,3.6,68.7,1973.5,358.1,37.0,158.9,554.0,71.3,9.4,64.6,395.1,153.1,14.7,85.9,253.7,66.2,8.8,60.3,167.8,379.7,15.5,152.7,547.9,72.1,3.9,69.3,395.2,29.1,2.4,12.7,44.2,71.2,7.7,65.8,31.5,53.8,2.0,25.2,80.9,68.9,3.6,66.4,55.7,"..","..","..","..","..","..","..","..",2642.2,122.5,1139.5,3904.2,70.8,4.4,67.7,2764.7
"2018Q3",1002.7,33.1,327.1,1362.9,76.0,3.2,73.6,1035.8,179.8,17.4,74.6,271.8,72.6,8.8,66.2,197.2,84.9,5.5,35.1,125.5,72.0,6.0,67.7,90.4,210.2,6.6,58.9,275.7,78.6,3.1,76.2,216.8,19.7,"..",4.4,24.6,82.3,2.7,80.1,20.2,31.5,1.1,12.1,44.7,72.9,3.3,70.5,32.6,"..","..","..","..","..","..","..","..",1406.4,57.3,465.5,1929.2,75.9,3.9,72.9,1463.7,910.8,26.7,463.5,1401.0,66.9,2.9,65.0,937.5,173.0,15.2,97.3,285.5,65.9,8.1,60.6,188.2,70.5,5.0,52.5,128.0,59.0,6.6,55.1,75.5,175.6,8.7,98.0,282.2,65.3,4.7,62.2,184.3,14.1,"..",8.2,23.0,64.6,5.0,61.3,14.9,23.1,1.2,12.7,37.0,65.6,4.9,62.4,24.3,"..","..","..","..","..","..","..","..",1258.6,50.2,680.7,1989.5,65.8,3.8,63.3,1308.8,1913.5,59.9,790.6,2764.0,71.4,3.0,69.2,1973.3,352.8,32.6,171.8,557.2,69.2,8.5,63.3,385.4,155.4,10.4,87.6,253.4,65.4,6.3,61.3,165.8,385.8,15.3,156.8,557.9,71.9,3.8,69.1,401.1,33.8,1.3,12.5,47.6,73.7,3.7,71.0,35.1,54.6,2.3,24.9,81.7,69.6,4.0,66.8,56.8,"..","..","..","..","..","..","..","..",2664.9,107.5,1146.2,3918.6,70.8,3.9,68.0,2772.5
"2018Q4",1011.9,39.7,328.4,1379.9,76.2,3.8,73.3,1051.6,185.8,15.2,72.6,273.7,73.5,7.6,67.9,201.0,85.7,7.3,33.6,126.5,73.5,7.8,67.7,92.9,201.3,9.9,55.5,266.7,79.2,4.7,75.5,211.2,17.3,1.1,4.4,22.8,80.6,5.8,75.9,18.4,31.2,"..",10.7,42.6,75.0,2.5,73.2,31.9,"..","..","..","..","..","..","..","..",1408.9,66.8,461.4,1937.0,76.2,4.5,72.7,1475.7,911.4,30.8,477.0,1419.2,66.4,3.3,64.2,942.2,171.1,16.7,99.6,287.4,65.3,8.9,59.5,187.8,71.6,7.2,54.2,133.0,59.2,9.1,53.8,78.8,172.3,6.9,97.0,276.2,64.9,3.9,62.4,179.2,12.2,"..",8.7,21.7,59.9,6.3,56.2,13.0,21.0,1.3,14.0,36.3,61.4,5.9,57.8,22.3,"..","..","..","..","..","..","..","..",1248.2,54.7,694.1,1997.0,65.2,4.2,62.5,1302.9,1923.2,70.5,805.3,2799.1,71.2,3.5,68.7,1993.8,356.9,31.9,172.3,561.1,69.3,8.2,63.6,388.8,157.3,14.5,87.8,259.5,66.2,8.4,60.6,171.7,373.5,16.8,152.5,542.9,71.9,4.3,68.8,390.4,29.4,1.9,13.1,44.4,70.6,6.0,66.3,31.3,52.1,2.1,24.6,78.9,68.8,3.9,66.1,54.2,"..","..","..","..","..","..","..","..",2657.1,121.5,1155.4,3934.0,70.6,4.4,67.5,2778.6
"2019Q1",1000.7,34.5,332.1,1367.3,75.7,3.3,73.2,1035.2,188.1,12.9,74.7,275.6,72.9,6.4,68.2,200.9,86.7,7.0,37.2,130.9,71.6,7.5,66.2,93.7,215.0,7.7,54.1,276.8,80.5,3.5,77.7,222.7,18.7,"..",4.3,23.8,82.1,4.6,78.4,19.6,28.6,1.4,10.6,40.6,73.9,4.7,70.5,30.0,"..","..","..","..","..","..","..","..",1416.1,58.8,470.7,1945.6,75.8,4.0,72.8,1474.9,910.5,33.7,466.9,1411.2,66.9,3.6,64.5,944.3,169.2,20.4,99.7,289.3,65.5,10.8,58.5,189.6,74.3,8.7,55.7,138.8,59.8,10.5,53.5,83.1,176.2,11.2,90.6,278.0,67.4,6.0,63.4,187.4,14.0,1.0,8.2,23.2,64.5,6.8,60.2,15.0,21.7,"..",12.6,35.1,64.2,3.5,62.0,22.5,"..","..","..","..","..","..","..","..",1260.2,65.7,679.1,2005.0,66.1,5.0,62.9,1325.9,1911.2,68.3,799.1,2778.5,71.2,3.4,68.8,1979.4,357.3,33.2,174.4,564.9,69.1,8.5,63.2,390.5,161.0,15.7,93.0,269.7,65.5,8.9,59.7,176.7,391.2,18.9,144.7,554.8,73.9,4.6,70.5,410.1,32.7,1.9,12.5,47.1,73.4,5.5,69.4,34.6,50.3,2.2,23.1,75.6,69.4,4.2,66.5,52.5,"..","..","..","..","..","..","..","..",2676.3,124.5,1149.8,3950.6,70.9,4.4,67.7,2800.8
"2019Q2",987.6,30.0,343.3,1360.9,74.8,3.0,72.6,1017.6,185.9,13.8,77.7,277.4,72.0,6.9,67.0,199.7,80.9,7.0,34.5,122.4,71.8,8.0,66.1,87.9,228.2,7.5,59.7,295.4,79.8,3.2,77.3,235.8,16.5,1.3,4.6,22.4,79.4,7.5,73.4,17.8,29.1,1.8,10.1,41.0,75.2,5.7,70.9,30.9,"..","..","..","..","..","..","..","..",1411.6,53.1,488.4,1953.1,75.0,3.6,72.3,1464.7,898.1,27.5,474.9,1400.6,66.1,3.0,64.1,925.6,174.8,16.3,100.0,291.1,65.7,8.5,60.0,191.1,69.0,7.0,50.7,126.8,60.0,9.2,54.5,76.0,189.5,11.4,99.5,300.4,66.9,5.7,63.1,200.8,13.4,"..",9.5,23.6,59.8,5.4,56.6,14.1,22.7,"..",14.8,38.2,61.1,2.8,59.4,23.3,"..","..","..","..","..","..","..","..",1263.1,55.8,692.5,2011.4,65.6,4.2,62.8,1318.9,1885.7,57.5,818.2,2761.4,70.4,3.0,68.3,1943.2,360.7,30.1,177.7,568.5,68.7,7.7,63.4,390.8,150.0,14.0,85.2,249.2,65.8,8.5,60.2,164.0,417.7,18.9,159.2,595.8,73.3,4.3,70.1,436.6,29.8,2.1,14.1,46.0,69.4,6.6,64.8,31.9,51.8,2.4,25.0,79.2,68.4,4.5,65.4,54.2,"..","..","..","..","..","..","..","..",2674.7,108.9,1180.9,3964.5,70.2,3.9,67.5,2783.6
"2019Q3",986.9,30.8,337.0,1354.6,75.1,3.0,72.9,1017.7,185.9,15.8,77.7,279.4,72.2,7.8,66.5,201.7,87.5,5.4,38.1,131.1,70.9,5.8,66.8,93.0,232.9,7.6,63.3,303.9,79.2,3.2,76.6,240.5,18.0,1.0,4.5,23.5,80.9,5.3,76.6,19.0,26.9,"..",10.1,37.4,72.9,1.5,71.8,27.3,"..","..","..","..","..","..","..","..",1418.0,55.3,488.4,1961.7,75.1,3.8,72.3,1473.3,906.1,30.7,459.2,1396.0,67.1,3.3,64.9,936.8,171.7,15.4,106.0,293.0,63.8,8.2,58.6,187.1,76.6,7.8,56.8,141.2,59.8,9.2,54.3,84.4,188.8,10.6,102.2,301.6,66.1,5.3,62.6,199.3,14.6,1.1,8.5,24.2,65.0,7.2,60.3,15.7,19.9,"..",15.6,36.3,57.0,3.9,54.8,20.7,"..","..","..","..","..","..","..","..",1268.7,57.1,692.8,2018.6,65.7,4.3,62.9,1325.8,1893.0,61.5,796.2,2750.7,71.1,3.1,68.8,1954.5,357.6,31.1,183.6,572.4,67.9,8.0,62.5,388.7,164.1,13.2,94.9,272.3,65.1,7.5,60.3,177.4,421.7,18.2,165.6,605.4,72.6,4.1,69.6,439.8,32.6,2.1,13.0,47.7,72.8,6.2,68.3,34.7,46.8,1.2,25.7,73.7,65.1,2.5,63.5,48.0,"..","..","..","..","..","..","..","..",2686.7,112.4,1181.2,3980.3,70.3,4.0,67.5,2799.0
"2019Q4",1001.6,33.7,333.2,1368.6,75.7,3.3,73.2,1035.4,188.7,16.3,76.7,281.7,72.8,8.0,67.0,205.0,94.2,6.7,35.5,136.4,74.0,6.6,69.1,100.9,230.3,7.3,58.2,295.7,80.3,3.1,77.9,237.6,20.4,1.6,4.9,26.9,81.9,7.5,75.8,22.0,25.8,"..",9.9,36.6,72.9,3.2,70.5,26.7,"..","..","..","..","..","..","..","..",1438.4,58.9,477.3,1974.6,75.8,3.9,72.8,1497.3,905.7,31.5,466.6,1403.8,66.8,3.4,64.5,937.2,177.3,17.3,100.8,295.4,65.9,8.9,60.0,194.6,75.8,6.4,60.5,142.7,57.6,7.8,53.1,82.2,197.3,7.8,98.5,303.7,67.6,3.8,65.0,205.2,16.7,1.5,8.7,26.9,67.8,8.2,62.2,18.2,20.2,"..",15.6,36.4,57.3,3.1,55.5,20.9,"..","..","..","..","..","..","..","..",1280.8,56.7,693.0,2030.5,65.9,4.2,63.1,1337.5,1907.3,65.3,799.8,2772.4,71.2,3.3,68.8,1972.6,366.0,33.6,177.5,577.1,69.2,8.4,63.4,399.6,169.9,13.1,96.0,279.1,65.6,7.2,60.9,183.1,427.6,15.1,156.7,599.5,73.9,3.4,71.3,442.8,37.1,3.2,13.5,53.8,74.8,7.8,69.0,40.3,46.1,1.5,25.5,73.1,65.1,3.2,63.0,47.6,"..","..","..","..","..","..","..","..",2719.3,115.5,1170.3,4005.1,70.8,4.1,67.9,2834.8
"2020Q1",1008.8,37.6,330.2,1376.6,76.0,3.6,73.3,1046.4,192.7,16.8,74.6,284.1,73.7,8.0,67.8,209.5,95.1,6.8,35.6,137.4,74.1,6.7,69.2,101.9,234.4,10.3,58.2,302.9,80.8,4.2,77.4,244.7,21.0,1.5,5.9,28.5,79.3,6.8,73.9,22.6,23.8,"..",12.0,36.1,66.9,1.5,65.9,24.1,"..","..","..","..","..","..","..","..",1453.9,63.5,473.2,1990.6,76.2,4.2,73.0,1517.4,911.7,33.1,466.7,1411.6,66.9,3.5,64.6,944.9,175.9,18.0,104.0,297.9,65.1,9.3,59.0,193.9,76.8,7.8,60.7,145.3,58.2,9.2,52.9,84.6,198.7,12.7,98.1,309.6,68.3,6.0,64.2,211.5,18.5,1.2,10.7,30.4,64.9,6.0,61.0,19.7,20.3,"..",16.2,37.1,56.2,2.8,54.7,20.9,"..","..","..","..","..","..","..","..",1284.4,64.9,696.8,2046.1,65.9,4.8,62.8,1349.3,1920.6,70.7,796.9,2788.2,71.4,3.6,68.9,1991.3,368.7,34.8,178.7,582.1,69.3,8.6,63.3,403.4,171.9,14.6,96.2,282.7,66.0,7.8,60.8,186.5,433.1,23.0,156.4,612.5,74.5,5.1,70.7,456.2,39.6,2.7,16.5,58.8,71.9,6.4,67.3,42.3,44.0,"..",28.2,73.2,61.5,2.1,60.2,45.0,"..","..","..","..","..","..","..","..",2738.3,128.4,1170.0,4036.7,71.0,4.5,67.8,2866.7
"2020Q2",1007.5,31.8,355.8,1395.1,74.5,3.1,72.2,1039.3,193.3,12.1,81.0,286.4,71.7,5.9,67.5,205.4,84.2,4.9,34.4,123.4,72.1,5.5,68.2,89.0,238.1,8.2,64.5,310.8,79.3,3.3,76.6,246.3,18.9,"..",6.0,25.6,76.7,3.7,73.8,19.7,23.8,"..",10.9,35.5,69.2,3.2,67.0,24.6,"..","..","..","..","..","..","..","..",1442.8,52.8,505.1,2000.7,74.8,3.5,72.1,1495.6,906.0,32.7,491.2,1430.0,65.6,3.5,63.4,938.8,172.2,14.0,114.1,300.2,62.0,7.5,57.4,186.1,70.0,5.6,58.3,133.9,56.4,7.4,52.3,75.6,194.3,11.7,104.2,310.2,66.4,5.7,62.6,206.0,17.0,1.3,9.5,27.8,65.7,7.0,61.1,18.3,19.3,"..",15.4,35.6,56.7,4.5,54.1,20.2,"..","..","..","..","..","..","..","..",1269.5,58.6,728.2,2056.3,64.6,4.4,61.7,1328.1,1913.5,64.5,847.1,2825.1,70.0,3.3,67.7,1978.1,365.5,26.0,195.1,586.6,66.7,6.6,62.3,391.5,154.2,10.4,92.7,257.3,64.0,6.3,59.9,164.6,432.4,19.9,168.7,621.0,72.8,4.4,69.6,452.4,35.9,2.0,15.5,53.4,71.0,5.3,67.2,37.9,43.0,1.7,26.4,71.1,62.9,3.8,60.5,44.7,"..","..","..","..","..","..","..","..",2712.3,111.4,1233.3,4057.0,69.6,3.9,66.9,2823.7
"2020Q3",988.6,42.9,348.2,1379.7,74.8,4.2,71.7,1031.6,187.2,16.7,84.8,288.7,70.6,8.2,64.8,203.9,90.1,7.5,34.6,132.2,73.9,7.7,68.1,97.7,243.5,11.0,60.6,315.1,80.8,4.3,77.3,254.5,19.8,2.4,6.9,29.1,76.3,10.8,68.0,22.2,21.5,"..",9.5,31.7,70.0,3.1,67.8,22.2,"..","..","..","..","..","..","..","..",1432.5,70.7,500.0,2003.2,75.0,4.7,71.5,1503.3,893.8,42.3,481.4,1417.6,66.0,4.5,63.1,936.1,171.4,17.8,113.5,302.6,62.5,9.4,56.6,189.2,74.6,6.9,57.5,139.0,58.7,8.5,53.7,81.5,194.6,14.7,109.1,318.4,65.7,7.0,61.1,209.3,17.7,1.5,10.0,29.2,65.8,7.7,60.7,19.2,17.2,"..",15.3,33.1,53.7,3.5,51.9,17.8,"..","..","..","..","..","..","..","..",1259.0,73.5,726.5,2059.1,64.7,5.5,61.1,1332.5,1882.4,85.2,829.6,2797.3,70.3,4.3,67.3,1967.7,358.5,34.5,198.2,591.3,66.5,8.8,60.6,393.1,164.7,14.5,92.1,271.2,66.1,8.1,60.7,179.2,438.1,25.7,169.7,633.5,73.2,5.5,69.2,463.8,37.5,3.9,16.9,58.2,71.0,9.4,64.4,41.4,38.7,1.3,24.8,64.8,61.7,3.2,59.7,40.0,"..","..","..","..","..","..","..","..",2691.6,144.2,1226.5,4062.3,69.8,5.1,66.3,2835.8
"2020Q4",999.4,38.1,342.1,1379.5,75.2,3.7,72.4,1037.5,197.5,16.9,76.7,291.1,73.7,7.9,67.9,214.4,89.1,9.3,35.8,134.2,73.3,9.4,66.4,98.4,243.5,10.9,56.1,310.6,81.9,4.3,78.4,254.5,20.9,1.9,6.1,29.0,78.9,8.3,72.3,22.8,19.1,"..",7.8,27.4,71.7,2.8,69.8,19.7,"..","..","..","..","..","..","..","..",1450.2,69.8,485.1,2005.1,75.8,4.6,72.3,1520.0,909.2,36.3,481.5,1426.9,66.3,3.8,63.7,945.5,176.3,20.3,108.5,305.1,64.4,10.3,57.8,196.6,74.0,8.1,55.8,137.9,59.5,9.8,53.7,82.1,197.5,13.5,99.3,310.2,68.0,6.4,63.7,211.0,17.4,1.2,9.5,28.1,66.2,6.6,61.8,18.6,15.1,"..",13.3,28.8,54.0,2.8,52.4,15.6,"..","..","..","..","..","..","..","..",1279.0,70.8,711.4,2061.2,65.5,5.2,62.1,1349.8,1908.5,74.4,823.6,2806.5,70.7,3.8,68.0,1982.9,373.8,37.2,185.1,596.2,68.9,9.1,62.7,411.1,163.1,17.4,91.6,272.1,66.3,9.6,59.9,180.5,441.1,24.4,155.4,620.8,75.0,5.2,71.0,465.5,38.3,3.1,15.6,57.1,72.6,7.5,67.1,41.5,34.3,"..",21.0,56.3,62.6,2.8,60.9,35.3,"..","..","..","..","..","..","..","..",2729.2,140.6,1196.5,4066.3,70.6,4.9,67.1,2869.8
"2021Q1",1002.5,41.0,342.9,1386.4,75.3,3.9,72.3,1043.5,194.6,19.7,78.9,293.2,73.1,9.2,66.4,214.2,87.6,8.9,36.3,132.8,72.6,9.2,66.0,96.5,247.3,11.8,55.5,314.5,82.4,4.6,78.6,259.0,20.0,1.9,4.8,26.7,81.8,8.6,74.8,21.9,18.4,"..",7.1,25.7,72.5,0.8,71.9,18.6,"..","..","..","..","..","..","..","..",1450.8,72.9,482.7,2006.4,75.9,4.8,72.3,1523.7,914.8,40.1,486.1,1441.0,66.3,4.2,63.5,954.9,180.4,16.4,110.4,307.2,64.1,8.3,58.7,196.8,74.3,9.9,54.4,138.6,60.8,11.8,53.6,84.2,203.6,10.1,96.4,310.1,68.9,4.7,65.7,213.6,17.0,1.5,7.9,26.3,70.2,7.8,64.7,18.5,15.0,"..",12.3,27.5,55.2,1.2,54.5,15.2,"..","..","..","..","..","..","..","..",1284.6,68.4,709.0,2062.1,65.6,5.1,62.3,1353.0,1917.4,81.1,829.0,2827.5,70.7,4.1,67.8,1998.5,375.0,36.0,189.4,600.4,68.5,8.8,62.5,411.0,162.0,18.8,90.7,271.5,66.6,10.4,59.7,180.7,450.8,21.8,151.9,624.6,75.7,4.6,72.2,472.7,37.0,3.3,12.7,53.1,76.1,8.2,69.8,40.4,33.4,"..",19.3,53.1,63.6,1.0,62.9,33.8,"..","..","..","..","..","..","..","..",2735.4,141.3,1191.8,4068.5,70.7,4.9,67.2,2876.7
"2021Q2",1011.9,30.7,349.6,1392.3,74.9,2.9,72.7,1042.7,193.1,15.7,86.5,295.2,70.7,7.5,65.4,208.7,93.1,8.2,39.1,140.5,72.2,8.1,66.3,101.4,246.0,8.1,54.3,308.3,82.4,3.2,79.8,254.0,19.2,1.2,5.1,25.5,80.0,5.9,75.2,20.4,19.1,"..",6.4,25.7,75.1,1.0,74.3,19.3,"..","..","..","..","..","..","..","..",1454.2,55.4,497.3,2006.9,75.2,3.7,72.5,1509.6,921.6,30.3,494.2,1446.1,65.8,3.2,63.7,951.9,186.6,16.3,106.5,309.4,65.6,8.1,60.3,202.9,80.1,6.4,56.8,143.3,60.3,7.4,55.9,86.5,201.2,8.8,93.8,303.8,69.1,4.2,66.2,209.9,16.2,1.4,7.1,24.7,71.3,8.1,65.5,17.6,14.0,"..",12.3,26.9,54.3,3.9,52.2,14.6,"..","..","..","..","..","..","..","..",1291.6,55.2,715.7,2062.5,65.3,4.1,62.6,1346.9,1933.5,61.0,843.8,2838.4,70.3,3.1,68.1,1994.6,379.6,32.0,193.0,604.6,68.1,7.8,62.8,411.6,173.2,14.6,95.9,283.7,66.2,7.8,61.0,187.8,447.1,16.9,148.1,612.1,75.8,3.6,73.0,464.0,35.4,2.6,12.2,50.2,75.7,6.9,70.4,38.0,33.1,"..",18.7,52.5,64.5,2.2,63.0,33.9,"..","..","..","..","..","..","..","..",2745.8,110.7,1212.9,4069.4,70.2,3.9,67.5,2856.5
"2021Q3",1036.9,27.9,358.5,1423.2,74.8,2.6,72.9,1064.7,196.9,15.5,84.8,297.3,71.5,7.3,66.2,212.5,86.7,4.1,36.8,127.6,71.1,4.5,67.9,90.8,237.0,8.0,51.2,296.2,82.7,3.3,80.0,245.0,18.2,1.2,5.1,24.5,79.1,6.0,74.4,19.4,17.1,"..",6.5,23.9,72.8,1.5,71.7,17.4,"..","..","..","..","..","..","..","..",1462.2,48.9,495.8,2006.9,75.3,3.2,72.9,1511.1,955.0,25.7,484.3,1465.0,66.9,2.6,65.2,980.7,191.8,13.4,106.2,311.4,65.9,6.5,61.6,205.2,74.1,5.2,49.0,128.4,61.8,6.6,57.7,79.4,207.8,6.8,88.2,302.8,70.9,3.2,68.6,214.6,18.4,"..",6.1,25.2,75.6,3.4,73.0,19.1,14.9,"..",11.0,26.3,58.2,2.4,56.7,15.3,"..","..","..","..","..","..","..","..",1329.7,44.5,689.2,2063.3,66.6,3.2,64.4,1374.1,1991.8,53.6,842.8,2888.3,70.8,2.6,69.0,2045.4,388.7,29.0,191.0,608.7,68.6,6.9,63.9,417.7,160.8,9.3,85.8,256.0,66.5,5.5,62.8,170.1,444.7,14.8,139.4,599.0,76.7,3.2,74.2,459.6,36.6,1.8,11.2,49.7,77.4,4.7,73.7,38.4,32.0,"..",17.5,50.1,65.1,1.9,63.9,32.7,"..","..","..","..","..","..","..","..",2791.8,93.4,1185.0,4070.2,70.9,3.2,68.6,2885.2
"2021Q4",1036.5,28.3,347.8,1412.7,75.4,2.7,73.4,1064.9,204.0,15.1,80.2,299.4,73.2,6.9,68.2,219.2,84.8,4.2,33.2,122.1,72.8,4.7,69.4,88.9,246.7,6.8,52.1,305.6,83.0,2.7,80.7,253.5,19.5,1.1,4.9,25.4,80.7,5.2,76.5,20.5,15.6,"..",6.8,22.8,70.1,2.4,68.4,16.0,"..","..","..","..","..","..","..","..",1477.0,47.4,482.8,2007.3,75.9,3.1,73.6,1524.5,953.8,24.5,472.0,1450.4,67.5,2.5,65.8,978.4,192.8,14.7,106.0,313.4,66.2,7.1,61.5,207.5,73.9,5.0,49.0,127.9,61.7,6.3,57.8,78.9,215.4,6.2,92.9,314.5,70.5,2.8,68.5,221.6,18.7,1.1,6.8,26.6,74.2,5.4,70.3,19.7,13.7,"..",9.8,23.6,58.2,"..",58.2,13.7,"..","..","..","..","..","..","..","..",1337.1,44.8,681.6,2063.5,67.0,3.2,64.8,1381.9,1990.4,52.9,819.8,2863.1,71.4,2.6,69.5,2043.3,396.8,29.8,186.2,612.8,69.6,7.0,64.8,426.6,158.7,9.1,82.2,250.0,67.1,5.4,63.5,167.8,462.2,13.0,145.0,620.1,76.6,2.7,74.5,475.2,38.1,2.1,11.8,52.0,77.4,5.3,73.3,40.3,29.3,"..",16.7,46.4,64.1,1.3,63.2,29.7,"..","..","..","..","..","..","..","..",2814.1,92.2,1164.4,4070.8,71.4,3.2,69.1,2906.3
"2022Q1",1014.9,29.3,341.7,1385.9,75.3,2.8,73.2,1044.2,204.4,12.5,84.5,301.4,72.0,5.8,67.8,216.9,95.2,5.9,39.6,140.6,71.8,5.8,67.7,101.0,257.4,5.8,48.5,311.7,84.5,2.2,82.6,263.3,19.0,1.4,4.4,24.9,82.2,6.9,76.5,20.4,17.7,1.0,7.0,25.7,72.7,5.5,68.8,18.7,"..","..","..","..","..","..","..","..",1474.2,50.0,482.9,2007.1,75.9,3.3,73.5,1524.3,932.0,31.1,472.0,1435.1,67.1,3.2,64.9,963.1,192.6,14.4,108.5,315.5,65.6,6.9,61.1,207.0,78.6,6.7,53.6,138.8,61.4,7.8,56.6,85.3,219.7,5.0,89.6,314.2,71.5,2.2,69.9,224.7,17.9,1.9,7.3,27.1,73.1,9.7,66.0,19.8,15.1,"..",10.4,25.6,59.2,0.5,58.9,15.2,"..","..","..","..","..","..","..","..",1323.6,50.0,689.2,2062.8,66.6,3.6,64.2,1373.6,1946.8,60.5,813.7,2821.0,71.2,3.0,69.0,2007.3,397.0,26.9,193.0,616.9,68.7,6.3,64.4,423.9,173.8,12.5,93.2,279.5,66.7,6.7,62.2,186.3,477.1,10.8,138.0,626.0,77.9,2.2,76.2,487.9,36.9,3.3,11.7,52.0,77.4,8.3,71.0,40.2,32.7,1.1,17.4,51.3,66.0,3.2,63.8,33.8,"..","..","..","..","..","..","..","..",2797.9,100.0,1172.1,4070.0,71.2,3.5,68.7,2897.9
"2022Q2",1008.8,29.2,364.7,1402.7,74.0,2.8,71.9,1038.0,207.5,11.5,84.3,303.3,72.2,5.3,68.4,219.0,95.2,4.4,36.7,136.3,73.1,4.4,69.9,99.6,249.6,5.0,51.2,305.7,83.3,2.0,81.6,254.6,17.9,1.0,3.8,22.7,83.1,5.3,78.7,18.9,17.0,"..",6.9,24.1,71.5,1.5,70.5,17.3,"..","..","..","..","..","..","..","..",1459.7,45.0,502.6,2007.3,75.0,3.0,72.7,1504.7,930.0,29.3,491.5,1450.8,66.1,3.1,64.1,959.3,196.8,11.8,108.7,317.4,65.7,5.7,62.0,208.6,81.8,5.7,50.3,137.8,63.5,6.6,59.4,87.6,218.3,7.2,84.9,310.4,72.7,3.2,70.3,225.5,18.5,1.1,6.5,26.1,75.0,5.7,70.7,19.6,13.0,"..",10.6,24.3,56.3,4.7,53.6,13.7,"..","..","..","..","..","..","..","..",1316.9,47.9,698.0,2062.8,66.2,3.5,63.8,1364.8,1938.9,58.5,856.2,2853.5,70.0,2.9,67.9,1997.3,404.3,23.4,193.0,620.6,68.9,5.5,65.1,427.6,177.1,10.1,87.0,274.1,68.3,5.4,64.6,187.2,467.9,12.2,136.0,616.1,77.9,2.5,75.9,480.1,36.3,2.1,10.4,48.8,78.8,5.5,74.4,38.5,30.0,"..",17.5,48.4,63.9,2.9,62.0,30.9,"..","..","..","..","..","..","..","..",2776.6,92.9,1200.6,4070.0,70.5,3.2,68.2,2869.5
"2022Q3",1013.2,24.4,355.1,1392.7,74.5,2.4,72.7,1037.6,211.2,13.5,80.4,305.1,73.6,6.0,69.2,224.7,101.2,4.5,35.7,141.5,74.7,4.2,71.6,105.7,254.2,5.4,50.1,309.7,83.8,2.1,82.1,259.6,19.0,1.4,3.9,24.3,84.1,6.9,78.2,20.4,16.3,"..",6.8,23.7,71.6,4.3,68.5,17.0,"..","..","..","..","..","..","..","..",1479.1,42.5,489.0,2010.6,75.7,2.8,73.6,1521.5,939.3,28.6,469.1,1437.0,67.4,3.0,65.4,967.9,192.3,16.2,110.7,319.2,65.3,7.8,60.2,208.5,85.0,8.3,49.4,142.8,65.4,8.9,59.6,93.4,224.9,6.7,83.0,314.6,73.6,2.9,71.5,231.6,19.1,"..",8.9,28.7,69.2,3.7,66.6,19.9,12.6,"..",11.0,23.9,54.0,2.3,52.8,12.9,"..","..","..","..","..","..","..","..",1340.6,51.4,674.6,2066.5,67.4,3.7,64.9,1391.9,1952.5,53.0,824.2,2829.7,70.9,2.6,69.0,2005.5,403.5,29.7,191.1,624.3,69.4,6.9,64.6,433.2,186.3,12.8,85.1,284.2,70.1,6.4,65.5,199.1,479.0,12.2,133.1,624.3,78.7,2.5,76.7,491.2,38.1,2.1,12.7,53.0,76.0,5.3,72.0,40.3,28.8,1.0,17.7,47.6,62.8,3.4,60.6,29.9,"..","..","..","..","..","..","..","..",2819.6,93.8,1163.6,4077.1,71.5,3.2,69.2,2913.5
"2022Q4",1034.3,28.5,337.6,1400.4,75.9,2.7,73.9,1062.8,216.9,15.1,75.0,307.0,75.6,6.5,70.6,232.1,98.4,5.4,34.9,138.7,74.9,5.2,71.0,103.9,256.0,6.3,46.5,308.9,84.9,2.4,82.9,262.4,18.3,1.3,4.1,23.8,82.7,6.8,77.0,19.7,19.4,"..",8.8,29.1,69.5,4.1,66.7,20.2,"..","..","..","..","..","..","..","..",1502.5,51.8,466.3,2020.7,76.9,3.3,74.4,1554.3,952.7,24.6,463.7,1441.0,67.8,2.5,66.1,977.4,194.1,15.6,111.4,321.0,65.3,7.4,60.5,209.7,85.1,6.4,52.6,144.2,63.5,7.0,59.0,91.5,223.9,7.6,83.2,314.7,73.6,3.3,71.2,231.5,19.0,1.0,8.6,28.7,69.8,5.1,66.3,20.0,15.7,"..",11.9,28.2,57.6,3.2,55.8,16.2,"..","..","..","..","..","..","..","..",1354.9,47.5,673.2,2075.6,67.6,3.4,65.3,1402.4,1987.0,53.1,801.3,2841.4,71.8,2.6,69.9,2040.1,411.0,30.7,186.4,628.1,70.3,7.0,65.4,441.7,183.5,11.9,87.5,282.9,69.1,6.1,64.9,195.4,479.9,13.9,129.7,623.6,79.2,2.8,77.0,493.9,37.4,2.4,12.8,52.5,75.7,5.9,71.2,39.7,35.1,1.3,20.8,57.2,63.7,3.7,61.3,36.4,"..","..","..","..","..","..","..","..",2857.5,99.2,1139.6,4096.3,72.2,3.4,69.8,2956.7
"2023Q1",1043.2,31.5,347.3,1422.1,75.6,2.9,73.4,1074.7,214.8,17.9,76.1,308.7,75.4,7.7,69.6,232.6,93.3,5.6,33.3,132.2,74.8,5.6,70.6,98.9,256.3,7.0,41.7,305.0,86.3,2.7,84.0,263.3,20.2,1.2,3.4,24.8,86.3,5.6,81.5,21.4,21.5,"..",8.6,31.0,72.2,4.0,69.3,22.4,"..","..","..","..","..","..","..","..",1514.3,53.6,472.0,2039.9,76.9,3.4,74.2,1567.9,963.4,29.9,465.8,1459.1,68.1,3.0,66.0,993.3,197.1,17.2,108.5,322.8,66.4,8.0,61.1,214.3,86.9,5.9,50.6,143.4,64.7,6.3,60.6,92.7,221.0,9.9,82.6,313.5,73.7,4.3,70.5,230.9,19.8,"..",8.1,28.5,71.5,2.9,69.4,20.4,16.3,"..",12.6,29.5,57.4,3.5,55.3,16.9,"..","..","..","..","..","..","..","..",1364.5,56.2,669.5,2090.2,68.0,4.0,65.3,1420.7,2006.6,61.4,813.1,2881.1,71.8,3.0,69.6,2068.0,411.9,35.0,184.6,631.5,70.8,7.8,65.2,446.9,180.2,11.4,83.9,275.6,69.5,6.0,65.4,191.6,477.3,16.9,124.3,618.5,79.9,3.4,77.2,494.2,40.0,1.8,11.5,53.3,78.4,4.3,75.0,41.8,37.8,1.5,21.2,60.5,64.9,3.8,62.5,39.3,"..","..","..","..","..","..","..","..",2878.9,109.8,1141.5,4130.1,72.4,3.7,69.7,2988.6
"2023Q2",1031.6,30.0,341.2,1402.9,75.7,2.8,73.5,1061.6,219.3,15.0,75.5,309.8,75.6,6.4,70.8,234.3,91.7,4.8,35.5,132.1,73.1,5.0,69.5,96.6,280.5,8.1,52.8,341.4,84.5,2.8,82.2,288.6,20.2,"..",5.7,26.8,78.9,4.4,75.4,21.1,20.8,"..",11.0,31.9,65.5,0.4,65.2,20.9,"..","..","..","..","..","..","..","..",1527.1,51.7,482.6,2061.3,76.6,3.3,74.1,1578.8,945.6,29.7,466.5,1441.8,67.6,3.0,65.6,975.2,192.6,16.6,115.1,324.3,64.5,8.0,59.4,209.3,86.7,7.0,49.1,142.7,65.6,7.4,60.7,93.6,242.5,8.8,88.6,339.8,73.9,3.5,71.4,251.2,18.3,"..",9.4,28.4,67.0,3.8,64.4,19.0,15.3,"..",12.9,28.9,55.3,4.6,52.8,16.0,"..","..","..","..","..","..","..","..",1368.9,54.9,682.9,2106.7,67.6,3.9,65.0,1423.8,1977.2,59.7,807.8,2844.6,71.6,2.9,69.5,2036.8,411.9,31.6,190.6,634.1,69.9,7.1,65.0,443.5,178.4,11.8,84.6,274.8,69.2,6.2,64.9,190.2,523.0,16.8,141.4,681.2,79.2,3.1,76.8,539.8,38.5,1.7,15.1,55.2,72.7,4.1,69.7,40.2,36.1,"..",23.9,60.8,60.7,2.2,59.3,36.9,"..","..","..","..","..","..","..","..",2896.0,106.6,1165.5,4168.1,72.0,3.5,69.5,3002.6
"2023Q3",1005.9,32.1,346.7,1384.7,75.0,3.1,72.6,1037.9,214.9,20.8,75.3,310.9,75.8,8.8,69.1,235.6,92.6,8.1,34.0,134.7,74.8,8.0,68.8,100.7,299.2,8.5,56.4,364.1,84.5,2.8,82.2,307.7,25.1,"..",6.3,32.3,80.6,3.4,77.8,26.0,24.5,"..",11.7,37.1,68.5,3.4,66.1,25.4,"..","..","..","..","..","..","..","..",1530.8,58.4,490.6,2079.7,76.4,3.7,73.6,1589.1,932.6,30.6,473.0,1436.3,67.1,3.2,64.9,963.2,194.5,18.3,113.2,325.9,65.3,8.6,59.7,212.8,88.9,8.0,56.1,153.0,63.3,8.2,58.1,96.9,251.2,9.9,92.0,353.1,74.0,3.8,71.2,261.1,18.9,"..",9.9,29.7,66.7,4.5,63.7,19.8,17.6,"..",13.2,31.7,58.4,4.8,55.6,18.5,"..","..","..","..","..","..","..","..",1368.2,58.4,696.2,2122.8,67.2,4.1,64.5,1426.7,1938.5,62.7,819.8,2820.9,70.9,3.1,68.7,2001.2,409.3,39.1,188.4,636.8,70.4,8.7,64.3,448.4,181.5,16.0,90.1,287.7,68.7,8.1,63.1,197.6,550.4,18.4,148.4,717.2,79.3,3.2,76.7,568.9,44.0,1.8,16.2,61.9,73.9,3.9,71.1,45.8,42.1,1.8,24.9,68.8,63.8,4.0,61.3,43.9,"..","..","..","..","..","..","..","..",2899.0,116.8,1186.8,4202.6,71.8,3.9,69.0,3015.8
"2023Q4",1027.5,35.9,338.3,1401.7,75.9,3.4,73.3,1063.4,214.9,19.3,78.6,312.8,74.9,8.2,68.7,234.2,98.0,5.4,34.3,137.7,75.1,5.3,71.2,103.4,292.9,9.2,56.9,359.0,84.1,3.0,81.6,302.1,27.4,"..",6.1,34.4,82.3,3.4,79.6,28.3,23.7,"..",11.6,35.5,67.5,1.1,66.8,24.0,"..","..","..","..","..","..","..","..",1548.0,61.5,484.6,2094.2,76.9,3.8,73.9,1609.6,939.0,32.0,470.6,1441.6,67.4,3.3,65.1,971.0,196.4,17.6,113.8,327.7,65.3,8.2,59.9,214.0,91.4,6.9,56.0,154.3,63.7,7.0,59.2,98.3,259.0,10.7,89.3,359.0,75.1,4.0,72.2,269.7,19.0,2.3,8.9,30.3,70.6,11.0,62.9,21.4,16.2,"..",12.7,29.6,57.2,4.0,54.9,16.9,"..","..","..","..","..","..","..","..",1385.6,59.8,691.5,2136.9,67.6,4.1,64.8,1445.4,1966.5,67.9,809.0,2843.3,71.5,3.3,69.2,2034.4,411.2,36.9,192.3,640.5,70.0,8.2,64.2,448.1,189.4,12.3,90.3,292.0,69.1,6.1,64.9,201.7,552.0,19.9,146.2,718.0,79.6,3.5,76.9,571.8,46.4,3.3,15.0,64.7,76.9,6.6,71.7,49.7,39.9,"..",24.2,65.1,62.8,2.3,61.3,40.9,"..","..","..","..","..","..","..","..",2933.7,121.3,1176.1,4231.0,72.2,4.0,69.3,3055.0
"2024Q1",1009.7,39.6,350.2,1399.5,75.0,3.8,72.1,1049.3,212.1,19.9,82.6,314.5,73.7,8.6,67.4,232.0,94.4,7.8,35.6,137.8,74.2,7.6,68.5,102.2,305.7,10.7,60.8,377.2,83.9,3.4,81.0,316.5,28.2,"..",5.3,34.2,84.4,2.3,82.5,28.9,23.9,"..",12.9,37.4,65.5,2.3,64.0,24.5,"..","..","..","..","..","..","..","..",1533.3,68.1,502.9,2104.3,76.1,4.3,72.9,1601.4,925.0,42.1,469.6,1436.7,67.3,4.4,64.4,967.1,199.8,20.4,109.3,329.5,66.8,9.3,60.6,220.2,82.2,10.8,55.1,148.1,62.8,11.6,55.5,93.0,259.1,11.8,99.7,370.7,73.1,4.4,69.9,271.0,18.9,2.0,10.4,31.3,66.7,9.7,60.2,20.9,18.6,1.5,14.1,34.2,58.8,7.3,54.4,20.1,"..","..","..","..","..","..","..","..",1372.7,75.6,699.0,2147.3,67.4,5.2,63.9,1448.3,1934.7,81.7,819.8,2836.2,71.1,4.1,68.2,2016.4,411.9,40.3,191.9,644.0,70.2,8.9,64.0,452.2,176.6,18.6,90.6,285.9,68.3,9.5,61.8,195.2,564.9,22.6,160.5,747.9,78.5,3.8,75.5,587.4,47.1,2.7,15.8,65.5,75.9,5.4,71.8,49.8,42.5,2.0,27.0,71.6,62.3,4.6,59.4,44.6,"..","..","..","..","..","..","..","..",2906.0,143.6,1201.9,4251.6,71.7,4.7,68.4,3049.7
"2024Q2",1007.9,38.9,363.2,1410.0,74.2,3.7,71.5,1046.8,212.4,21.3,82.1,315.8,74.0,9.1,67.2,233.7,87.9,7.6,34.0,129.5,73.7,8.0,67.8,95.5,311.7,12.8,61.6,386.1,84.0,4.0,80.7,324.6,27.5,1.5,5.2,34.2,84.8,5.3,80.4,29.0,20.7,"..",13.3,34.3,61.3,1.8,60.2,21.0,"..","..","..","..","..","..","..","..",1525.2,70.7,514.1,2110.1,75.6,4.4,72.3,1596.0,924.3,35.1,475.9,1435.3,66.8,3.7,64.4,959.4,199.7,20.1,111.2,331.0,66.4,9.2,60.3,219.8,81.0,7.7,56.2,144.8,61.2,8.6,55.9,88.6,269.2,12.6,103.5,385.3,73.1,4.5,69.9,281.8,19.0,2.2,10.7,31.9,66.4,10.3,59.5,21.2,21.0,"..",14.2,35.8,60.4,2.9,58.7,21.6,"..","..","..","..","..","..","..","..",1375.0,67.5,711.6,2154.0,67.0,4.7,63.8,1442.5,1932.3,73.9,839.1,2845.3,70.5,3.7,67.9,2006.2,412.1,41.4,193.3,646.8,70.1,9.1,63.7,453.5,168.8,15.3,90.2,274.3,67.1,8.3,61.5,184.1,580.9,25.4,165.1,771.5,78.6,4.2,75.3,606.4,46.5,3.7,15.9,66.1,75.9,7.4,70.3,50.2,41.7,"..",27.4,70.1,60.9,2.3,59.4,42.7,"..","..","..","..","..","..","..","..",2900.2,138.2,1225.7,4264.1,71.3,4.5,68.0,3038.4
"2024Q3",993.9,39.4,367.3,1400.6,73.8,3.8,71.0,1033.3,206.3,21.2,89.7,317.2,71.7,9.3,65.1,227.5,89.4,9.4,38.4,137.3,72.0,9.6,65.1,98.8,310.4,13.9,64.7,388.9,83.4,4.3,79.8,324.2,29.5,1.4,7.2,38.1,81.1,4.6,77.4,30.9,22.5,"..",13.3,36.1,63.2,1.2,62.5,22.8,"..","..","..","..","..","..","..","..",1510.2,73.5,529.5,2113.2,74.9,4.6,71.5,1583.7,918.0,32.1,479.3,1429.4,66.5,3.4,64.2,950.0,195.3,19.8,117.4,332.6,64.7,9.2,58.7,215.2,82.9,9.6,54.6,147.1,62.9,10.4,56.3,92.5,273.2,16.3,107.0,396.5,73.0,5.6,68.9,289.5,21.4,2.1,11.5,34.9,67.1,8.8,61.2,23.5,22.0,"..",14.0,36.4,61.5,1.8,60.5,22.4,"..","..","..","..","..","..","..","..",1372.8,71.2,716.0,2160.0,66.9,4.9,63.6,1444.0,1911.8,71.5,846.7,2830.0,70.1,3.6,67.6,1983.3,401.7,41.0,207.1,649.7,68.1,9.3,61.8,442.6,172.3,19.1,93.0,284.4,67.3,10.0,60.6,191.4,583.5,30.2,171.6,785.4,78.1,4.9,74.3,613.8,50.9,3.5,18.7,73.0,74.4,6.4,69.7,54.4,44.5,"..",27.3,72.4,62.4,1.5,61.5,45.2,"..","..","..","..","..","..","..","..",2883.1,144.6,1245.6,4273.3,70.9,4.8,67.5,3027.7
"2024Q4",997.4,42.1,360.1,1399.6,74.3,4.0,71.3,1039.4,206.1,25.3,87.4,318.8,72.6,10.9,64.7,231.4,92.3,12.2,36.3,140.8,74.3,11.7,65.6,104.6,318.1,13.5,64.9,396.5,83.6,4.1,80.2,331.6,30.0,2.4,5.0,37.5,86.5,7.5,80.0,32.5,20.8,"..",12.4,33.8,63.3,2.8,61.6,21.4,"..","..","..","..","..","..","..","..",1518.6,80.1,519.4,2118.2,75.5,5.0,71.7,1598.8,920.5,36.6,473.6,1430.8,66.9,3.8,64.3,957.2,196.5,18.0,119.9,334.4,64.1,8.4,58.8,214.4,88.3,9.1,57.9,155.3,62.7,9.3,56.9,97.4,278.1,18.8,104.6,401.5,73.9,6.3,69.3,296.9,19.5,1.4,9.6,30.5,68.6,6.8,63.9,21.0,19.5,"..",14.2,34.1,58.4,2.3,57.1,19.9,"..","..","..","..","..","..","..","..",1380.2,73.1,714.4,2167.7,67.0,5.0,63.7,1453.3,1917.9,78.7,833.7,2830.3,70.5,3.9,67.8,1996.6,402.6,43.3,207.3,653.2,68.3,9.7,61.6,445.9,180.7,21.3,94.1,296.1,68.2,10.6,61.0,202.0,596.1,32.3,169.5,798.0,78.8,5.1,74.7,628.5,49.6,3.9,14.6,68.1,78.5,7.2,72.8,53.4,40.3,1.1,26.5,67.9,60.9,2.6,59.3,41.3,"..","..","..","..","..","..","..","..",2898.9,153.2,1233.8,4285.9,71.2,5.0,67.6,3052.1
"2025Q1",1004.6,40.9,372.1,1417.6,73.8,3.9,70.9,1045.5,206.3,26.0,88.2,320.5,72.5,11.2,64.4,232.3,98.1,11.4,34.3,143.7,76.2,10.4,68.3,109.5,310.2,14.4,63.7,388.3,83.6,4.4,79.9,324.6,27.2,2.1,6.5,35.8,81.9,7.2,76.0,29.3,18.6,"..",10.6,29.9,64.5,3.3,62.3,19.3,"..","..","..","..","..","..","..","..",1518.1,81.8,524.9,2124.7,75.3,5.1,71.4,1599.9,914.7,42.5,481.5,1438.7,66.5,4.4,63.6,957.2,195.2,21.6,119.6,336.3,64.4,10.0,58.0,216.7,88.5,11.5,57.5,157.5,63.5,11.5,56.2,100.0,270.7,18.4,107.2,396.4,72.9,6.4,68.3,289.1,19.6,2.2,9.8,31.5,69.0,9.9,62.1,21.7,18.8,"..",13.7,33.1,58.8,3.4,56.8,19.5,"..","..","..","..","..","..","..","..",1367.4,85.8,723.3,2176.5,66.8,5.9,62.8,1453.2,1919.3,83.4,853.6,2856.3,70.1,4.2,67.2,2002.7,401.5,47.6,207.7,656.7,68.4,10.6,61.1,449.0,186.6,22.8,91.7,301.2,69.5,10.9,62.0,209.5,580.9,32.9,170.9,784.7,78.2,5.4,74.0,613.7,46.8,4.3,16.2,67.3,75.9,8.3,69.5,51.0,37.4,1.3,24.3,63.0,61.5,3.4,59.4,38.8,"..","..","..","..","..","..","..","..",2885.4,167.6,1248.2,4301.2,71.0,5.5,67.1,3053.0
"2025Q2",1007.3,40.0,388.9,1436.2,72.9,3.8,70.1,1047.3,207.0,21.2,94.2,322.4,70.8,9.3,64.2,228.2,87.9,13.1,31.6,132.6,76.2,13.0,66.3,101.0,313.9,14.0,69.7,397.6,82.5,4.3,79.0,327.9,29.6,2.2,7.1,39.0,81.7,7.0,76.0,31.9,18.5,"..",11.5,30.5,62.3,2.4,60.7,19.0,"..","..","..","..","..","..","..","..",1507.6,76.1,547.0,2130.7,74.3,4.8,70.8,1583.7,920.4,36.7,495.1,1452.3,65.9,3.8,63.4,957.2,193.9,23.1,121.5,338.6,64.1,10.7,57.3,217.1,83.5,10.4,57.3,151.2,62.1,11.1,55.2,93.8,274.5,18.4,114.4,407.3,71.9,6.3,67.4,292.9,22.8,1.4,10.2,34.4,70.3,5.7,66.2,24.2,17.5,"..",12.5,30.7,59.3,3.8,57.1,18.2,"..","..","..","..","..","..","..","..",1365.9,77.7,740.0,2183.6,66.1,5.4,62.6,1443.5,1927.8,76.7,884.1,2888.5,69.4,3.8,66.7,2004.5,400.9,44.3,215.8,661.0,67.4,10.0,60.7,445.2,171.3,23.5,88.9,283.8,68.7,12.1,60.4,194.8,588.4,32.4,184.1,804.9,77.1,5.2,73.1,620.9,52.4,3.6,17.4,73.4,76.4,6.5,71.4,56.1,36.0,1.1,24.0,61.2,60.8,3.1,58.9,37.2,"..","..","..","..","..","..","..","..",2873.5,153.8,1287.0,4314.3,70.2,5.1,66.6,3027.3
"Table information:"
"Units:"
"Persons Employed in Labour Force: Number, Magnitude = Thousands"
"Persons Unemployed in Labour Force: Number, Magnitude = Thousands"
"Not in Labour Force: Number, Magnitude = Thousands"
"Working Age Population: Number, Magnitude = Thousands"
"Labour Force Participation Rate: Percent, Magnitude = Units"
"Unemployment Rate: Percent, Magnitude = Units"
"Employment Rate: Percent, Magnitude = Units"
"Total Labour Force: Number, Magnitude = Thousands"
""
"Footnotes:"
" "
"Symbols:"
".. figure not available"
"C: Confidential"
"E: Early Estimate"
"P: Provisional"
"R: Revised"
"S: Suppressed"
""
"Status flags are not displayed"
""
"Table reference: "
"HLF123AA"
""
"Last updated:"
"Persons Employed in Labour Force: 06 August 2025 10:45am"
"Persons Unemployed in Labour Force: 06 August 2025 10:45am"
"Not in Labour Force: 06 August 2025 10:45am"
"Working Age Population: 06 August 2025 10:45am"
"Labour Force Participation Rate: 06 August 2025 10:45am"
"Unemployment Rate: 06 August 2025 10:45am"
"Employment Rate: 06 August 2025 10:45am"
"Total Labour Force: 06 August 2025 10:45am"
""
"Source: Statistics New Zealand"
"Contact: Information Centre"
"Telephone: 0508 525 525"
"Email:info@stats.govt.nz"
""
""
""
