"High level industry by variable (Monthly)","","","","","","","","","","","","","","","","","","","","","","","","","","","","","","","","","","","",""
"","Primary industries","","","","","","","","","Goods-producing industries","","","","","","","","","Service industries","","","","","","","","","All industries","","","","","","","",""
" ","Actual","","","Seasonally adjusted","","","Trend","","","Actual","","","Seasonally adjusted","","","Trend","","","Actual","","","Seasonally adjusted","","","Trend","","","Actual","","","Seasonally adjusted","","","Trend","",""
" ","Filled jobs","Earnings - cash","Earnings - accrued","Filled jobs","Earnings - cash","Earnings - accrued","Filled jobs","Earnings - cash","Earnings - accrued","Filled jobs","Earnings - cash","Earnings - accrued","Filled jobs","Earnings - cash","Earnings - accrued","Filled jobs","Earnings - cash","Earnings - accrued","Filled jobs","Earnings - cash","Earnings - accrued","Filled jobs","Earnings - cash","Earnings - accrued","Filled jobs","Earnings - cash","Earnings - accrued","Filled jobs","Earnings - cash","Earnings - accrued","Filled jobs","Earnings - cash","Earnings - accrued","Filled jobs","Earnings - cash","Earnings - accrued"
"1999M04",80267,130.783345,"..",79867,134.059624,"..",73835,131.929784,"..",297062,820.109988,"..",295021,820.109988,"..",288930,832.533900,"..",1076883,2522.881631,"..",1074472,2522.881631,"..",1055526,2593.376164,"..",1454212,3473.774964,"..",1450296,3473.774964,"..",1417940,3550.777043,".."
"1999M05",70803,128.424187,"..",74085,132.655228,"..",73572,133.084799,"..",288546,848.744724,"..",286291,848.744724,"..",288790,843.049316,"..",1053506,2561.626243,"..",1043691,2561.626243,"..",1054941,2632.604486,"..",1412855,3538.795154,"..",1403125,3538.795154,"..",1417479,3602.109435,".."
"1999M06",65792,121.018592,"..",72828,133.586223,"..",73434,134.095213,"..",287006,870.606083,"..",287943,870.606083,"..",288999,850.086338,"..",1060718,2778.936444,"..",1053849,2778.936444,"..",1055256,2654.214112,"..",1413516,3770.561119,"..",1414855,3770.561119,"..",1418317,3632.597243,".."
"1999M07",66194,122.202759,"..",73201,133.353535,"..",73450,135.231265,"..",286279,832.423979,"..",289757,832.423979,"..",289645,859.271256,"..",1056415,2651.137165,"..",1055410,2651.137165,"..",1056030,2681.549903,"..",1408888,3605.763903,"..",1418521,3605.763903,"..",1419946,3671.409279,".."
"1999M08",67259,128.798361,"..",73039,134.157078,"..",73719,136.437170,"..",285328,854.616069,"..",290636,854.616069,"..",291002,868.333007,"..",1057048,2656.621757,"..",1053409,2656.621757,"..",1057671,2707.628138,"..",1409635,3640.036187,"..",1417243,3640.036187,"..",1422953,3708.962727,".."
"1999M09",69691,132.561105,"..",74406,140.002206,"..",74240,137.707024,"..",286832,881.872652,"..",293183,881.872652,"..",292924,877.700067,"..",1068488,2825.897242,"..",1062596,2825.897242,"..",1060213,2733.485398,"..",1425011,3840.330999,"..",1430364,3840.330999,"..",1427174,3746.691995,".."
"1999M10",72475,135.182504,"..",74582,138.288233,"..",74946,138.977714,"..",289410,846.085338,"..",294719,846.085338,"..",294661,886.046699,"..",1067867,2607.372028,"..",1060564,2607.372028,"..",1063325,2754.127333,"..",1429752,3588.639870,"..",1429888,3588.639870,"..",1432045,3777.962361,".."
"1999M11",79263,141.665303,"..",76344,138.837840,"..",75674,140.263788,"..",296437,869.695906,"..",296298,869.695906,"..",295836,893.740187,"..",1086812,2670.815536,"..",1071336,2670.815536,"..",1066250,2771.769803,"..",1462512,3682.176745,"..",1443788,3682.176745,"..",1436598,3805.163626,".."
"1999M12",86540,171.309118,"..",77253,145.175759,"..",76238,141.489679,"..",302330,1088.611441,"..",296596,1088.611441,"..",296588,899.831680,"..",1082925,3281.978389,"..",1077666,3281.978389,"..",1068303,2784.936873,"..",1471795,4541.898948,"..",1451867,4541.898948,"..",1439948,3825.587949,".."
"2000M01",82552,139.145655,"..",75480,135.059628,"..",76609,142.581375,"..",296886,744.812706,"..",294155,744.812706,"..",297073,903.070856,"..",1026735,2394.599120,"..",1067400,2394.599120,"..",1069604,2790.657511,"..",1406173,3278.557481,"..",1437126,3278.557481,"..",1442354,3834.779365,".."
"2000M02",81709,144.653896,"..",76785,144.786475,"..",76835,143.531261,"..",302379,891.106347,"..",297540,891.106347,"..",297603,903.614935,"..",1050065,2707.946288,"..",1070988,2707.946288,"..",1070637,2791.323450,"..",1434153,3743.706531,"..",1444572,3743.706531,"..",1444465,3835.350020,".."
"2000M03",84126,171.834272,"..",77495,153.592914,"..",76979,144.350620,"..",302484,1020.029898,"..",298673,1020.029898,"..",298277,903.317148,"..",1074745,3148.507205,"..",1071483,3148.507205,"..",1071896,2791.593626,"..",1461355,4340.371375,"..",1448207,4340.371375,"..",1446751,3834.286764,".."
"2000M04",77089,139.247297,"..",76746,142.617258,"..",77110,145.060577,"..",300548,865.675566,"..",298379,865.675566,"..",298923,903.033721,"..",1074288,2602.011623,"..",1071470,2602.011623,"..",1073733,2793.406563,"..",1451925,3606.934486,"..",1447430,3606.934486,"..",1449452,3834.763593,".."
"2000M05",73811,141.968095,"..",77218,146.780092,"..",77218,145.718513,"..",301987,942.261901,"..",299638,942.261901,"..",299224,903.746004,"..",1086675,2911.955111,"..",1076408,2911.955111,"..",1076015,2798.970322,"..",1462473,3996.185107,"..",1452366,3996.185107,"..",1452184,3840.486799,".."
"2000M06",70070,132.632894,"..",77572,146.408499,"..",77281,146.405526,"..",298491,880.489030,"..",299506,880.489030,"..",299086,905.451283,"..",1087813,2747.468720,"..",1081090,2747.468720,"..",1078564,2807.505189,"..",1456374,3760.590644,"..",1458131,3760.590644,"..",1454737,3851.169594,".."
"2000M07",69873,134.802324,"..",77192,146.598434,"..",77267,147.189116,"..",294943,874.892943,"..",298485,874.892943,"..",298632,908.566639,"..",1081683,2692.352659,"..",1080718,2692.352659,"..",1081018,2819.737321,"..",1446499,3702.047926,"..",1456353,3702.047926,"..",1456996,3868.266774,".."
"2000M08",71468,143.823018,"..",77425,150.029197,"..",77271,148.130824,"..",292820,954.361040,"..",298208,954.361040,"..",298390,913.213233,"..",1086457,3044.363274,"..",1082455,3044.363274,"..",1083307,2836.417915,"..",1450745,4142.547332,"..",1458132,4142.547332,"..",1459411,3892.621359,".."
"2000M09",72462,138.618933,"..",77403,146.315130,"..",77416,149.248452,"..",291998,865.178991,"..",298441,865.178991,"..",298866,918.774362,"..",1091377,2699.533913,"..",1085578,2699.533913,"..",1085389,2855.349770,"..",1455837,3703.331837,"..",1461514,3703.331837,"..",1462275,3921.051107,".."
"2000M10",74897,146.427964,"..",77096,149.768969,"..",77723,150.553974,"..",294051,905.223255,"..",299368,905.223255,"..",300106,924.812325,"..",1095002,2788.129615,"..",1087279,2788.129615,"..",1087441,2875.574220,"..",1463950,3839.780834,"..",1463784,3839.780834,"..",1465584,3951.622675,".."
"2000M11",80928,157.344662,"..",78037,154.304910,"..",78182,152.053643,"..",302588,952.054504,"..",302583,952.054504,"..",301507,930.500074,"..",1105898,3058.344546,"..",1090653,3058.344546,"..",1089823,2895.426585,"..",1489414,4167.743712,"..",1471099,4167.743712,"..",1469214,3981.207190,".."
"2000M12",88429,180.569562,"..",78920,152.889409,"..",78719,153.723458,"..",308375,1095.561330,"..",302646,1095.561330,"..",302331,935.019089,"..",1098425,3139.128485,"..",1092974,3139.128485,"..",1092700,2912.817198,"..",1495229,4415.259377,"..",1474923,4415.259377,"..",1472969,4006.313026,".."
"2001M01",87530,160.326006,"..",79901,155.756991,"..",79253,155.550498,"..",305057,856.834269,"..",302256,856.834269,"..",302282,937.331676,"..",1052208,2789.976538,"..",1093327,2789.976538,"..",1096008,2926.089286,"..",1444795,3807.136813,"..",1475871,3807.136813,"..",1476715,4023.846995,".."
"2001M02",84510,154.887372,"..",79488,155.265262,"..",79730,157.517292,"..",306604,894.324494,"..",301753,894.324494,"..",301627,939.071073,"..",1077028,2765.919567,"..",1099002,2765.919567,"..",1099544,2938.894674,"..",1468142,3815.131433,"..",1479523,3815.131433,"..",1480402,4039.258505,".."
"2001M03",86909,180.718845,"..",80335,161.822648,"..",80140,159.561222,"..",302007,942.965969,"..",298187,942.965969,"..",301206,940.795157,"..",1109270,3056.815187,"..",1106160,3056.815187,"..",1103199,2952.493035,"..",1498186,4180.500001,"..",1485162,4180.500001,"..",1484302,4054.697232,".."
"2001M04",80525,157.340751,"..",80235,160.990004,"..",80485,161.645183,"..",301055,897.145399,"..",298723,897.145399,"..",301516,942.938542,"..",1110276,2847.865819,"..",1106607,2847.865819,"..",1106714,2967.897189,"..",1491856,3902.351969,"..",1486189,3902.351969,"..",1488498,4072.005478,".."
"2001M05",76860,157.898687,"..",80437,163.663798,"..",80865,163.736220,"..",307041,1026.412558,"..",304704,1026.412558,"..",302468,945.883132,"..",1119738,3216.505246,"..",1109143,3216.505246,"..",1109952,2986.542550,"..",1503639,4400.816491,"..",1493509,4400.816491,"..",1493065,4093.451192,".."
"2001M06",74290,151.091215,"..",82154,166.494147,"..",81410,165.797649,"..",303596,912.194949,"..",304628,912.194949,"..",303795,949.502831,"..",1120370,2827.256085,"..",1113717,2827.256085,"..",1112875,3005.932220,"..",1498256,3890.542249,"..",1500293,3890.542249,"..",1497833,4116.910415,".."
"2001M07",74206,154.242794,"..",81732,166.743791,"..",82121,167.836604,"..",300948,951.055364,"..",304482,951.055364,"..",305098,954.298026,"..",1115422,2957.153899,"..",1114482,2957.153899,"..",1115514,3026.515473,"..",1490576,4062.452057,"..",1500534,4062.452057,"..",1502390,4143.831668,".."
"2001M08",76367,164.814414,"..",82427,172.092461,"..",82879,169.849748,"..",300812,988.682191,"..",306252,988.682191,"..",305921,959.934938,"..",1123424,3242.323959,"..",1119070,3242.323959,"..",1118015,3046.310443,"..",1500603,4395.820564,"..",1507726,4395.820564,"..",1506437,4172.057314,".."
"2001M09",78031,162.174221,"..",83348,170.945692,"..",83555,171.847233,"..",300101,914.661759,"..",306623,914.661759,"..",306207,966.189465,"..",1125687,2887.309886,"..",1119958,2887.309886,"..",1120760,3063.630810,"..",1503819,3964.145866,"..",1509796,3964.145866,"..",1510264,4199.508094,".."
"2001M10",82811,171.081814,"..",85329,174.934617,"..",84165,173.835399,"..",301056,985.386055,"..",306456,985.386055,"..",306221,973.048578,"..",1133647,3173.401050,"..",1125252,3173.401050,"..",1123960,3079.319826,"..",1517514,4329.868919,"..",1516945,4329.868919,"..",1514448,4226.589762,".."
"2001M11",88295,179.671245,"..",85277,176.063031,"..",84743,175.792749,"..",305359,946.901839,"..",305582,946.901839,"..",306457,979.410844,"..",1140437,3045.454504,"..",1125737,3045.454504,"..",1127573,3090.910806,"..",1534091,4172.027588,"..",1516655,4172.027588,"..",1519393,4249.078462,".."
"2001M12",94284,204.471445,"..",84271,173.408724,"..",85350,177.731202,"..",312862,1148.425595,"..",307283,1148.425595,"..",307320,984.857039,"..",1135787,3359.086052,"..",1130034,3359.086052,"..",1131535,3098.977035,"..",1542933,4711.983092,"..",1522080,4711.983092,"..",1525191,4266.488276,".."
"2002M01",93308,184.378881,"..",84954,179.365721,"..",85950,179.654829,"..",311634,895.420965,"..",308793,895.420965,"..",308959,988.636875,"..",1093724,3036.116820,"..",1135420,3036.116820,"..",1135445,3104.411670,"..",1498666,4115.916666,"..",1529549,4115.916666,"..",1531193,4278.356591,".."
"2002M02",94739,184.098388,"..",89068,184.995089,"..",86486,181.544743,"..",316104,938.669688,"..",311146,938.669688,"..",310892,992.510859,"..",1119437,2956.297347,"..",1143024,2956.297347,"..",1138899,3111.600207,"..",1530280,4079.065423,"..",1543212,4079.065423,"..",1536727,4290.742196,".."
"2002M03",95116,203.978996,"..",88342,183.160109,"..",86935,183.399977,"..",317003,1014.084179,"..",312914,1014.084179,"..",312520,997.065002,"..",1145596,3103.882615,"..",1142420,3103.882615,"..",1142003,3123.196106,"..",1557715,4321.945790,"..",1544404,4321.945790,"..",1541688,4307.075302,".."
"2002M04",87362,181.065359,"..",87142,185.101840,"..",87263,185.198733,"..",316430,1007.582406,"..",313777,1007.582406,"..",313689,1002.458180,"..",1147827,3033.458399,"..",1143170,3033.458399,"..",1144868,3139.791611,"..",1551619,4222.106164,"..",1544576,4222.106164,"..",1545985,4328.429523,".."
"2002M05",83385,194.139963,"..",87356,201.864730,"..",87489,186.912994,"..",316747,1053.399112,"..",314410,1053.399112,"..",314680,1008.875496,"..",1158373,3395.969055,"..",1147569,3395.969055,"..",1147881,3161.641020,"..",1558505,4643.508130,"..",1548459,4643.508130,"..",1550072,4356.161708,".."
"2002M06",78416,166.840910,"..",86645,183.235945,"..",87605,188.510423,"..",314167,977.342298,"..",315215,977.342298,"..",315631,1016.120869,"..",1154912,2981.689225,"..",1148314,2981.689225,"..",1151328,3186.865045,"..",1547495,4125.872433,"..",1549810,4125.872433,"..",1554390,4388.705854,".."
"2002M07",80034,177.752080,"..",87854,191.066545,"..",87633,189.966890,"..",313527,1061.546277,"..",317179,1061.546277,"..",316687,1024.448154,"..",1156907,3325.345038,"..",1156014,3325.345038,"..",1155234,3214.965063,"..",1550468,4564.643395,"..",1560645,4564.643395,"..",1559143,4426.071264,".."
"2002M08",81623,181.832364,"..",87718,189.802950,"..",87658,191.251046,"..",312275,996.438379,"..",317845,996.438379,"..",317732,1032.901196,"..",1167228,3235.183212,"..",1162806,3235.183212,"..",1159376,3241.613147,"..",1561126,4413.453955,"..",1568260,4413.453955,"..",1564288,4463.099043,".."
"2002M09",82662,184.338903,"..",88213,193.655456,"..",87684,192.367912,"..",311598,985.883817,"..",318178,985.883817,"..",318621,1041.015695,"..",1166825,3098.878881,"..",1160720,3098.878881,"..",1163334,3263.953222,"..",1561085,4269.101601,"..",1566809,4269.101601,"..",1569410,4496.058043,".."
"2002M10",85531,190.440907,"..",88213,194.852094,"..",87590,193.347313,"..",314441,1083.563115,"..",319964,1083.563115,"..",319477,1048.385031,"..",1177611,3505.090655,"..",1168871,3505.090655,"..",1166530,3281.431519,"..",1577583,4779.094677,"..",1576906,4779.094677,"..",1573651,4523.348382,".."
"2002M11",89223,191.505601,"..",86204,187.198149,"..",87321,194.198312,"..",319588,1007.018836,"..",320040,1007.018836,"..",320448,1054.283758,"..",1182874,3145.702315,"..",1168687,3145.702315,"..",1169029,3291.529930,"..",1591685,4344.226752,"..",1574943,4344.226752,"..",1576978,4540.994395,".."
"2002M12",96932,231.432118,"..",86776,196.863179,"..",87007,194.940430,"..",326876,1266.673751,"..",321333,1266.673751,"..",321466,1058.765138,"..",1176800,3701.309427,"..",1170330,3701.309427,"..",1171358,3296.066386,"..",1600608,5199.415296,"..",1578781,5199.415296,"..",1580063,4550.279116,".."
"2003M01",97033,202.315834,"..",88301,197.233037,"..",86814,195.556001,"..",325886,958.829560,"..",323041,958.829560,"..",322449,1060.982638,"..",1134281,3138.015610,"..",1176516,3138.015610,"..",1174053,3295.282310,"..",1557200,4299.161004,"..",1588386,4299.161004,"..",1583615,4550.213887,".."
"2003M02",92200,192.478785,"..",86571,193.484171,"..",86839,196.037133,"..",328310,1027.619668,"..",323235,1027.619668,"..",323476,1063.151652,"..",1150303,3135.478158,"..",1175257,3135.478158,"..",1177415,3295.847557,"..",1570813,4355.576611,"..",1585118,4355.576611,"..",1587964,4549.984119,".."
"2003M03",91733,216.164869,"..",85614,195.130724,"..",87140,196.411772,"..",328344,1087.478693,"..",323927,1087.478693,"..",324506,1065.954576,"..",1179956,3291.451560,"..",1176653,3291.451560,"..",1181449,3302.439253,"..",1600033,4595.095122,"..",1586361,4595.095122,"..",1593095,4555.564707,".."
"2003M04",87846,194.356341,"..",87767,199.051047,"..",87647,196.732129,"..",328895,1139.384624,"..",325970,1139.384624,"..",325355,1069.214651,"..",1195007,3526.238280,"..",1189422,3526.238280,"..",1185913,3315.417719,"..",1611748,4859.979245,"..",1603443,4859.979245,"..",1598696,4567.887081,".."
"2003M05",84722,188.669899,"..",88910,196.515253,"..",88187,197.031798,"..",328790,1066.526879,"..",326415,1066.526879,"..",326078,1073.617716,"..",1204143,3365.895376,"..",1193134,3365.895376,"..",1190672,3335.821727,"..",1617655,4621.092154,"..",1607893,4621.092154,"..",1604576,4589.690105,".."
"2003M06",80419,180.024357,"..",88834,197.117809,"..",88584,197.392622,"..",325163,1047.854118,"..",326289,1047.854118,"..",326694,1079.792986,"..",1200407,3225.413099,"..",1193851,3225.413099,"..",1195309,3363.823032,"..",1605989,4453.291574,"..",1608678,4453.291574,"..",1610257,4622.635439,".."
"2003M07",80985,188.285321,"..",88530,201.350266,"..",88789,197.870508,"..",323408,1153.171125,"..",327155,1153.171125,"..",327424,1087.949666,"..",1199514,3647.519626,"..",1198686,3647.519626,"..",1199729,3398.552776,"..",1603907,4988.976072,"..",1614189,4988.976072,"..",1615702,4666.633146,".."
"2003M08",84256,188.146141,"..",90178,195.737815,"..",88814,198.505515,"..",325928,1066.438761,"..",331730,1066.438761,"..",328466,1098.080243,"..",1217003,3405.749586,"..",1212768,3405.749586,"..",1204030,3437.135773,"..",1627187,4660.334488,"..",1634650,4660.334488,"..",1621043,4718.781387,".."
"2003M09",82167,188.753056,"..",87412,197.484090,"..",88717,199.349998,"..",322943,1102.199759,"..",329490,1102.199759,"..",329747,1109.837359,"..",1213389,3372.976199,"..",1206250,3372.976199,"..",1208227,3477.070943,"..",1618499,4663.929014,"..",1623015,4663.929014,"..",1626318,4775.773390,".."
"2003M10",85369,195.251843,"..",88163,199.882662,"..",88598,200.384959,"..",325973,1118.148630,"..",331630,1118.148630,"..",330992,1122.074966,"..",1222763,3692.472575,"..",1214266,3692.472575,"..",1212386,3514.771656,"..",1634105,5005.873048,"..",1633984,5005.873048,"..",1631643,4831.858166,".."
"2003M11",91374,205.095307,"..",88311,199.781372,"..",88534,201.594604,"..",331213,1079.938548,"..",331703,1079.938548,"..",332071,1133.935694,"..",1229008,3378.715418,"..",1215041,3378.715418,"..",1216552,3547.720834,"..",1651595,4663.749273,"..",1635075,4663.749273,"..",1637066,4882.730184,".."
"2003M12",99890,241.286352,"..",89658,206.343772,"..",88499,202.939226,"..",338574,1366.730953,"..",333121,1366.730953,"..",333066,1144.725580,"..",1229349,4061.461731,"..",1222142,4061.461731,"..",1220530,3575.612766,"..",1667813,5669.479036,"..",1645103,5669.479036,"..",1642273,4926.484240,".."
"2004M01",97825,207.323516,"..",88975,202.138828,"..",88478,204.346892,"..",337116,992.314162,"..",334264,992.314162,"..",334187,1152.987800,"..",1182807,3262.614264,"..",1225634,3262.614264,"..",1224455,3595.419346,"..",1617748,4462.251942,"..",1649055,4462.251942,"..",1647373,4957.885187,".."
"2004M02",93345,204.189951,"..",87431,205.274100,"..",88521,205.771789,"..",340369,1116.699012,"..",335209,1116.699012,"..",335494,1161.101087,"..",1198658,3422.279845,"..",1225132,3422.279845,"..",1228615,3612.526980,"..",1632372,4743.168808,"..",1648027,4743.168808,"..",1652772,4984.703316,".."
"2004M03",93658,229.201120,"..",87906,208.371821,"..",88593,207.163101,"..",341583,1274.226954,"..",336909,1274.226954,"..",336882,1169.692392,"..",1235380,3908.578685,"..",1232097,3908.578685,"..",1232815,3630.137143,"..",1670621,5412.006759,"..",1656774,5412.006759,"..",1658317,5011.112072,".."
"2004M04",89369,207.016275,"..",89419,212.484876,"..",88661,208.434783,"..",342008,1141.598747,"..",338850,1141.598747,"..",338312,1178.402464,"..",1246202,3571.462984,"..",1239862,3571.462984,"..",1236811,3647.400066,"..",1677579,4920.078006,"..",1668271,4920.078006,"..",1663820,5036.420823,".."
"2004M05",84401,197.640203,"..",88677,205.964328,"..",88707,209.550353,"..",341915,1166.477956,"..",339404,1166.477956,"..",339837,1187.815611,"..",1250727,3563.000445,"..",1239344,3563.000445,"..",1240449,3665.940516,"..",1677043,4927.118604,"..",1667184,4927.118604,"..",1669065,5063.703887,".."
"2004M06",80589,195.061689,"..",89041,213.358265,"..",88675,210.500894,"..",339793,1247.814969,"..",341084,1247.814969,"..",341529,1197.969588,"..",1252025,3831.375927,"..",1245491,3831.375927,"..",1243630,3687.088128,"..",1672407,5274.252585,"..",1675551,5274.252585,"..",1673796,5094.821486,".."
"2004M07",81849,198.001085,"..",89278,211.057589,"..",88560,211.285698,"..",339778,1151.767281,"..",343826,1151.767281,"..",343217,1208.728341,"..",1248497,3609.678882,"..",1247879,3609.678882,"..",1246528,3710.738064,"..",1670124,4959.447248,"..",1680933,4959.447248,"..",1678113,5130.095164,".."
"2004M08",81968,201.387119,"..",87368,208.166165,"..",88388,211.961237,"..",338434,1233.267391,"..",344528,1233.267391,"..",344718,1220.154093,"..",1248987,3761.879722,"..",1245245,3761.879722,"..",1249427,3737.216605,"..",1669389,5196.534232,"..",1677306,5196.534232,"..",1682296,5170.041430,".."
"2004M09",83555,206.827859,"..",88572,215.762817,"..",88342,212.594346,"..",340024,1246.586018,"..",346649,1246.586018,"..",345935,1231.869375,"..",1262471,3959.923548,"..",1254046,3959.923548,"..",1252759,3765.481629,"..",1686050,5413.337425,"..",1689063,5413.337425,"..",1686896,5212.741999,".."
"2004M10",84839,197.485612,"..",87696,202.173960,"..",88626,213.219476,"..",340459,1169.548475,"..",346162,1169.548475,"..",346990,1243.532062,"..",1264153,3624.504345,"..",1256346,3624.504345,"..",1257139,3794.822599,"..",1689451,4991.538432,"..",1690138,4991.538432,"..",1692839,5256.648510,".."
"2004M11",93005,220.470662,"..",89810,214.127932,"..",89234,213.897546,"..",348027,1272.352297,"..",348323,1272.352297,"..",348254,1254.773224,"..",1276506,3790.880950,"..",1262349,3790.880950,"..",1262420,3825.266853,"..",1717538,5283.703909,"..",1700415,5283.703909,"..",1700079,5300.831481,".."
"2004M12",99630,250.216811,"..",89609,215.244774,"..",89984,214.650156,"..",355409,1498.858847,"..",349898,1498.858847,"..",349938,1264.600790,"..",1274580,4396.764103,"..",1266600,4396.764103,"..",1267911,3856.198570,"..",1729619,6145.839761,"..",1706087,6145.839761,"..",1707761,5343.092064,".."
"2005M01",96389,220.140792,"..",87763,214.279790,"..",90627,215.498245,"..",350918,1069.439461,"..",348040,1069.439461,"..",351748,1271.763601,"..",1217388,3513.977543,"..",1260297,3513.977543,"..",1272978,3884.707794,"..",1664695,4803.557796,"..",1696228,4803.557796,"..",1715018,5378.864342,".."
"2005M02",98565,214.598022,"..",92128,215.171492,"..",90926,216.481316,"..",358877,1214.399504,"..",353600,1214.399504,"..",353271,1278.158745,"..",1262834,3638.386064,"..",1290859,3638.386064,"..",1277107,3915.646023,"..",1720276,5067.383590,"..",1737182,5067.383590,"..",1720967,5415.137624,".."
"2005M03",97220,239.432470,"..",91657,219.772603,"..",90805,217.579412,"..",360700,1415.826932,"..",355804,1415.826932,"..",354336,1283.760678,"..",1290263,4332.688799,"..",1287088,4332.688799,"..",1280209,3949.252318,"..",1748183,5987.948201,"..",1734197,5987.948201,"..",1725249,5452.543169,".."
"2005M04",89764,209.913293,"..",89962,215.850075,"..",90400,218.767246,"..",357701,1230.448144,"..",354389,1230.448144,"..",355080,1288.242860,"..",1285265,3847.764263,"..",1278332,3847.764263,"..",1282711,3982.255936,"..",1732730,5288.125700,"..",1722730,5288.125700,"..",1728263,5488.009695,".."
"2005M05",85009,211.796163,"..",89395,220.874559,"..",89890,220.043435,"..",357932,1316.430066,"..",355218,1316.430066,"..",355512,1292.494476,"..",1293882,3978.307659,"..",1282195,3978.307659,"..",1284895,4015.735331,"..",1736823,5506.533888,"..",1726849,5506.533888,"..",1730402,5524.342518,".."
"2005M06",80452,204.109085,"..",88841,223.135236,"..",89481,221.350423,"..",355119,1316.421606,"..",356596,1316.421606,"..",355624,1296.240348,"..",1294826,4185.177383,"..",1288438,4185.177383,"..",1287115,4047.509070,"..",1730397,5705.708074,"..",1733958,5705.708074,"..",1732319,5559.642589,".."
"2005M07",82004,206.781266,"..",89240,219.599137,"..",89280,222.612638,"..",351073,1238.980200,"..",355310,1238.980200,"..",355476,1299.917026,"..",1290880,3860.442149,"..",1290145,3860.442149,"..",1289783,4076.998830,"..",1723957,5306.203615,"..",1734751,5306.203615,"..",1734683,5594.043075,".."
"2005M08",84011,219.606360,"..",89387,225.681602,"..",89267,223.802862,"..",348514,1382.386713,"..",354950,1382.386713,"..",355210,1304.302579,"..",1294716,4361.479993,"..",1291856,4361.479993,"..",1292757,4105.672153,"..",1727241,5963.473066,"..",1736400,5963.473066,"..",1737430,5629.679280,".."
"2005M09",84913,217.768480,"..",89691,226.845117,"..",89266,224.865990,"..",348011,1236.767271,"..",354653,1236.767271,"..",355073,1308.829064,"..",1306788,4039.956153,"..",1297463,4039.956153,"..",1295415,4130.686065,"..",1739712,5494.491904,"..",1741591,5494.491904,"..",1739841,5662.614378,".."
"2005M10",86182,217.750442,"..",89153,222.507050,"..",89086,225.806026,"..",349577,1257.707110,"..",355299,1257.707110,"..",355105,1313.716902,"..",1302364,3927.977141,"..",1295169,3927.977141,"..",1297259,4153.034061,"..",1738123,5403.434693,"..",1739533,5403.434693,"..",1741263,5693.473848,".."
"2005M11",92042,238.166345,"..",88847,230.900522,"..",88683,226.676618,"..",355608,1373.591679,"..",355447,1373.591679,"..",355024,1318.571383,"..",1314380,4336.894839,"..",1299734,4336.894839,"..",1298265,4173.724528,"..",1762030,5948.652863,"..",1743912,5948.652863,"..",1741572,5722.397105,".."
"2005M12",98292,263.187954,"..",88618,227.800293,"..",88140,227.521499,"..",360502,1489.706289,"..",355005,1489.706289,"..",354719,1322.491643,"..",1312218,4651.084960,"..",1303952,4651.084960,"..",1299075,4190.978862,"..",1771012,6403.979203,"..",1747361,6403.979203,"..",1741586,5745.993509,".."
"2006M01",95371,233.455921,"..",86886,226.788018,"..",87616,228.426891,"..",356551,1179.970773,"..",353632,1179.970773,"..",354362,1325.063904,"..",1251253,3782.191493,"..",1294107,3782.191493,"..",1300178,4204.939521,"..",1703175,5195.618187,"..",1734546,5195.618187,"..",1741994,5763.545562,".."
"2006M02",93511,229.397133,"..",87185,229.762575,"..",87277,229.418460,"..",359263,1257.991149,"..",354077,1257.991149,"..",354193,1328.441840,"..",1271941,3939.863259,"..",1299782,3939.863259,"..",1301784,4221.722710,"..",1724715,5427.251541,"..",1741453,5427.251541,"..",1743168,5783.435745,".."
"2006M03",92203,248.116904,"..",87212,229.480960,"..",87219,230.477020,"..",359673,1423.160142,"..",354963,1423.160142,"..",354344,1332.672722,"..",1307863,4642.373256,"..",1304707,4642.373256,"..",1304001,4243.065587,"..",1759739,6313.650302,"..",1746123,6313.650302,"..",1745369,5807.778065,".."
"2006M04",86906,216.804288,"..",87165,222.615165,"..",87465,231.588253,"..",357454,1298.043638,"..",354237,1298.043638,"..",354631,1337.875272,"..",1315688,4070.650728,"..",1308223,4070.650728,"..",1307054,4268.560415,"..",1760048,5585.498654,"..",1749675,5585.498654,"..",1748969,5836.773719,".."
"2006M05",83342,227.103316,"..",87764,237.263919,"..",87928,232.736738,"..",357884,1426.967084,"..",355176,1426.967084,"..",354940,1344.808912,"..",1323377,4497.812776,"..",1311769,4497.812776,"..",1310657,4300.011145,"..",1764603,6151.883176,"..",1754879,6151.883176,"..",1753612,5873.792927,".."
"2006M06",80525,213.569658,"..",88839,233.474234,"..",88484,233.856944,"..",353954,1308.699728,"..",355451,1308.699728,"..",355513,1352.494504,"..",1319646,4210.853389,"..",1313656,4210.853389,"..",1314396,4333.815371,"..",1754125,5733.122775,"..",1758071,5733.122775,"..",1758651,5915.078686,".."
"2006M07",81846,221.827951,"..",88913,234.626765,"..",88943,234.927459,"..",351129,1298.295059,"..",355432,1298.295059,"..",356375,1361.049310,"..",1315543,4120.125361,"..",1314511,4120.125361,"..",1317590,4368.120488,"..",1748518,5640.248371,"..",1758935,5640.248371,"..",1763072,5959.227516,".."
"2006M08",87126,239.051162,"..",92612,244.815444,"..",89176,235.911259,"..",353773,1432.578964,"..",360488,1432.578964,"..",357274,1370.200206,"..",1338573,4795.483014,"..",1336604,4795.483014,"..",1319943,4400.905511,"..",1779472,6467.113140,"..",1789915,6467.113140,"..",1766363,6003.706334,".."
"2006M09",87683,225.158404,"..",92453,233.927712,"..",89182,236.715161,"..",352815,1289.926396,"..",359537,1289.926396,"..",357900,1379.085454,"..",1340035,4163.419774,"..",1330693,4163.419774,"..",1321860,4426.488000,"..",1780533,5678.504574,"..",1782382,5678.504574,"..",1768922,6041.321509,".."
"2006M10",86030,232.950563,"..",88964,238.246008,"..",89017,237.349242,"..",351875,1398.244418,"..",357363,1398.244418,"..",358284,1387.780957,"..",1326174,4330.189888,"..",1319095,4330.189888,"..",1323422,4445.655270,"..",1764079,5961.384869,"..",1765353,5961.384869,"..",1770798,6072.232175,".."
"2006M11",92081,246.847051,"..",88903,239.386331,"..",88790,237.833488,"..",359150,1433.224833,"..",358659,1433.224833,"..",358555,1395.026051,"..",1339203,4752.219047,"..",1324336,4752.219047,"..",1324580,4457.507867,"..",1790434,6432.290931,"..",1771753,6432.290931,"..",1772041,6093.528693,".."
"2006M12",97268,266.572055,"..",87809,231.781359,"..",88626,238.234307,"..",364247,1576.365036,"..",358657,1576.365036,"..",358848,1400.492139,"..",1332202,4808.972282,"..",1323903,4808.972282,"..",1325569,4463.476209,"..",1793717,6651.909373,"..",1770205,6651.909373,"..",1773085,6105.722190,".."
"2007M01",97111,248.431013,"..",88627,241.235012,"..",88596,238.695755,"..",362596,1304.177702,"..",359632,1304.177702,"..",359190,1403.918681,"..",1285530,4291.043215,"..",1328577,4291.043215,"..",1326868,4467.510051,"..",1745237,5843.651930,"..",1776925,5843.651930,"..",1774575,6112.253459,".."
"2007M02",95522,242.383841,"..",88958,242.257448,"..",88640,239.294040,"..",364741,1331.816603,"..",359591,1331.816603,"..",359530,1407.365386,"..",1304424,4217.511267,"..",1331984,4217.511267,"..",1328786,4476.809161,"..",1764687,5791.711711,"..",1780849,5791.711711,"..",1776823,6122.766036,".."
"2007M03",93769,257.265978,"..",88829,238.863248,"..",88696,240.108071,"..",363918,1415.882763,"..",359302,1415.882763,"..",359831,1411.385764,"..",1331155,4546.806863,"..",1327845,4546.806863,"..",1331531,4494.669483,"..",1788842,6219.955604,"..",1775276,6219.955604,"..",1779997,6141.790720,".."
"2007M04",88478,234.866802,"..",88665,240.324552,"..",88733,241.260831,"..",363475,1390.695978,"..",360201,1390.695978,"..",360169,1416.362317,"..",1340239,4370.670995,"..",1331824,4370.670995,"..",1334814,4523.102574,"..",1792192,5996.233775,"..",1780761,5996.233775,"..",1783695,6172.568007,".."
"2007M05",84625,247.446883,"..",89213,259.209929,"..",88794,242.755910,"..",363839,1538.382931,"..",361160,1538.382931,"..",360509,1422.671114,"..",1352511,5016.669709,"..",1341349,5016.669709,"..",1338532,4563.139914,"..",1800975,6802.499523,"..",1791875,6802.499523,"..",1787879,6217.471046,".."
"2007M06",80491,218.913210,"..",88717,239.081540,"..",88956,244.546762,"..",359021,1358.935237,"..",360595,1358.935237,"..",360869,1430.454054,"..",1349390,4360.458306,"..",1344058,4360.458306,"..",1342747,4612.466405,"..",1788902,5938.306753,"..",1793579,5938.306753,"..",1792795,6275.024623,".."
"2007M07",81329,231.898391,"..",88101,244.516263,"..",89199,246.588484,"..",356581,1439.338827,"..",360934,1439.338827,"..",361365,1440.400112,"..",1346792,4573.677292,"..",1345332,4573.677292,"..",1347006,4670.221021,"..",1784702,6244.914510,"..",1794527,6244.914510,"..",1797907,6345.445303,".."
"2007M08",84618,248.942679,"..",89980,255.157656,"..",89506,248.768711,"..",355337,1472.681459,"..",362254,1472.681459,"..",362125,1451.668254,"..",1354817,5140.115081,"..",1353821,5140.115081,"..",1351277,4729.826793,"..",1794772,6861.739219,"..",1806439,6861.739219,"..",1803103,6421.184104,".."
"2007M09",85708,238.868548,"..",90362,247.438912,"..",89823,251.056654,"..",355922,1392.806259,"..",362760,1392.806259,"..",362950,1463.569183,"..",1361277,4544.737211,"..",1352566,4544.737211,"..",1355546,4785.627870,"..",1802907,6176.412018,"..",1805460,6176.412018,"..",1808201,6495.284115,".."
"2007M10",87507,251.543612,"..",90519,257.560071,"..",90104,253.435366,"..",358861,1530.543976,"..",364261,1530.543976,"..",363552,1475.430688,"..",1368860,4995.218948,"..",1361472,4995.218948,"..",1359876,4835.877807,"..",1815228,6777.306536,"..",1816171,6777.306536,"..",1813206,6564.409776,".."
"2007M11",93231,261.408601,"..",90081,253.934289,"..",90290,255.798736,"..",364451,1427.675433,"..",363733,1427.675433,"..",363791,1485.386470,"..",1377849,4803.703550,"..",1362613,4803.703550,"..",1364324,4874.754608,"..",1835531,6492.787584,"..",1816276,6492.787584,"..",1818141,6619.675250,".."
"2007M12",98853,292.397047,"..",89254,254.461778,"..",90382,258.114348,"..",368819,1702.349778,"..",363065,1702.349778,"..",363720,1492.927014,"..",1375174,5209.014448,"..",1366766,5209.014448,"..",1368669,4901.482330,"..",1842846,7203.761273,"..",1818997,7203.761273,"..",1822796,6658.770525,".."
"2008M01",99933,274.732510,"..",91354,267.406818,"..",90424,260.334001,"..",367213,1383.190145,"..",364171,1383.190145,"..",363552,1497.033579,"..",1333705,4874.411771,"..",1377516,4874.411771,"..",1372305,4917.320427,"..",1800851,6532.334426,"..",1833083,6532.334426,"..",1826664,6681.203973,".."
"2008M02",97539,264.502396,"..",90819,264.495441,"..",90523,262.431299,"..",368647,1431.183923,"..",363565,1431.183923,"..",363563,1500.052425,"..",1346913,4663.719880,"..",1373928,4663.719880,"..",1375061,4930.421865,"..",1813099,6359.406199,"..",1828346,6359.406199,"..",1829821,6697.596878,".."
"2008M03",93801,275.428490,"..",88979,255.381036,"..",90702,264.450840,"..",367621,1496.981684,"..",363047,1496.981684,"..",363837,1502.898682,"..",1368688,4825.566563,"..",1365172,4825.566563,"..",1376863,4946.940739,"..",1830110,6597.976737,"..",1816579,6597.976737,"..",1832181,6715.657810,".."
"2008M04",90240,264.733682,"..",90225,270.136845,"..",90873,266.404629,"..",367842,1594.723528,"..",364424,1594.723528,"..",364272,1505.534481,"..",1387707,5214.205531,"..",1377962,5214.205531,"..",1377488,4968.877220,"..",1845789,7073.662741,"..",1832652,7073.662741,"..",1833182,6738.206810,".."
"2008M05",86883,253.244794,"..",91597,265.502079,"..",91032,268.234650,"..",367542,1497.324337,"..",364942,1497.324337,"..",364619,1507.900376,"..",1389413,4963.467749,"..",1378944,4963.467749,"..",1377178,4995.506877,"..",1843838,6714.036880,"..",1835587,6714.036880,"..",1832806,6765.566916,".."
"2008M06",82929,249.013940,"..",91274,271.148348,"..",91184,269.956081,"..",362504,1467.111235,"..",364165,1467.111235,"..",364311,1510.210783,"..",1378433,4758.855880,"..",1373596,4758.855880,"..",1376341,5025.758275,"..",1823866,6474.981055,"..",1829108,6474.981055,"..",1831324,6797.819571,".."
"2008M07",84806,264.077324,"..",91691,278.345619,"..",91373,271.561336,"..",359599,1588.499207,"..",364019,1588.499207,"..",362983,1512.929072,"..",1380596,5435.074287,"..",1379100,5435.074287,"..",1375487,5058.822256,"..",1825001,7287.650818,"..",1834855,7287.650818,"..",1829358,6834.953679,".."
"2008M08",85587,258.457131,"..",90962,265.443456,"..",91620,272.960311,"..",352216,1437.466884,"..",359128,1437.466884,"..",361031,1515.201573,"..",1372379,4984.228755,"..",1372005,4984.228755,"..",1374792,5087.992477,"..",1810182,6680.152770,"..",1822442,6680.152770,"..",1827259,6869.378647,".."
"2008M09",86747,264.032534,"..",91600,272.502931,"..",91876,274.141046,"..",351103,1489.842485,"..",357899,1489.842485,"..",359003,1516.567728,"..",1377490,4950.107937,"..",1369969,4950.107937,"..",1373965,5109.839341,"..",1815340,6703.982956,"..",1819267,6703.982956,"..",1824834,6896.814723,".."
"2008M10",89517,279.710334,"..",92724,288.062419,"..",92096,275.067854,"..",352135,1559.092107,"..",357238,1559.092107,"..",357043,1515.886798,"..",1383677,5372.056224,"..",1375729,5372.056224,"..",1372689,5122.683778,"..",1825329,7210.858665,"..",1825669,7210.858665,"..",1821820,6913.711336,".."
"2008M11",94966,280.816160,"..",91855,273.002642,"..",92278,275.751077,"..",356436,1455.501209,"..",355791,1455.501209,"..",355051,1512.139800,"..",1389029,5001.366199,"..",1373899,5001.366199,"..",1370725,5125.221964,"..",1840431,6737.683568,"..",1821432,6737.683568,"..",1817937,6916.858672,".."
"2008M12",102925,322.766572,"..",92834,281.037834,"..",92362,276.217371,"..",358266,1788.518094,"..",352549,1788.518094,"..",352763,1505.279288,"..",1376856,5760.188349,"..",1368325,5760.188349,"..",1367987,5120.177756,"..",1838047,7871.473015,"..",1814092,7871.473015,"..",1812899,6908.026709,".."
"2009M01",101060,279.607467,"..",92497,272.756515,"..",92279,276.420458,"..",352581,1320.622554,"..",349645,1320.622554,"..",349930,1494.097882,"..",1321951,4758.111448,"..",1364827,4758.111448,"..",1364594,5107.119432,"..",1775592,6358.341469,"..",1807148,6358.341469,"..",1806597,6884.786034,".."
"2009M02",98516,272.158086,"..",91854,271.755459,"..",92088,276.363824,"..",351734,1407.756416,"..",347000,1407.756416,"..",346620,1481.131211,"..",1332266,4749.928389,"..",1357599,4749.928389,"..",1361087,5092.786023,"..",1782516,6429.842891,"..",1796327,6429.842891,"..",1799660,6856.411687,".."
"2009M03",96084,299.306933,"..",91276,277.427019,"..",91874,276.123777,"..",347580,1515.826700,"..",343285,1515.826700,"..",343111,1467.569089,"..",1360314,5085.660083,"..",1356680,5085.660083,"..",1357880,5083.231687,"..",1803978,6900.793716,"..",1790878,6900.793716,"..",1792804,6830.572271,".."
"2009M04",92731,284.108043,"..",92484,289.341173,"..",91680,275.720703,"..",342973,1502.599349,"..",339665,1502.599349,"..",339717,1453.616199,"..",1369582,5374.366892,"..",1359103,5374.366892,"..",1355540,5078.347769,"..",1805286,7161.074284,"..",1791236,7161.074284,"..",1787009,6807.959942,".."
"2009M05",86052,257.424795,"..",90565,269.030683,"..",91442,275.202535,"..",338381,1406.486816,"..",336044,1406.486816,"..",336703,1440.562359,"..",1362052,4909.061301,"..",1352551,4909.061301,"..",1354140,5079.298715,"..",1786485,6572.972912,"..",1779150,6572.972912,"..",1782553,6792.074250,".."
"2009M06",83192,252.594069,"..",91395,274.308074,"..",91071,274.744618,"..",332877,1419.997854,"..",334427,1419.997854,"..",334327,1430.208922,"..",1356111,4877.956332,"..",1351592,4877.956332,"..",1353252,5088.904407,"..",1772180,6550.548255,"..",1777352,6550.548255,"..",1778992,6788.615568,".."
"2009M07",85167,265.119279,"..",91897,279.815195,"..",90603,274.445552,"..",328992,1434.610096,"..",333022,1434.610096,"..",332602,1423.053281,"..",1355842,5401.574140,"..",1354593,5401.574140,"..",1352465,5104.876376,"..",1770001,7101.303515,"..",1779581,7101.303515,"..",1775903,6796.488554,".."
"2009M08",84709,260.100416,"..",90085,267.698070,"..",90081,274.445013,"..",324444,1353.639626,"..",330797,1353.639626,"..",331193,1419.596093,"..",1350235,4954.992967,"..",1350581,4954.992967,"..",1351509,5124.440882,"..",1759388,6568.733009,"..",1771894,6568.733009,"..",1772943,6813.687147,".."
"2009M09",84145,274.740293,"..",88998,283.270058,"..",89613,274.821552,"..",323989,1467.594715,"..",330273,1467.594715,"..",329995,1419.840621,"..",1358582,5370.119031,"..",1352517,5370.119031,"..",1350478,5146.046046,"..",1766716,7112.454039,"..",1771905,7112.454039,"..",1770216,6838.353699,".."
"2009M10",85590,257.072680,"..",88812,265.463613,"..",89337,275.523504,"..",324608,1367.862418,"..",329242,1367.862418,"..",329075,1422.370428,"..",1359048,4995.183878,"..",1350821,4995.183878,"..",1349901,5165.092516,"..",1769246,6620.118976,"..",1769201,6620.118976,"..",1768350,6863.815302,".."
"2009M11",92079,280.810842,"..",89152,272.966122,"..",89357,276.493618,"..",328262,1376.822571,"..",327797,1376.822571,"..",328505,1425.953629,"..",1363228,4976.975781,"..",1348222,4976.975781,"..",1350248,5179.590375,"..",1783569,6634.609194,"..",1765129,6634.609194,"..",1767997,6885.992557,".."
"2009M12",100351,323.273213,"..",90400,281.481118,"..",89636,277.682664,"..",334159,1683.735189,"..",328842,1683.735189,"..",328231,1429.510209,"..",1332109,5816.638271,"..",1323663,5816.638271,"..",1351534,5190.954629,"..",1766619,7823.646673,"..",1743424,7823.646673,"..",1769197,6904.324152,".."
"2010M01",97682,282.566042,"..",89491,276.237488,"..",90044,278.993855,"..",330935,1281.252945,"..",328138,1281.252945,"..",328266,1431.229017,"..",1310008,4941.121818,"..",1352088,4941.121818,"..",1353654,5196.706378,"..",1738625,6504.940805,"..",1769272,6504.940805,"..",1771722,6913.711105,".."
"2010M02",96843,281.639948,"..",90361,281.225638,"..",90382,280.426986,"..",332623,1346.132973,"..",328167,1346.132973,"..",328520,1433.188464,"..",1335441,4836.576861,"..",1359722,4836.576861,"..",1356108,5204.936088,"..",1764907,6464.349782,"..",1777675,6464.349782,"..",1774731,6924.340952,".."
"2010M03",95903,314.952203,"..",91259,292.320581,"..",90543,281.929959,"..",333033,1563.592825,"..",328854,1563.592825,"..",328754,1435.177874,"..",1365455,5577.115396,"..",1361766,5577.115396,"..",1358167,5218.634144,"..",1794391,7455.660424,"..",1781589,7455.660424,"..",1777174,6939.252567,".."
"2010M04",91437,278.511800,"..",91081,283.974611,"..",90564,283.374932,"..",332526,1408.466868,"..",329288,1408.466868,"..",328773,1436.231336,"..",1370920,5186.731657,"..",1360198,5186.731657,"..",1359491,5234.787074,"..",1794883,6873.710325,"..",1780510,6873.710325,"..",1778577,6954.972301,".."
"2010M05",85565,268.683820,"..",89842,278.384707,"..",90503,284.787280,"..",330385,1412.324073,"..",328210,1412.324073,"..",328460,1437.067648,"..",1365189,5055.064045,"..",1355897,5055.064045,"..",1359945,5254.559561,"..",1781139,6736.071938,"..",1773939,6736.071938,"..",1778754,6974.278831,".."
"2010M06",81993,266.941453,"..",89949,289.703030,"..",90465,286.179974,"..",326511,1516.918919,"..",328035,1516.918919,"..",327801,1438.306787,"..",1365955,5489.085120,"..",1361385,5489.085120,"..",1359741,5279.061558,"..",1774459,7272.945492,"..",1779491,7272.945492,"..",1778093,6999.590550,".."
"2010M07",84446,265.918930,"..",91003,280.722879,"..",90582,287.475919,"..",322994,1371.385440,"..",326946,1371.385440,"..",327087,1440.263772,"..",1360876,5139.015021,"..",1360058,5139.015021,"..",1359606,5304.032631,"..",1768316,6776.319391,"..",1778242,6776.319391,"..",1777673,7027.314617,".."
"2010M08",85401,280.405409,"..",90801,289.017799,"..",90881,288.750157,"..",320286,1435.145562,"..",326423,1435.145562,"..",326699,1443.761817,"..",1357867,5323.163888,"..",1358611,5323.163888,"..",1359953,5327.838476,"..",1763554,7038.714859,"..",1776122,7038.714859,"..",1778067,7056.732513,".."
"2010M09",86128,280.997344,"..",91201,289.846352,"..",91324,290.063807,"..",320577,1454.175351,"..",326692,1454.175351,"..",326753,1448.628673,"..",1367230,5532.102058,"..",1362272,5532.102058,"..",1360813,5348.790658,"..",1773935,7267.274753,"..",1780227,7267.274753,"..",1779241,7085.725244,".."
"2010M10",87745,282.556943,"..",91140,292.326257,"..",91799,291.423007,"..",322254,1410.463117,"..",326756,1410.463117,"..",326973,1454.565936,"..",1368779,5191.292072,"..",1360164,5191.292072,"..",1362128,5366.336876,"..",1778778,6884.312132,"..",1778382,6884.312132,"..",1780911,7112.897680,".."
"2010M11",96227,305.328933,"..",93259,297.087968,"..",92210,292.963401,"..",327892,1466.459429,"..",327692,1466.459429,"..",326961,1461.577681,"..",1377614,5258.071767,"..",1362382,5258.071767,"..",1363907,5383.099968,"..",1801733,7029.860129,"..",1783288,7029.860129,"..",1782910,7140.299848,".."
"2010M12",103299,344.220109,"..",92984,299.888461,"..",92516,294.592086,"..",332037,1683.206200,"..",326884,1683.206200,"..",326610,1468.232164,"..",1378687,6187.806918,"..",1369731,6187.806918,"..",1365841,5397.462152,"..",1814023,8215.233227,"..",1790154,8215.233227,"..",1784864,7164.043092,".."
"2011M01",100192,296.360157,"..",91831,289.622860,"..",92753,296.296398,"..",328457,1295.257048,"..",325610,1295.257048,"..",326202,1473.227910,"..",1322052,4917.713901,"..",1364029,4917.713901,"..",1367533,5407.885044,"..",1750701,6509.331106,"..",1781138,6509.331106,"..",1786502,7180.709974,".."
"2011M02",99392,294.085191,"..",92779,292.778862,"..",92916,298.000525,"..",329847,1388.912070,"..",325477,1388.912070,"..",326045,1478.265045,"..",1346247,5031.206984,"..",1369900,5031.206984,"..",1368407,5421.710578,"..",1775486,6714.204245,"..",1787645,6714.204245,"..",1787281,7199.426636,".."
"2011M03",98106,330.596010,"..",93554,308.647470,"..",93010,299.569484,"..",331050,1632.934128,"..",326847,1632.934128,"..",326208,1482.640672,"..",1375895,5975.490416,"..",1372504,5975.490416,"..",1368516,5439.721093,"..",1805051,7939.020554,"..",1792787,7939.020554,"..",1787364,7220.541760,".."
"2011M04",93301,281.831091,"..",93017,287.842361,"..",93102,301.033822,"..",329824,1434.899095,"..",326629,1434.899095,"..",326472,1486.172380,"..",1379236,5185.779321,"..",1368651,5185.779321,"..",1368389,5461.381612,"..",1802361,6902.509507,"..",1788219,6902.509507,"..",1787470,7243.971206,".."
"2011M05",88836,298.487434,"..",92972,306.323425,"..",93214,302.468152,"..",328714,1531.850029,"..",326589,1531.850029,"..",326670,1490.008022,"..",1373669,5412.013580,"..",1363687,5412.013580,"..",1368583,5489.419697,"..",1791219,7242.351043,"..",1783076,7242.351043,"..",1788124,7274.602112,".."
"2011M06",85458,288.224373,"..",93644,313.297316,"..",93329,303.853571,"..",325173,1514.439351,"..",326722,1514.439351,"..",326962,1493.961489,"..",1374359,5813.401951,"..",1369724,5813.401951,"..",1369633,5520.123780,"..",1784990,7616.065675,"..",1789955,7616.065675,"..",1789647,7309.495776,".."
"2011M07",86199,281.905838,"..",92838,296.951495,"..",93362,305.258468,"..",321691,1417.381545,"..",325614,1417.381545,"..",327413,1498.634896,"..",1369635,5261.408019,"..",1369289,5261.408019,"..",1371637,5551.941338,"..",1777525,6960.695402,"..",1787948,6960.695402,"..",1791948,7348.147828,".."
"2011M08",88072,302.673271,"..",93626,312.241777,"..",93326,306.758354,"..",322492,1575.778421,"..",328486,1575.778421,"..",327767,1504.560938,"..",1375646,5956.568985,"..",1376773,5956.568985,"..",1374138,5584.319540,"..",1786210,7835.020677,"..",1798991,7835.020677,"..",1794606,7390.373657,".."
"2011M09",88434,301.941142,"..",93663,313.239045,"..",93256,308.294188,"..",322478,1447.808553,"..",328391,1447.808553,"..",327908,1511.053769,"..",1382637,5437.695187,"..",1378442,5437.695187,"..",1376727,5611.347331,"..",1793549,7187.444882,"..",1800421,7187.444882,"..",1797366,7428.820035,".."
"2011M10",87923,288.432315,"..",91296,296.696054,"..",93146,309.919042,"..",322917,1441.468833,"..",327311,1441.468833,"..",327964,1517.959144,"..",1386298,5357.392230,"..",1377510,5357.392230,"..",1378635,5632.343127,"..",1797138,7087.293378,"..",1796493,7087.293378,"..",1799513,7461.799850,".."
"2011M11",95946,327.661209,"..",93041,319.891398,"..",93029,311.637775,"..",327586,1592.549149,"..",327587,1592.549149,"..",328229,1524.435663,"..",1395789,5865.051305,"..",1380378,5865.051305,"..",1379320,5646.421542,"..",1819321,7785.261663,"..",1800933,7785.261663,"..",1800497,7486.617052,".."
"2011M12",102824,346.012719,"..",92539,301.212604,"..",93022,313.494350,"..",335266,1669.496334,"..",330393,1669.496334,"..",328834,1530.041137,"..",1397430,6093.583020,"..",1388210,6093.583020,"..",1379096,5653.325023,"..",1835520,8109.092073,"..",1811649,8109.092073,"..",1800749,7501.767286,".."
"2012M01",102038,327.737771,"..",93460,319.962171,"..",93208,315.564046,"..",332241,1414.904425,"..",329267,1414.904425,"..",329526,1534.115495,"..",1335784,5256.809969,"..",1377304,5256.809969,"..",1378759,5655.019030,"..",1770063,6999.452165,"..",1799806,6999.452165,"..",1801200,7508.123844,".."
"2012M02",99899,328.706467,"..",93286,326.906271,"..",93566,317.830603,"..",334952,1569.800057,"..",330560,1569.800057,"..",330093,1538.333801,"..",1357283,5705.550033,"..",1380656,5705.550033,"..",1378724,5659.646363,"..",1792134,7604.056557,"..",1804069,7604.056557,"..",1802250,7515.888386,".."
"2012M03",98031,329.831482,"..",93812,310.136705,"..",94021,320.200580,"..",334607,1544.201901,"..",330339,1544.201901,"..",330687,1542.727163,"..",1378841,5657.334755,"..",1375969,5657.334755,"..",1379345,5670.502546,"..",1811479,7531.368138,"..",1800147,7531.368138,"..",1804115,7529.052281,".."
"2012M04",94687,316.674119,"..",94559,323.294344,"..",94443,322.579314,"..",333890,1510.309433,"..",330713,1510.309433,"..",331453,1547.309874,"..",1387837,5472.561152,"..",1377375,5472.561152,"..",1380407,5688.352327,"..",1816414,7299.544704,"..",1802557,7299.544704,"..",1806273,7549.225607,".."
"2012M05",91564,329.232809,"..",95539,335.556936,"..",94773,324.867296,"..",335367,1699.382483,"..",333271,1699.382483,"..",332254,1552.992716,"..",1397094,6275.530888,"..",1386175,6275.530888,"..",1381611,5715.398706,"..",1824025,8304.146180,"..",1814644,8304.146180,"..",1808363,7580.475205,".."
"2012M06",86723,290.155187,"..",94886,315.731065,"..",94958,326.801356,"..",331517,1480.801215,"..",333237,1480.801215,"..",332734,1559.528918,"..",1389824,5387.109168,"..",1385132,5387.109168,"..",1382809,5744.994413,"..",1808064,7158.065570,"..",1813148,7158.065570,"..",1810288,7616.538017,".."
"2012M07",87599,311.600895,"..",94371,326.518969,"..",94959,328.291834,"..",328590,1562.037382,"..",332529,1562.037382,"..",332952,1567.675307,"..",1381087,5579.926136,"..",1380966,5579.926136,"..",1383759,5774.918768,"..",1797276,7453.564413,"..",1808062,7453.564413,"..",1811659,7656.469041,".."
"2012M08",89307,328.901425,"..",94918,340.406953,"..",94805,329.267285,"..",327172,1604.671114,"..",332979,1604.671114,"..",333130,1577.105274,"..",1384469,6247.916669,"..",1385958,6247.916669,"..",1384551,5802.609205,"..",1800948,8181.489208,"..",1813789,8181.489208,"..",1812584,7697.284935,".."
"2012M09",89688,309.841275,"..",94985,323.377642,"..",94569,329.715302,"..",327522,1510.967361,"..",333146,1510.967361,"..",333481,1587.317862,"..",1385985,5492.802937,"..",1382516,5492.802937,"..",1385365,5824.772848,"..",1803195,7313.611573,"..",1810386,7313.611573,"..",1813468,7734.638160,".."
"2012M10",91325,328.685964,"..",94673,336.894014,"..",94341,329.766795,"..",330440,1656.673893,"..",334743,1656.673893,"..",334143,1598.262666,"..",1395411,6086.437637,"..",1386722,6086.437637,"..",1386240,5843.300169,"..",1817176,8071.797494,"..",1816338,8071.797494,"..",1814557,7769.576213,".."
"2012M11",96226,335.999341,"..",93316,329.616829,"..",94129,329.515171,"..",334843,1554.128700,"..",335009,1554.128700,"..",335005,1608.273359,"..",1405203,5880.482323,"..",1390119,5880.482323,"..",1387274,5854.551376,"..",1836272,7770.610364,"..",1818319,7770.610364,"..",1816054,7795.682144,".."
"2012M12",102470,374.784250,"..",92294,325.476456,"..",93949,329.114679,"..",339058,1804.102018,"..",334585,1804.102018,"..",335932,1616.472384,"..",1396214,6128.397853,"..",1387136,6128.397853,"..",1388620,5859.173033,"..",1837742,8307.284121,"..",1814437,8307.284121,"..",1818082,7811.676936,".."
"2013M01",103112,344.147796,"..",94269,334.958773,"..",93817,328.782570,"..",340659,1553.551427,"..",337576,1553.551427,"..",336886,1622.080555,"..",1351784,5879.767601,"..",1392096,5879.767601,"..",1390310,5859.820154,"..",1795555,7777.466824,"..",1823971,7777.466824,"..",1820530,7818.699155,".."
"2013M02",100789,328.632426,"..",94203,325.996191,"..",93803,328.658746,"..",342404,1544.202644,"..",337954,1544.202644,"..",337735,1626.771778,"..",1367306,5439.188842,"..",1390466,5439.188842,"..",1392669,5863.828175,"..",1810499,7312.023912,"..",1822396,7312.023912,"..",1823734,7825.928537,".."
"2013M03",97381,339.859343,"..",93528,321.843450,"..",93964,328.934079,"..",342378,1644.690269,"..",338071,1644.690269,"..",338388,1631.363628,"..",1395646,5801.931047,"..",1393107,5801.931047,"..",1395908,5875.956542,"..",1835405,7786.480659,"..",1824711,7786.480659,"..",1827983,7839.697987,".."
"2013M04",93665,320.628155,"..",93688,326.401515,"..",94280,329.820654,"..",342314,1648.328406,"..",339161,1648.328406,"..",338910,1636.609628,"..",1410170,5736.011432,"..",1399654,5736.011432,"..",1399680,5899.424403,"..",1846149,7704.967993,"..",1832475,7704.967993,"..",1832903,7865.150422,".."
"2013M05",91481,332.004793,"..",95222,337.579586,"..",94726,331.322268,"..",341382,1694.877098,"..",339283,1694.877098,"..",339611,1642.395687,"..",1419958,6413.908174,"..",1408141,6413.908174,"..",1403681,5931.585598,"..",1852821,8440.790065,"..",1842282,8440.790065,"..",1838176,7900.846585,".."
"2013M06",86913,300.278394,"..",94964,326.793604,"..",95295,333.494726,"..",338479,1567.969244,"..",340344,1567.969244,"..",340580,1649.016139,"..",1410593,5622.774878,"..",1405859,5622.774878,"..",1407383,5969.007960,"..",1835985,7491.022516,"..",1841215,7491.022516,"..",1843247,7944.714059,".."
"2013M07",89308,329.465575,"..",96307,344.070913,"..",95949,336.307554,"..",337993,1727.397747,"..",341968,1727.397747,"..",341584,1657.443080,"..",1411631,6225.792502,"..",1411625,6225.792502,"..",1410438,6011.812276,"..",1838932,8282.655824,"..",1850040,8282.655824,"..",1847768,7998.263550,".."
"2013M08",91033,320.981865,"..",96807,333.382524,"..",96586,339.519609,"..",336988,1610.841402,"..",342706,1610.841402,"..",342494,1666.660062,"..",1410639,6009.908439,"..",1412692,6009.908439,"..",1412982,6051.647990,"..",1838660,7941.731706,"..",1852083,7941.731706,"..",1851832,8051.995508,".."
"2013M09",91392,323.165085,"..",96762,339.522904,"..",97165,343.012358,"..",337403,1618.429925,"..",342854,1618.429925,"..",343219,1676.420059,"..",1415558,5804.175577,"..",1412937,5804.175577,"..",1415254,6084.232924,"..",1844353,7745.770587,"..",1852201,7745.770587,"..",1855547,8100.911590,".."
"2013M10",94660,350.914282,"..",97904,358.428541,"..",97726,346.692052,"..",339812,1759.367872,"..",344003,1759.367872,"..",343854,1686.159679,"..",1427719,6551.332774,"..",1419580,6551.332774,"..",1417547,6110.361821,"..",1862191,8661.614928,"..",1861543,8661.614928,"..",1859222,8144.420878,".."
"2013M11",101485,347.520847,"..",98336,341.506165,"..",98276,350.355850,"..",344333,1630.750383,"..",344439,1630.750383,"..",344479,1694.677825,"..",1433808,5901.872087,"..",1418787,5901.872087,"..",1419832,6126.220976,"..",1879626,7880.143317,"..",1861479,7880.143317,"..",1862818,8176.266809,".."
"2013M12",109346,413.282185,"..",98432,357.654954,"..",98782,353.971570,"..",349062,1930.864789,"..",344911,1930.864789,"..",345042,1701.995491,"..",1431102,6627.242051,"..",1421753,6627.242051,"..",1422015,6135.404057,"..",1889510,8971.389025,"..",1865734,8971.389025,"..",1866198,8198.949344,".."
"2014M01",108682,367.230663,"..",99194,356.326196,"..",99187,357.432446,"..",349210,1582.794241,"..",346157,1582.794241,"..",345535,1706.808003,"..",1387096,5998.248730,"..",1426200,5998.248730,"..",1423890,6139.314595,"..",1844988,7948.273634,"..",1872467,7948.273634,"..",1869100,8211.545076,".."
"2014M02",107464,366.992618,"..",100689,365.378865,"..",99504,360.677378,"..",349976,1619.354323,"..",345491,1619.354323,"..",346110,1711.336040,"..",1401561,5720.274598,"..",1425198,5720.274598,"..",1425666,6146.748203,"..",1859001,7706.621539,"..",1871404,7706.621539,"..",1871755,8225.048333,".."
"2014M03",103597,376.972325,"..",99888,357.539503,"..",99727,363.696566,"..",351090,1728.883858,"..",346714,1728.883858,"..",346850,1716.511739,"..",1428679,6028.378306,"..",1425830,6028.378306,"..",1427401,6164.824276,"..",1883366,8134.234489,"..",1872498,8134.234489,"..",1874224,8247.991015,".."
"2014M04",98899,366.669612,"..",98962,372.380009,"..",99902,366.427325,"..",351143,1818.404179,"..",348065,1818.404179,"..",347766,1721.882276,"..",1440246,6535.155044,"..",1429255,6535.155044,"..",1429279,6192.696042,"..",1890288,8720.228835,"..",1876232,8720.228835,"..",1876851,8279.774529,".."
"2014M05",96354,355.510771,"..",100193,361.011883,"..",100095,368.739754,"..",350945,1701.529722,"..",348915,1701.529722,"..",348741,1727.675348,"..",1445717,6221.801512,"..",1433560,6221.801512,"..",1431645,6226.017460,"..",1893016,8278.842005,"..",1882063,8278.842005,"..",1880185,8317.287535,".."
"2014M06",91916,343.647809,"..",100258,373.624091,"..",100298,370.695398,"..",347399,1658.276729,"..",349387,1658.276729,"..",349717,1734.696898,"..",1436507,5902.801584,"..",1431731,5902.801584,"..",1434621,6262.492182,"..",1875822,7904.726122,"..",1881160,7904.726122,"..",1884371,8360.079709,".."
"2014M07",93461,365.857664,"..",100887,382.182114,"..",100508,372.361847,"..",347043,1839.397887,"..",351065,1839.397887,"..",350752,1743.721674,"..",1439655,6737.076799,"..",1439921,6737.076799,"..",1438206,6302.841260,"..",1880159,8942.332350,"..",1891721,8942.332350,"..",1889292,8410.493162,".."
"2014M08",94482,351.024456,"..",100519,365.638421,"..",100739,373.723933,"..",345815,1685.162871,"..",351387,1685.162871,"..",351920,1754.313174,"..",1436530,6200.863301,"..",1439304,6200.863301,"..",1441917,6340.557387,"..",1876827,8237.050628,"..",1890930,8237.050628,"..",1894416,8461.714614,".."
"2014M09",95502,355.738260,"..",101153,375.357426,"..",100996,374.930524,"..",348261,1759.901347,"..",353543,1759.901347,"..",353140,1766.797916,"..",1456556,6139.314079,"..",1454572,6139.314079,"..",1445234,6373.913500,"..",1900319,8254.953686,"..",1908777,8254.953686,"..",1899235,8512.121997,".."
"2014M10",98069,374.589424,"..",101240,383.223724,"..",101228,375.983090,"..",350552,1792.099011,"..",354675,1792.099011,"..",354348,1780.236870,"..",1459031,6743.321337,"..",1452214,6743.321337,"..",1447978,6398.938777,"..",1907652,8910.009772,"..",1907992,8910.009772,"..",1903583,8555.461020,".."
"2014M11",104279,374.318828,"..",100749,366.622590,"..",101455,376.958823,"..",355137,1720.733617,"..",355032,1720.733617,"..",355632,1793.658714,"..",1464932,6211.532556,"..",1450216,6211.532556,"..",1450422,6414.973717,"..",1924348,8306.585001,"..",1905921,8306.585001,"..",1907704,8589.274014,".."
"2014M12",113413,442.792710,"..",102020,382.293799,"..",101665,377.918006,"..",359440,2049.472176,"..",355436,2049.472176,"..",357084,1806.393393,"..",1461153,7096.228056,"..",1451556,7096.228056,"..",1452751,6426.919882,"..",1934006,9588.492942,"..",1909631,9588.492942,"..",1911750,8617.209769,".."
"2015M01",112213,387.059131,"..",102403,374.098269,"..",101812,378.698306,"..",361550,1647.503221,"..",358629,1647.503221,"..",358612,1816.021447,"..",1414997,6042.680442,"..",1452020,6042.680442,"..",1455149,6433.628229,"..",1888760,8077.242794,"..",1914950,8077.242794,"..",1915764,8635.067712,".."
"2015M02",108486,377.930937,"..",101988,378.357858,"..",101918,379.307711,"..",364787,1734.211021,"..",360296,1734.211021,"..",360026,1824.225442,"..",1434574,6001.624375,"..",1457833,6001.624375,"..",1457998,6444.522933,"..",1907847,8113.766333,"..",1920173,8113.766333,"..",1920049,8654.326464,".."
"2015M03",104556,401.856966,"..",101000,380.461327,"..",101993,379.736017,"..",365553,1945.208610,"..",361097,1945.208610,"..",360985,1830.999334,"..",1466640,6509.383144,"..",1462985,6509.383144,"..",1461205,6465.325705,"..",1936749,8856.448720,"..",1925104,8856.448720,"..",1924412,8681.277982,".."
"2015M04",102544,388.090115,"..",102580,393.814877,"..",102021,379.975897,"..",364705,1876.952626,"..",361694,1876.952626,"..",361602,1835.107869,"..",1479286,6920.065658,"..",1468109,6920.065658,"..",1464720,6492.041395,"..",1946535,9185.108399,"..",1932330,9185.108399,"..",1928787,8711.289777,".."
"2015M05",97607,362.529388,"..",101522,367.698408,"..",101965,380.137914,"..",361583,1812.871152,"..",359582,1812.871152,"..",362160,1837.656101,"..",1475840,6328.707369,"..",1463652,6328.707369,"..",1468203,6525.439234,"..",1935030,8504.107909,"..",1924149,8504.107909,"..",1932822,8747.117011,".."
"2015M06",93850,353.299915,"..",102263,384.161898,"..",101834,380.371348,"..",360488,1833.483056,"..",362502,1833.483056,"..",362882,1840.174378,"..",1476170,6303.988285,"..",1471173,6303.988285,"..",1471370,6566.766302,"..",1930508,8490.771256,"..",1935685,8490.771256,"..",1936349,8792.160164,".."
"2015M07",94645,370.901566,"..",102343,389.948556,"..",101660,380.663084,"..",360093,1897.147897,"..",364287,1897.147897,"..",363765,1843.445988,"..",1476110,6923.486839,"..",1477262,6923.486839,"..",1474370,6613.321611,"..",1930848,9191.536302,"..",1943597,9191.536302,"..",1939654,8844.567159,".."
"2015M08",94936,356.007099,"..",101002,369.940878,"..",101462,381.169459,"..",358723,1789.184617,"..",364238,1789.184617,"..",364615,1848.730480,"..",1471687,6473.493481,"..",1475302,6473.493481,"..",1477422,6661.339429,"..",1925346,8618.685197,"..",1940265,8618.685197,"..",1943005,8901.754845,".."
"2015M09",95140,364.660205,"..",100726,386.281555,"..",101290,381.945992,"..",360384,1968.796271,"..",365615,1968.796271,"..",365117,1856.740656,"..",1484113,6958.913804,"..",1483001,6958.913804,"..",1480731,6706.164401,"..",1939637,9292.370280,"..",1948879,9292.370280,"..",1946632,8959.324586,".."
"2015M10",98286,361.662375,"..",101214,369.275631,"..",101230,382.919588,"..",361257,1787.881680,"..",365249,1787.881680,"..",365221,1867.478503,"..",1488370,6530.909258,"..",1483129,6530.909258,"..",1484465,6743.590350,"..",1947913,8680.453313,"..",1949343,8680.453313,"..",1950891,9012.241888,".."
"2015M11",105527,391.256018,"..",101558,380.873012,"..",101351,384.114297,"..",365994,1838.753783,"..",365541,1838.753783,"..",365313,1880.829401,"..",1501402,6580.303332,"..",1486932,6580.303332,"..",1488832,6773.018710,"..",1972923,8810.313133,"..",1953874,8810.313133,"..",1956143,9058.820431,".."
"2015M12",114920,463.411215,"..",103293,400.195620,"..",101587,385.401975,"..",369068,2182.215365,"..",365001,2182.215365,"..",365884,1895.234815,"..",1504533,7643.548348,"..",1494276,7643.548348,"..",1493693,6794.626010,"..",1988521,10289.174930,"..",1962907,10289.174930,"..",1962186,9096.634353,".."
"2016M01",111282,394.769604,"..",101691,379.815299,"..",101869,386.663712,"..",366431,1712.115819,"..",363884,1712.115819,"..",367114,1908.799148,"..",1449136,6317.610301,"..",1483850,6317.610301,"..",1498883,6808.081566,"..",1926849,8424.495724,"..",1951914,8424.495724,"..",1968753,9122.752150,".."
"2016M02",107869,387.267812,"..",101828,391.593165,"..",102059,387.782103,"..",373866,1835.089809,"..",369478,1835.089809,"..",368805,1922.469269,"..",1482116,6388.259132,"..",1504469,6388.259132,"..",1503771,6823.932246,"..",1963851,8610.616753,"..",1975423,8610.616753,"..",1975002,9149.027568,".."
"2016M03",106026,425.308933,"..",102625,402.772000,"..",102101,388.638161,"..",375167,2138.688725,"..",370809,2138.688725,"..",370481,1935.322718,"..",1515874,7591.481601,"..",1511351,7591.481601,"..",1508091,6846.819129,"..",1997067,10155.479260,"..",1984729,10155.479260,"..",1980516,9180.001840,".."
"2016M04",102430,371.639186,"..",102477,377.321064,"..",102061,389.130462,"..",374670,1859.453583,"..",371818,1859.453583,"..",371756,1945.809973,"..",1523896,6535.757853,"..",1512749,6535.757853,"..",1512049,6873.300036,"..",2000996,8766.850622,"..",1986994,8766.850622,"..",1985551,9211.647946,".."
"2016M05",97515,382.565062,"..",101473,385.430744,"..",101975,389.330927,"..",374497,1986.874051,"..",372518,1986.874051,"..",372707,1954.585856,"..",1523458,6867.501542,"..",1511429,6867.501542,"..",1515697,6905.248719,"..",1995470,9236.940655,"..",1984891,9236.940655,"..",1990187,9247.860221,".."
"2016M06",93634,368.250254,"..",101847,401.531918,"..",101872,389.341459,"..",371969,2009.089507,"..",373901,2009.089507,"..",373763,1961.333049,"..",1525818,7295.220813,"..",1520634,7295.220813,"..",1519393,6941.798810,"..",1991421,9672.560574,"..",1996265,9672.560574,"..",1994869,9288.434411,".."
"2016M07",93679,354.455162,"..",101384,374.567751,"..",101805,389.256072,"..",370060,1857.985414,"..",374326,1857.985414,"..",374999,1966.999183,"..",1519202,6654.832181,"..",1521734,6654.832181,"..",1523511,6981.888932,"..",1982941,8867.272757,"..",1997261,8867.272757,"..",2000236,9333.835717,".."
"2016M08",96058,382.395864,"..",102136,396.505027,"..",101819,389.365466,"..",371542,2061.708792,"..",376982,2061.708792,"..",376339,1973.317243,"..",1526474,7557.018682,"..",1531025,7557.018682,"..",1528213,7024.850609,"..",1994074,10001.123340,"..",2009869,10001.123340,"..",2006322,9385.075599,".."
"2016M09",96657,370.247520,"..",102241,393.358825,"..",101878,389.810205,"..",372645,1906.279354,"..",377902,1906.279354,"..",377754,1980.903670,"..",1533225,6963.783250,"..",1532978,6963.783250,"..",1533123,7066.854381,"..",2002527,9240.310124,"..",2012689,9240.310124,"..",2012460,9438.209877,".."
"2016M10",98668,370.583939,"..",101335,377.136311,"..",101906,390.669647,"..",374559,1899.156391,"..",378455,1899.156391,"..",379159,1990.439860,"..",1537683,6722.115964,"..",1534288,6722.115964,"..",1537780,7106.873967,"..",2010910,8991.856294,"..",2013864,8991.856294,"..",2018021,9492.009560,".."
"2016M11",106600,420.484639,"..",102100,407.335688,"..",101844,391.983183,"..",381598,2112.389383,"..",380687,2112.389383,"..",380384,2001.696107,"..",1558944,7564.989276,"..",1544372,7564.989276,"..",1541926,7145.899918,"..",2047142,10097.863300,"..",2026896,10097.863300,"..",2022774,9546.738570,".."
"2016M12",113761,442.050132,"..",102275,381.435470,"..",101751,393.552117,"..",386453,2143.050451,"..",382085,2143.050451,"..",381471,2013.313784,"..",1560659,7699.509326,"..",1549052,7699.509326,"..",1545771,7180.118675,"..",2060873,10284.609910,"..",2033212,10284.609910,"..",2027228,9595.935212,".."
"2017M01",110888,416.736098,"..",101618,399.088262,"..",101744,395.366678,"..",384252,1910.444928,"..",382180,1910.444928,"..",382525,2024.277431,"..",1505198,6659.743370,"..",1537844,6659.743370,"..",1549729,7209.005605,"..",2000338,8986.924396,"..",2024510,8986.924396,"..",2032202,9637.205165,".."
"2017M02",106541,386.027203,"..",101039,393.534424,"..",101852,397.408287,"..",387461,1920.664076,"..",383088,1920.664076,"..",383646,2035.925669,"..",1528515,6717.207013,"..",1548545,6717.207013,"..",1553848,7240.249476,"..",2022517,9023.898292,"..",2032117,9023.898292,"..",2037880,9679.748004,".."
"2017M03",105166,428.434032,"..",102005,407.651116,"..",102053,399.610333,"..",389735,2162.900103,"..",385578,2162.900103,"..",385076,2047.824573,"..",1564761,7854.012086,"..",1560402,7854.012086,"..",1558232,7277.195781,"..",2059662,10445.346220,"..",2047852,10445.346220,"..",2044304,9727.061584,".."
"2017M04",102239,386.989638,"..",102404,393.640298,"..",102285,402.006187,"..",388885,1981.134923,"..",386267,1981.134923,"..",386730,2059.656284,"..",1573077,6978.515354,"..",1562873,6978.515354,"..",1562956,7320.375888,"..",2064201,9346.639915,"..",2051731,9346.639915,"..",2051255,9780.133994,".."
"2017M05",99221,414.844831,"..",103267,416.359296,"..",102484,404.582067,"..",390712,2247.472841,"..",388753,2247.472841,"..",388300,2072.492361,"..",1581349,7907.829603,"..",1569267,7907.829603,"..",1567998,7373.722657,"..",2071282,10570.147280,"..",2060740,10570.147280,"..",2058367,9845.017421,".."
"2017M06",94759,370.548884,"..",102831,405.287960,"..",102652,407.147714,"..",388247,2016.679032,"..",389899,2016.679032,"..",389619,2084.652157,"..",1578830,7109.171646,"..",1573359,7109.171646,"..",1573130,7428.701265,"..",2061836,9496.399562,"..",2065854,9496.399562,"..",2065220,9912.156064,".."
"2017M07",94283,373.262519,"..",102015,394.349514,"..",102765,409.698893,"..",385891,1991.426962,"..",390143,1991.426962,"..",390728,2096.952969,"..",1570258,7084.098662,"..",1574692,7084.098662,"..",1577677,7483.217542,"..",2050432,9448.788143,"..",2066674,9448.788143,"..",2070973,9981.031141,".."
"2017M08",96948,412.557228,"..",102853,426.627560,"..",102860,412.265240,"..",386790,2233.976077,"..",392213,2233.976077,"..",391831,2109.947533,"..",1577986,8191.196449,"..",1583141,8191.196449,"..",1581419,7534.075246,"..",2061724,10837.729750,"..",2077961,10837.729750,"..",2075836,10049.328529,".."
"2017M09",97661,383.172743,"..",103094,405.920377,"..",103005,414.692483,"..",387589,1991.211021,"..",393031,1991.211021,"..",393054,2123.105545,"..",1586579,7177.023636,"..",1587764,7177.023636,"..",1584593,7574.186757,"..",2071829,9551.407400,"..",2083600,9551.407400,"..",2080549,10108.808227,".."
"2017M10",100685,410.652127,"..",103068,416.516404,"..",103241,417.046040,"..",390334,2130.332620,"..",394123,2130.332620,"..",394652,2137.222032,"..",1587998,7458.013838,"..",1585692,7458.013838,"..",1587515,7606.724694,"..",2079017,9998.998585,"..",2082488,9998.998585,"..",2085371,10162.577663,".."
"2017M11",109078,449.955996,"..",104119,435.784897,"..",103546,419.257544,"..",397973,2214.406922,"..",396631,2214.406922,"..",396425,2150.857295,"..",1605148,8084.522461,"..",1590469,8084.522461,"..",1590113,7629.874169,"..",2112199,10748.885380,"..",2090876,10748.885380,"..",2090058,10206.000705,".."
"2017M12",114868,474.167727,"..",103310,408.272807,"..",103866,421.369210,"..",402756,2281.390489,"..",397937,2281.390489,"..",398056,2163.651174,"..",1601367,7957.125635,"..",1587870,7957.125635,"..",1592619,7645.899414,"..",2118991,10712.683850,"..",2088879,10712.683850,"..",2094594,10239.753924,".."
"2018M01",113194,451.414590,"..",104171,432.574988,"..",104120,423.571569,"..",402351,2153.148774,"..",400911,2153.148774,"..",399306,2175.336384,"..",1566941,7617.711001,"..",1597549,7617.711001,"..",1595133,7659.711466,"..",2082486,10222.274370,"..",2105959,10222.274370,"..",2098785,10267.666940,".."
"2018M02",109339,409.795789,"..",104171,421.603765,"..",104248,425.829057,"..",404069,2066.882522,"..",399658,2066.882522,"..",400127,2187.217861,"..",1581502,7153.616197,"..",1599053,7153.616197,"..",1597732,7680.847261,"..",2094910,9630.294508,"..",2102299,9630.294508,"..",2102522,10300.697602,".."
"2018M03",107582,439.823401,"..",104694,419.078720,"..",104244,428.195531,"..",404331,2196.797152,"..",400525,2196.797152,"..",400770,2199.564820,"..",1603771,7664.845945,"..",1600445,7664.845945,"..",1600425,7713.677548,"..",2115684,10301.466500,"..",2105547,10301.466500,"..",2105862,10344.301144,".."
"2018M04",104002,427.094307,"..",104460,434.999648,"..",104100,430.803546,"..",403746,2150.037823,"..",401409,2150.037823,"..",401444,2211.953541,"..",1608920,7473.339911,"..",1600217,7473.339911,"..",1602853,7758.903291,"..",2116668,10050.472040,"..",2106519,10050.472040,"..",2108573,10399.771213,".."
"2018M05",99848,441.580839,"..",103842,443.310648,"..",103935,433.628482,"..",404426,2453.370048,"..",402615,2453.370048,"..",402238,2224.422878,"..",1619285,8590.211667,"..",1607588,8590.211667,"..",1605124,7817.943531,"..",2123559,11485.162550,"..",2113492,11485.162550,"..",2111162,10469.837487,".."
"2018M06",95523,386.552002,"..",103322,422.357101,"..",103857,436.424607,"..",401679,2103.989916,"..",402942,2103.989916,"..",403076,2235.666503,"..",1612098,7341.136481,"..",1606734,7341.136481,"..",1607632,7880.889021,"..",2109300,9831.678399,"..",2112581,9831.678399,"..",2114300,10544.108773,".."
"2018M07",95814,414.834210,"..",103402,436.602429,"..",103890,439.238100,"..",399784,2243.666812,"..",403661,2243.666812,"..",404000,2247.161899,"..",1604355,7781.311495,"..",1610324,7781.311495,"..",1610266,7946.471836,"..",2099953,10439.812520,"..",2117130,10439.812520,"..",2117954,10623.662951,".."
"2018M08",98626,435.900637,"..",104327,451.406133,"..",104044,441.877786,"..",399878,2291.729355,"..",405264,2291.729355,"..",405033,2257.949724,"..",1607805,8542.938096,"..",1613154,8542.938096,"..",1613065,8003.427787,"..",2106309,11270.568090,"..",2122470,11270.568090,"..",2121854,10696.142131,".."
"2018M09",98996,413.639607,"..",104256,434.728504,"..",104277,444.237721,"..",399953,2148.879750,"..",405596,2148.879750,"..",405955,2267.963656,"..",1611127,7602.097625,"..",1613606,7602.097625,"..",1615936,8046.873532,"..",2110076,10164.616980,"..",2123198,10164.616980,"..",2125615,10755.958675,".."
"2018M10",103537,461.045651,"..",105585,467.473070,"..",104537,446.346323,"..",404142,2403.439947,"..",407803,2403.439947,"..",406623,2278.204154,"..",1625051,8501.126054,"..",1623396,8501.126054,"..",1618921,8080.477478,"..",2132730,11365.611650,"..",2136214,11365.611650,"..",2129303,10806.812479,".."
"2018M11",109241,451.685836,"..",103980,438.535793,"..",104734,447.943206,"..",408144,2190.180115,"..",406408,2190.180115,"..",407134,2287.161406,"..",1636194,7886.745533,"..",1621500,7886.745533,"..",1622117,8099.064552,"..",2153579,10528.611480,"..",2131597,10528.611480,"..",2133040,10840.163506,".."
"2018M12",115764,518.784362,"..",104306,444.200593,"..",104832,449.063703,"..",411398,2514.396198,"..",406225,2514.396198,"..",407621,2294.985361,"..",1636339,8829.409628,"..",1620618,8829.409628,"..",1625718,8106.386695,"..",2163501,11862.590190,"..",2131192,11862.590190,"..",2137174,10858.803672,".."
"2019M01",115461,477.253142,"..",106840,460.582383,"..",104839,449.774319,"..",413189,2213.011133,"..",412499,2213.011133,"..",408219,2300.656706,"..",1604962,7915.311367,"..",1633265,7915.311367,"..",1629586,8107.622052,"..",2133612,10605.575640,"..",2155332,10605.575640,"..",2141727,10866.224085,".."
"2019M02",111514,435.628801,"..",106721,451.825975,"..",104818,450.100682,"..",413726,2191.640961,"..",409389,2191.640961,"..",408997,2306.096107,"..",1618760,7626.042637,"..",1633398,7626.042637,"..",1633666,8115.624184,"..",2144000,10253.312400,"..",2149204,10253.312400,"..",2146730,10877.717450,".."
"2019M03",107095,448.713871,"..",104603,426.171765,"..",104772,450.250113,"..",412436,2286.367397,"..",409103,2286.367397,"..",409889,2312.612426,"..",1638014,7887.987975,"..",1636149,7887.987975,"..",1637591,8141.201643,"..",2157545,10623.069240,"..",2149688,10623.069240,"..",2151693,10906.583601,".."
"2019M04",103417,448.446953,"..",104192,457.427907,"..",104684,450.449068,"..",413027,2340.166804,"..",410964,2340.166804,"..",410687,2319.586025,"..",1649579,7962.382012,"..",1642785,7962.382012,"..",1641229,8184.931271,"..",2166023,10750.995770,"..",2158753,10750.995770,"..",2156314,10953.878964,".."
"2019M05",100648,468.319601,446.484499,104574,474.357336,"..",104508,450.802989,"..",413361,2483.301906,2389.645949,411845,2483.301906,"..",411415,2328.172408,"..",1657451,8952.705661,8473.458929,1646874,8952.705661,"..",1644392,8245.481321,"..",2171460,11904.327170,11309.589380,2162737,11904.327170,"..",2160210,11020.721247,".."
"2019M06",96875,399.207956,417.409595,104367,431.631416,"..",104249,451.553896,"..",411076,2193.550816,2305.527386,411947,2193.550816,"..",412101,2338.882208,"..",1650018,7699.356428,8124.978121,1645099,7699.356428,"..",1647066,8320.305087,"..",2157969,10292.115200,10847.915100,2160895,10292.115200,"..",2163368,11106.084271,".."
"2019M07",97481,446.358754,430.310738,104784,468.626260,"..",104029,452.694258,"..",409567,2489.615534,2346.551918,412725,2489.615534,"..",412830,2351.725922,"..",1643934,9105.328554,8420.472930,1650798,9105.328554,"..",1650101,8405.638350,"..",2150982,12041.302840,11197.335590,2168085,12041.302840,"..",2166932,11206.799067,".."
"2019M08",98085,422.481533,440.540982,103362,436.712337,"..",103918,453.871368,"..",408233,2263.290198,2376.512569,413490,2263.290198,"..",413857,2363.568658,"..",1646444,8142.887338,8603.872728,1651735,8142.887338,"..",1654034,8484.441930,"..",2152762,10828.659070,11420.926280,2168528,10828.659070,"..",2171661,11302.210953,".."
"2019M09",98884,425.249566,438.371002,103815,441.620006,"..",103945,455.032448,"..",409601,2252.098994,2348.741029,415373,2252.098994,"..",415272,2372.868462,"..",1656903,8029.878708,8386.565831,1660576,8029.878708,"..",1659172,8546.827807,"..",2165388,10707.227270,11173.677860,2179726,10707.227270,"..",2177961,11380.148796,".."
"2019M10",101756,471.020105,454.034888,103311,480.007225,"..",104118,456.060097,"..",413230,2584.344770,2388.913216,416637,2584.344770,"..",416634,2377.862363,"..",1661856,9227.685807,8553.746257,1659756,9227.685807,"..",1665388,8584.704332,"..",2176842,12283.050680,11396.694360,2179111,12283.050680,"..",2185576,11429.159197,".."
"2019M11",110343,453.517026,480.858323,104970,441.058319,"..",104431,457.019811,"..",420287,2261.618865,2389.998786,418316,2261.618865,"..",417650,2377.761250,"..",1687755,8284.535807,8747.622152,1672856,8284.535807,"..",1671851,8594.656799,"..",2218385,10999.671700,11618.479260,2196000,10999.671700,"..",2193449,11443.923271,".."
"2019M12",116528,551.347677,517.201746,105331,472.231092,"..",104830,458.149788,"..",423684,2729.853241,2547.470775,418216,2729.853241,"..",418399,2373.949506,"..",1700486,9590.505528,8961.319651,1682806,9590.505528,"..",1677584,8583.274407,"..",2240698,12871.706450,12025.992170,2206176,12871.706450,"..",2200369,11431.758756,".."
"2020M01",113153,477.091259,501.617499,105295,465.516272,"..",105267,459.328910,"..",417068,2252.207699,2400.052068,417238,2252.207699,"..",419052,2365.340741,"..",1653932,8193.244198,8593.598912,1680752,8193.244198,"..",1682228,8550.626250,"..",2184153,10922.543160,11495.268480,2204801,10922.543160,"..",2206123,11390.962677,".."
"2020M02",109798,444.170340,455.355731,105556,464.135443,"..",105728,460.697409,"..",424305,2309.497983,2374.592809,420088,2309.497983,"..",419699,2356.213952,"..",1678250,8081.049577,8318.032951,1690476,8081.049577,"..",1685901,8514.711741,"..",2212353,10834.717900,11147.981490,2215816,10834.717900,"..",2211125,11344.624340,".."
"2020M03",107934,478.576245,486.037445,105840,450.525917,"..",106246,462.363890,"..",423737,2513.416455,2478.180629,420826,2513.416455,"..",420403,2349.356190,"..",1683784,8748.996678,8915.864945,1682936,8748.996678,"..",1688828,8489.842068,"..",2215455,11740.989380,11880.083020,2209431,11740.989380,"..",2215820,11310.990670,".."
"2020M04",102363,458.801370,449.369239,103292,467.717432,"..",106855,464.140260,"..",418250,2152.471686,2125.395394,416297,2152.471686,"..",421181,2344.212440,"..",1660101,8494.686791,8330.931964,1654665,8494.686791,"..",1656725,8475.615868,"..",2180714,11105.959850,10905.696600,2175241,11105.959850,"..",2181182,11289.715901,".."
"2020M05",103547,431.227065,473.526504,107469,439.075544,"..",107482,465.917674,"..",422491,2211.203509,2396.625320,421323,2211.203509,"..",421826,2342.569895,"..",1669084,7860.003149,8531.010819,1660641,7860.003149,"..",1658797,8476.244050,"..",2195122,10502.433720,11401.162640,2188845,10502.433720,"..",2185497,11287.852551,".."
"2020M06",101987,443.150535,444.520263,109373,473.209587,"..",107997,467.966912,"..",422423,2367.492881,2376.381370,422965,2367.492881,"..",422230,2346.941386,"..",1668667,8345.447908,8428.258000,1664589,8345.447908,"..",1660675,8497.561096,"..",2193077,11156.091320,11249.159630,2196184,11156.091320,"..",2189314,11314.832008,".."
"2020M07",101503,477.977972,462.285233,108513,503.236390,"..",108308,470.406356,"..",420308,2494.173505,2435.470584,422581,2494.173505,"..",422225,2358.666746,"..",1654519,9107.542799,8729.743228,1661586,9107.542799,"..",1662205,8540.829106,"..",2176330,12079.694280,11627.499050,2192336,12079.694280,"..",2192105,11373.788152,".."
"2020M08",103586,442.676949,472.611005,108820,455.068222,"..",108398,473.234728,"..",416357,2298.050440,2447.498813,421488,2298.050440,"..",421711,2378.049474,"..",1656850,8194.047692,8824.823987,1662023,8194.047692,"..",1663396,8603.173298,"..",2176793,10934.775080,11744.933810,2192138,10934.775080,"..",2193843,11461.812323,".."
"2020M09",103044,484.441287,454.841265,107926,500.875131,"..",108328,476.549903,"..",415641,2588.573748,2392.360790,421354,2588.573748,"..",421236,2405.185704,"..",1657690,9274.019855,8524.630201,1661763,9274.019855,"..",1664535,8683.963264,"..",2176375,12347.034890,11371.832260,2190892,12347.034890,"..",2195102,11577.495212,".."
"2020M10",106424,448.576769,480.360014,107731,461.645874,"..",108214,480.028609,"..",417569,2339.878003,2470.283399,420760,2339.878003,"..",421422,2437.411193,"..",1675616,8374.300000,8926.446825,1673471,8374.300000,"..",1665893,8772.924479,"..",2199609,11162.754300,11877.090240,2201096,11162.754300,"..",2196613,11706.308795,".."
"2020M11",113487,484.754257,503.685223,107886,469.298409,"..",108120,483.553489,"..",424255,2346.670551,2457.717028,422105,2346.670551,"..",422518,2472.057515,"..",1678685,8404.398723,8812.135100,1663946,8404.398723,"..",1667994,8863.918484,"..",2216427,11235.823530,11773.537350,2194261,11235.823530,"..",2199329,11838.097622,".."
"2020M12",120603,592.756596,543.837388,109500,510.977182,"..",108044,487.099863,"..",430531,2896.555618,2642.377263,425117,2896.555618,"..",424221,2506.190857,"..",1696486,10307.610896,9339.539179,1677948,10307.610896,"..",1670697,8954.506919,"..",2247620,13796.923110,12525.753830,2212693,13796.923110,"..",2203240,11966.666516,".."
"2021M01",114792,472.685213,514.204453,107347,463.378172,"..",107951,490.445032,"..",424685,2254.719247,2488.815605,425712,2254.719247,"..",426069,2535.172462,"..",1647233,8192.340693,8917.885748,1672392,8192.340693,"..",1673875,9032.711496,"..",2186709,10919.745153,11920.905806,2206176,10919.745153,"..",2207925,12074.515851,".."
"2021M02",111954,469.237459,466.586330,108104,491.587651,"..",107807,493.703901,"..",432103,2389.391759,2406.348922,428149,2389.391759,"..",427787,2561.272252,"..",1667707,8366.060521,8393.322786,1677294,8366.060521,"..",1677625,9107.735977,"..",2211764,11224.689739,11266.258038,2213894,11224.689739,"..",2213288,12173.911726,".."
"2021M03",109756,571.462396,534.540088,107943,534.633440,"..",107611,496.954021,"..",432047,2948.351009,2737.452464,429392,2948.351009,"..",429427,2584.933349,"..",1683860,10385.246820,9737.526389,1682985,10385.246820,"..",1682448,9184.541015,"..",2225663,13905.060225,13009.518941,2220253,13905.060225,"..",2219801,12271.441557,".."
"2021M04",105967,489.852315,494.246496,106867,498.427023,"..",107408,500.085184,"..",433033,2519.594260,2588.532152,430941,2519.594260,"..",431337,2604.729165,"..",1692726,9002.751785,9256.101768,1687923,9002.751785,"..",1688607,9258.170317,"..",2231726,12012.198360,12338.880416,2226884,12012.198360,"..",2227770,12361.569551,".."
"2021M05",103438,469.519497,491.433317,107317,479.398419,"..",107321,503.068032,"..",434328,2550.556884,2704.718629,433508,2550.556884,"..",433601,2623.084182,"..",1698761,8834.691870,9466.632405,1692650,8834.691870,"..",1695838,9334.171951,"..",2236527,11854.768251,12662.784351,2233052,11854.768251,"..",2236970,12453.623642,".."
"2021M06",100587,498.270918,466.303317,107448,526.853020,"..",107409,505.864069,"..",435904,2796.012479,2594.760834,436091,2796.012479,"..",435931,2640.231853,"..",1707636,10084.870116,9182.491913,1704506,10084.870116,"..",1703493,9412.672190,"..",2244127,13379.153513,12243.556064,2247705,13379.153513,"..",2246750,12548.975568,".."
"2021M07",101019,469.400837,488.055536,107453,497.863871,"..",107631,508.156213,"..",437045,2550.392918,2665.972625,438507,2550.392918,"..",438143,2656.314523,"..",1704200,9130.809059,9648.514751,1711892,9130.809059,"..",1711121,9489.430059,"..",2242264,12150.602814,12802.542912,2257864,12150.602814,"..",2256517,12643.936728,".."
"2021M08",102754,490.536568,496.880891,107580,499.604056,"..",107883,510.159653,"..",434884,2660.706944,2641.537566,439990,2660.706944,"..",440051,2673.637137,"..",1716324,9550.525940,9681.661179,1721497,9550.525940,"..",1718124,9567.202536,"..",2253962,12701.769452,12820.079636,2269156,12701.769452,"..",2265650,12743.605667,".."
"2021M09",103549,518.219883,489.787097,108316,535.815664,"..",108071,512.074401,"..",435616,2706.784315,2582.445352,441411,2706.784315,"..",441791,2692.505762,"..",1718477,9941.329011,9344.024182,1722891,9941.329011,"..",1724103,9644.528728,"..",2257642,13166.333209,12416.256631,2272669,13166.333209,"..",2273709,12846.087777,".."
"2021M10",107764,476.994602,520.418893,108854,496.206668,"..",108066,514.016548,"..",440317,2539.316335,2744.257869,443551,2539.316335,"..",443430,2713.304907,"..",1728257,9003.405757,9761.086824,1726042,9003.405757,"..",1728662,9721.476010,"..",2276338,12019.716694,13025.763586,2277226,12019.716694,"..",2280220,12950.793393,".."
"2021M11",113331,541.629791,540.218880,107741,520.962607,"..",107841,516.357013,"..",447269,2766.944062,2745.217220,444968,2766.944062,"..",444966,2737.322209,"..",1747870,9704.932871,9837.399479,1732540,9704.932871,"..",1731568,9804.352382,"..",2308470,13013.506724,13122.835579,2285615,13013.506724,"..",2284870,13064.774378,".."
"2021M12",117790,609.285024,567.908862,107461,530.613043,"..",107505,519.025628,"..",451956,3137.139945,2917.570266,446526,3137.139945,"..",446234,2762.353226,"..",1755145,11426.630106,10475.468391,1735939,11426.630106,"..",1732826,9886.679003,"..",2324890,15173.055075,13960.947519,2289233,15173.055075,"..",2287572,13177.535527,".."
"2022M01",113979,516.729729,558.851582,107039,506.148090,"..",107211,522.153146,"..",444822,2456.243737,2772.955325,446652,2456.243737,"..",447044,2786.607976,"..",1715753,9051.349287,10035.007500,1740656,9051.349287,"..",1732723,9965.403544,"..",2274554,12024.322753,13366.814407,2294356,12024.322753,"..",2288513,13283.466928,".."
"2022M02",110177,494.444035,491.905852,106736,517.955063,"..",107080,525.755299,"..",451658,2677.850304,2678.526480,448025,2677.850304,"..",447451,2812.172310,"..",1721893,9308.590905,9297.625129,1730005,9308.590905,"..",1731861,10049.816644,"..",2283727,12480.885244,12468.057461,2285192,12480.885244,"..",2288231,13394.474876,".."
"2022M03",108382,587.981310,550.109634,106705,548.562055,"..",107142,529.463999,"..",450109,3229.981649,2958.210353,447428,3229.981649,"..",447601,2837.389638,"..",1724263,11221.646627,10331.950468,1721978,11221.646627,"..",1731285,10136.023267,"..",2282754,15039.609586,13840.270455,2276086,15039.609586,"..",2287868,13505.628430,".."
"2022M04",106650,509.522305,523.234381,107368,514.913589,"..",107342,532.914393,"..",450042,2669.562271,2816.232363,447595,2669.562271,"..",447761,2859.131597,"..",1734564,9557.048515,10096.139362,1729464,9557.048515,"..",1732130,10212.901906,"..",2291256,12736.133091,13435.606106,2285464,12736.133091,"..",2288818,13603.237962,".."
"2022M05",104766,521.614091,525.896196,108710,531.343018,"..",107562,536.039994,"..",448939,2888.464221,2903.207604,448316,2888.464221,"..",448295,2879.088396,"..",1736648,10496.843217,10459.858691,1732571,10496.843217,"..",1735230,10286.359621,"..",2290353,13906.921529,13888.962491,2289470,13906.921529,"..",2292156,13696.269416,".."
"2022M06",101368,536.147611,505.380025,107951,566.129281,"..",107681,538.468606,"..",448883,2958.400858,2812.753596,448764,2958.400858,"..",449253,2895.683629,"..",1741673,10596.105358,10113.698532,1739765,10596.105358,"..",1740644,10348.668534,"..",2291924,14090.653827,13431.832153,2296454,14090.653827,"..",2298008,13776.104607,".."
"2022M07",101028,480.409880,512.441438,107046,514.801202,"..",107603,540.036421,"..",450014,2697.448510,2898.514510,450864,2697.448510,"..",450565,2909.802610,"..",1739877,9743.181082,10500.301005,1748476,9743.181082,"..",1747331,10401.413586,"..",2290920,12921.039472,13911.256953,2306613,12921.039472,"..",2305471,13845.737638,".."
"2022M08",102662,560.293354,534.844227,107253,565.321734,"..",107297,540.982242,"..",447252,3185.017458,2982.040178,452304,3185.017458,"..",451976,2924.348223,"..",1750200,11403.300873,10655.841985,1755573,11403.300873,"..",1753919,10454.816043,"..",2300114,15148.611685,14172.726390,2315343,15148.611685,"..",2313067,13918.515397,".."
"2022M09",102953,522.879174,522.292560,107677,544.894717,"..",106799,541.292722,"..",446875,2856.938049,2903.217612,452633,2856.938049,"..",453233,2938.541209,"..",1757466,10188.632856,10417.190966,1762011,10188.632856,"..",1759653,10506.205514,"..",2307294,13568.450079,13842.701138,2322450,13568.450079,"..",2319713,13989.781978,".."
"2022M10",105530,509.473588,550.477697,106459,532.359184,"..",106213,541.364361,"..",451525,2781.891769,2981.001646,454817,2781.891769,"..",454100,2953.683660,"..",1767094,9980.414732,10742.205899,1765418,9980.414732,"..",1764408,10561.350520,"..",2324149,13271.780089,14273.685242,2325266,13271.780089,"..",2325140,14065.938361,".."
"2022M11",110997,591.657084,555.954500,105485,564.698873,"..",105701,541.653829,"..",457437,3174.069062,2960.677539,455103,3174.069062,"..",454528,2970.062001,"..",1785553,11634.303010,10673.749407,1769711,11634.303010,"..",1768617,10624.468462,"..",2353987,15400.029156,14190.381446,2330575,15400.029156,"..",2329776,14150.753068,".."
"2022M12",114268,577.809360,579.493136,104743,508.503315,"..",105397,542.240352,"..",456003,3093.453487,3080.944043,450916,3093.453487,"..",454746,2985.932267,"..",1786581,10834.946343,10937.424997,1767604,10834.946343,"..",1773103,10691.158459,"..",2356852,14506.209190,14597.862176,2322195,14506.209190,"..",2334645,14236.849282,".."
"2023M01",111982,557.345463,577.079817,105424,541.365139,"..",105371,543.523243,"..",452596,2798.862733,2960.015551,454914,2798.862733,"..",455165,3001.339287,"..",1753118,10118.224916,10771.129333,1777237,10118.224916,"..",1778441,10765.674298,"..",2317696,13474.433112,14308.224701,2336898,13474.433112,"..",2340544,14328.121272,".."
"2023M02",108293,513.074374,503.093880,105099,535.768277,"..",105634,545.529744,"..",458943,2847.558855,2841.279756,455747,2847.558855,"..",456091,3017.835741,"..",1780526,10285.161901,10361.949004,1787508,10285.161901,"..",1784750,10856.890055,"..",2347762,13645.795130,13706.322640,2348829,13645.795130,"..",2347778,14435.369912,".."
"2023M03",107943,595.989115,581.499247,106275,559.599856,"..",106102,548.094497,"..",460236,3301.925168,3180.818527,457437,3301.925168,"..",457508,3034.269014,"..",1794753,11895.970143,11270.081343,1790262,11895.970143,"..",1791572,10964.034174,"..",2362932,15793.884426,15032.399117,2353960,15793.884426,"..",2355879,14557.355652,".."
"2023M04",106737,538.612401,557.532033,107215,539.652641,"..",106593,551.288119,"..",462527,2887.721801,3049.577775,459672,2887.721801,"..",459000,3050.748371,"..",1805186,10372.435073,11058.579828,1799255,10372.435073,"..",1798123,11084.629464,"..",2374450,13798.769275,14665.689636,2367001,13798.769275,"..",2363827,14692.689323,".."
"2023M05",103053,575.678920,539.392990,107007,583.803309,"..",106907,554.979851,"..",460552,3316.674617,3118.507394,459961,3316.674617,"..",460195,3068.994070,"..",1807036,12315.863077,11375.532390,1804131,12315.863077,"..",1803765,11216.870117,"..",2370641,16208.216614,15033.432774,2371326,16208.216614,"..",2370856,14842.532191,".."
"2023M06",100571,518.742283,518.625288,106917,550.904816,"..",107004,558.733514,"..",461318,2982.287829,3041.033250,460971,2982.287829,"..",461050,3086.625400,"..",1809417,10761.240412,11060.335872,1808911,10761.240412,"..",1808230,11345.390048,"..",2371305,14262.270524,14619.994410,2377309,14262.270524,"..",2376603,14989.777167,".."
"2023M07",101368,509.407097,544.628083,107154,550.155857,"..",106936,562.415523,"..",461142,2918.712933,3110.858934,461627,2918.712933,"..",461567,3104.030328,"..",1802983,10817.672741,11623.538093,1812798,10817.672741,"..",1811644,11467.409127,"..",2365493,14245.792771,15279.025110,2382003,14245.792771,"..",2380908,15132.684021,".."
"2023M08",102376,595.694811,552.352910,106786,596.035938,"..",106826,565.887484,"..",456635,3450.718805,3164.592248,461659,3450.718805,"..",461779,3119.649013,"..",1806866,12518.884925,11690.605046,1812928,12518.884925,"..",1814430,11572.363108,"..",2365876,16565.298541,15407.550204,2381720,16565.298541,"..",2384024,15258.795009,".."
"2023M09",101804,508.518780,528.440795,106538,535.472433,"..",106795,568.906482,"..",456314,2931.004428,3067.945096,462097,2931.004428,"..",461593,3132.529980,"..",1811092,11060.324669,11430.194886,1815941,11060.324669,"..",1816734,11655.339795,"..",2369211,14499.847877,15026.580777,2384784,14499.847877,"..",2386264,15361.248342,".."
"2023M10",105416,547.074747,571.213415,106216,569.429610,"..",106902,571.434879,"..",457456,3110.782803,3156.712055,460737,3110.782803,"..",461053,3144.621790,"..",1830104,11709.862588,11902.097697,1828725,11709.862588,"..",1818832,11723.033745,"..",2392976,15367.720138,15630.023167,2394291,15367.720138,"..",2387938,15447.777116,".."
"2023M11",113341,625.627641,590.544463,107753,595.295940,"..",107112,573.259562,"..",462633,3270.551274,3109.686695,460371,3270.551274,"..",460351,3153.644494,"..",1836578,12359.060206,11674.190413,1820142,12359.060206,"..",1821056,11767.424121,"..",2412552,16255.239121,15374.421571,2388504,16255.239121,"..",2389461,15506.415613,".."
"2023M12",116255,609.670314,630.582845,106984,541.003082,"..",107330,574.415147,"..",464076,3216.572437,3289.979064,459313,3216.572437,"..",459598,3159.266822,"..",1840918,11719.279823,12137.637994,1822689,11719.279823,"..",1823379,11791.333396,"..",2421249,15545.522574,16058.199903,2387524,15545.522574,"..",2390866,15538.485289,".."
"2024M01",114470,630.897236,607.664672,107894,606.640316,"..",107436,574.843281,"..",456730,3226.484819,3124.621632,459305,3226.484819,"..",458900,3161.331415,"..",1801292,12282.441985,11715.552621,1824809,12282.441985,"..",1825402,11799.767516,"..",2372492,16139.824040,15447.838925,2391622,16139.824040,"..",2391897,15548.529401,".."
"2024M02",110771,565.923222,557.055967,107525,588.773104,"..",107359,574.397138,"..",460655,3052.805643,3047.560996,457854,3052.805643,"..",458179,3161.565235,"..",1819671,11148.896049,11257.229757,1825582,11148.896049,"..",1826370,11801.182002,"..",2391097,14767.624914,14861.846720,2391424,14767.624914,"..",2391866,15547.059365,".."
"2024M03",108825,562.304759,601.504750,107045,533.850834,"..",107125,573.205899,"..",460186,3082.016066,3287.231208,457276,3082.016066,"..",457312,3160.610929,"..",1835280,11332.679752,12170.883443,1828752,11332.679752,"..",1825653,11802.682744,"..",2404291,14977.000577,16059.619401,2393173,14977.000577,"..",2390118,15542.889251,".."
"2024M04",106780,593.844887,584.804647,107062,589.245114,"..",106798,571.537598,"..",459771,3161.472131,3153.005372,456561,3161.472131,"..",456264,3158.377036,"..",1832777,12000.758674,11790.030300,1825700,12000.758674,"..",1823209,11808.913657,"..",2399328,15756.075692,15527.840319,2389847,15756.075692,"..",2386478,15541.660935,".."
"2024M05",102012,584.333816,556.251950,106039,588.303917,"..",106493,569.622014,"..",455216,3336.668074,3213.046991,454549,3336.668074,"..",454839,3155.050426,"..",1822997,12535.215479,12063.483557,1820549,12535.215479,"..",1819312,11819.523250,"..",2380226,16456.217369,15832.782498,2381538,16456.217369,"..",2380987,15544.548824,".."
"2024M06",99645,504.712912,533.351372,105842,542.417078,"..",106290,567.839941,"..",453852,2929.315407,3087.373788,453372,2929.315407,"..",452948,3150.673812,"..",1811377,10858.810182,11561.298486,1812158,10858.810182,"..",1814746,11832.722063,"..",2364875,14292.838501,15182.023646,2372105,14292.838501,"..",2374335,15550.926053,".."
"2024M07",101059,592.590715,557.780306,106661,641.311757,"..",106197,566.625719,"..",450494,3380.747543,3129.694728,450834,3380.747543,"..",450661,3147.979454,"..",1797013,12848.946340,11854.919322,1807580,12848.946340,"..",1810501,11857.321128,"..",2348566,16822.284598,15542.394356,2365424,16822.284598,"..",2367715,15573.204046,".."
"2024M08",101997,547.629453,570.512902,106357,545.690532,"..",106184,566.011611,"..",442978,3023.091702,3170.135541,447825,3023.091702,"..",448289,3146.092515,"..",1800385,11311.795580,11959.643547,1807288,11311.795580,"..",1807400,11884.706769,"..",2345360,14882.516735,15700.291990,2361820,14882.516735,"..",2362153,15602.493523,".."
"2024M09",100831,527.253518,541.547161,105627,562.238825,"..",106180,566.106242,"..",440580,2941.886749,3062.154173,446095,2941.886749,"..",446134,3144.543466,"..",1802144,11178.579896,11711.981739,1807222,11178.579896,"..",1805765,11910.480882,"..",2343555,14647.720163,15315.683073,2359126,14647.720163,"..",2358093,15633.262406,".."
"2024M10",105961,611.534773,581.120398,106784,631.418634,"..",106172,566.990954,"..",441173,3395.098291,3151.663736,444357,3395.098291,"..",444328,3144.251073,"..",1804020,13122.679680,12037.682951,1803202,13122.679680,"..",1805371,11936.448335,"..",2351154,17129.312744,15770.467085,2352943,17129.312744,"..",2355535,15666.879915,".."
"2024M11",111618,568.724717,606.116902,106083,540.930861,"..",106168,568.375073,"..",444877,2945.525718,3104.427284,442765,2945.525718,"..",442808,3140.965415,"..",1823152,11186.364900,11842.834247,1806767,11186.364900,"..",1805531,11946.034624,"..",2379647,14700.615335,15553.378433,2355787,14700.615335,"..",2353963,15679.219337,".."
"2024M12",115024,677.057379,637.897114,106066,603.354707,"..",106163,570.169505,"..",445960,3487.746641,3263.478135,441706,3487.746641,"..",441444,3134.306052,"..",1822536,13032.357997,12432.533071,1805134,13032.357997,"..",1805532,11941.951072,"..",2383520,17197.162017,16333.908320,2351488,17197.162017,"..",2352651,15670.346241,".."
"2025M01",112217,602.833887,614.139233,105765,573.418999,"..",106194,572.257359,"..",437487,2983.206648,3096.840606,440031,2983.206648,"..",440236,3123.081141,"..",1784482,11698.873054,11916.747050,1807022,11698.873054,"..",1805006,11925.145950,"..",2334186,15284.913589,15627.726889,2352702,15284.913589,"..",2351137,15638.206344,".."
"2025M02",109889,555.044817,553.001641,106616,574.418579,"..",106264,574.419276,"..",441321,2928.919453,2930.433580,438862,2928.919453,"..",439169,3109.740733,"..",1799391,11175.723616,11155.128796,1804295,11175.723616,"..",1804018,11906.604751,"..",2350601,14659.687886,14638.564017,2350127,14659.687886,"..",2349285,15596.476329,".."
"2025M03",108449,582.924023,610.612410,106610,560.763183,"..",106353,576.752299,"..",441554,3087.004131,3286.687398,438637,3087.004131,"..",438102,3097.634054,"..",1811399,11471.738770,12374.310414,1803710,11471.738770,"..",1802838,11902.777147,"..",2361402,15141.666924,16271.610222,2349153,15141.666924,"..",2347252,15566.613048,".."
"2025M04",106117,609.153159,571.657258,106292,599.744841,"..",106463,579.186819,"..",440408,3356.576933,3108.345565,437119,3356.576933,"..",436953,3087.549749,"..",1808284,13179.555230,12016.908110,1800487,13179.555230,"..",1801807,11917.989505,"..",2354808,17145.285322,15696.910933,2344290,17145.285322,"..",2345459,15555.372900,".."
"2025M05",102032,552.715944,572.546992,106178,554.760134,"..",106590,581.625035,"..",436393,3038.997806,3162.064565,435660,3038.997806,"..",435839,3078.265069,"..",1801851,11745.344348,12298.304188,1799381,11745.344348,"..",1801404,11943.730414,"..",2340275,15337.058098,16032.915745,2341436,15337.058098,"..",2344450,15555.038303,".."
"2025M06",100862,535.596368,541.344047,107112,581.841945,"..",106689,584.234992,"..",435344,2922.926955,3034.735038,434754,2922.926955,"..",434984,3070.987988,"..",1800820,11275.517334,11780.801491,1802453,11275.517334,"..",1801947,11982.656586,"..",2337025,14734.040657,15356.880576,2344922,14734.040657,"..",2344619,15572.223711,".."
"Table information:"
"Units:"
"Filled jobs: Number, Magnitude = Units"
"Earnings - cash: Value, Magnitude = Millions"
"Earnings - accrued: Value, Magnitude = Millions"
""
"Footnotes:"
" "
"Symbols:"
".. figure not available"
"C: Confidential"
"E: Early Estimate"
"P: Provisional"
"R: Revised"
"S: Suppressed"
""
"Status flags are not displayed"
""
"Table reference: "
"MEI001AA"
""
"Last updated:"
"Filled jobs: 28 July 2025 10:45am"
"Earnings - cash: 28 July 2025 10:45am"
"Earnings - accrued: 28 July 2025 10:45am"
""
"Source: Statistics New Zealand"
"Contact: Information Centre"
"Telephone: 0508 525 525"
"Email:info@stats.govt.nz"
""
""
""
