"Age and Region by variable (Monthly)","","","","","","","","","","","","","","","","","","","","","","","","","","","","","","","","","","","","","","","","","","","","","","","","","","","","","","","","","","","","","","","","","","","","","","","","","","","","","","","","","","","","","","","","","","","","","","","","","","","","","","","","","","","","","","","","","","","","","","","","","","","","","","","","","","","","","","","","","","","","","","","","","","","","","","","","","","","","","","","","","","","","","","","","","","","","","","","",""
"","Filled jobs","","","","","","","","","","","","","","","","","","","","","","","","","","","","","","","","","","","","","","","","","","","","","","","","","","","","","","","","","","","","","","","","","","","","","","","","","","","","","","","","","","","","","","","","","","","","","","","","","","","","","","","","","","","","","","","","","","","","","","","","","","","","","","","","","","","","","","","","","","","","","","","","","","","","","","","","","","","","","","","","","","","","","","","","","","","","","","",""
" ","15-19","","","","","","","","","","","","","","","","20-24","","","","","","","","","","","","","","","","25-29","","","","","","","","","","","","","","","","30-34","","","","","","","","","","","","","","","","35-39","","","","","","","","","","","","","","","","40-44","","","","","","","","","","","","","","","","45-49","","","","","","","","","","","","","","","","50-54","","","","","","","","","","","","","","","","55-59","","","","","","","","","","","","","","","","60-64","","","","","","","","","","","","","","","",65,"","","","","","","","","","","","","","",""
" ","Northland","Auckland","Waikato","Bay of Plenty","Gisborne","Hawke's Bay","Taranaki","Manawatu-Whanganui","Wellington","Tasman","Nelson","Marlborough","West Coast","Canterbury","Otago","Southland","Northland","Auckland","Waikato","Bay of Plenty","Gisborne","Hawke's Bay","Taranaki","Manawatu-Whanganui","Wellington","Tasman","Nelson","Marlborough","West Coast","Canterbury","Otago","Southland","Northland","Auckland","Waikato","Bay of Plenty","Gisborne","Hawke's Bay","Taranaki","Manawatu-Whanganui","Wellington","Tasman","Nelson","Marlborough","West Coast","Canterbury","Otago","Southland","Northland","Auckland","Waikato","Bay of Plenty","Gisborne","Hawke's Bay","Taranaki","Manawatu-Whanganui","Wellington","Tasman","Nelson","Marlborough","West Coast","Canterbury","Otago","Southland","Northland","Auckland","Waikato","Bay of Plenty","Gisborne","Hawke's Bay","Taranaki","Manawatu-Whanganui","Wellington","Tasman","Nelson","Marlborough","West Coast","Canterbury","Otago","Southland","Northland","Auckland","Waikato","Bay of Plenty","Gisborne","Hawke's Bay","Taranaki","Manawatu-Whanganui","Wellington","Tasman","Nelson","Marlborough","West Coast","Canterbury","Otago","Southland","Northland","Auckland","Waikato","Bay of Plenty","Gisborne","Hawke's Bay","Taranaki","Manawatu-Whanganui","Wellington","Tasman","Nelson","Marlborough","West Coast","Canterbury","Otago","Southland","Northland","Auckland","Waikato","Bay of Plenty","Gisborne","Hawke's Bay","Taranaki","Manawatu-Whanganui","Wellington","Tasman","Nelson","Marlborough","West Coast","Canterbury","Otago","Southland","Northland","Auckland","Waikato","Bay of Plenty","Gisborne","Hawke's Bay","Taranaki","Manawatu-Whanganui","Wellington","Tasman","Nelson","Marlborough","West Coast","Canterbury","Otago","Southland","Northland","Auckland","Waikato","Bay of Plenty","Gisborne","Hawke's Bay","Taranaki","Manawatu-Whanganui","Wellington","Tasman","Nelson","Marlborough","West Coast","Canterbury","Otago","Southland","Northland","Auckland","Waikato","Bay of Plenty","Gisborne","Hawke's Bay","Taranaki","Manawatu-Whanganui","Wellington","Tasman","Nelson","Marlborough","West Coast","Canterbury","Otago","Southland"
" ","Actual","Actual","Actual","Actual","Actual","Actual","Actual","Actual","Actual","Actual","Actual","Actual","Actual","Actual","Actual","Actual","Actual","Actual","Actual","Actual","Actual","Actual","Actual","Actual","Actual","Actual","Actual","Actual","Actual","Actual","Actual","Actual","Actual","Actual","Actual","Actual","Actual","Actual","Actual","Actual","Actual","Actual","Actual","Actual","Actual","Actual","Actual","Actual","Actual","Actual","Actual","Actual","Actual","Actual","Actual","Actual","Actual","Actual","Actual","Actual","Actual","Actual","Actual","Actual","Actual","Actual","Actual","Actual","Actual","Actual","Actual","Actual","Actual","Actual","Actual","Actual","Actual","Actual","Actual","Actual","Actual","Actual","Actual","Actual","Actual","Actual","Actual","Actual","Actual","Actual","Actual","Actual","Actual","Actual","Actual","Actual","Actual","Actual","Actual","Actual","Actual","Actual","Actual","Actual","Actual","Actual","Actual","Actual","Actual","Actual","Actual","Actual","Actual","Actual","Actual","Actual","Actual","Actual","Actual","Actual","Actual","Actual","Actual","Actual","Actual","Actual","Actual","Actual","Actual","Actual","Actual","Actual","Actual","Actual","Actual","Actual","Actual","Actual","Actual","Actual","Actual","Actual","Actual","Actual","Actual","Actual","Actual","Actual","Actual","Actual","Actual","Actual","Actual","Actual","Actual","Actual","Actual","Actual","Actual","Actual","Actual","Actual","Actual","Actual","Actual","Actual","Actual","Actual","Actual","Actual","Actual","Actual","Actual","Actual","Actual","Actual"
"2019M05",4203,33233,"..",8216,1425,4412,2961,5985,11257,1542,1201,1403,850,"..",5529,2839,6413,80730,"..",13749,2114,7502,4785,10838,25142,2156,1777,2308,1151,"..",11548,4429,6677,103706,"..",16016,2256,8298,5280,11661,29630,2259,2000,2844,1417,"..",14081,5039,6253,92383,"..",14025,1971,7347,4974,10321,26260,1951,1907,2722,1308,"..",12093,4743,5907,80440,"..",12269,1892,6725,4908,9373,24528,1928,1727,2508,1189,"..",10173,4556,6047,71005,"..",12710,1954,7210,5019,9550,23691,2238,1860,2470,1237,"..",9858,4608,7165,72923,"..",14025,2254,8237,5722,10678,26171,2709,2275,2723,1594,"..",10808,4765,7243,65382,"..",13107,2054,7531,5183,10621,23815,2609,2193,2610,1549,"..",10070,4605,7091,55890,"..",12572,2096,7647,5247,10741,22219,2519,2232,2559,1734,"..",9944,4797,5592,38144,"..",9568,1683,5762,4047,8096,16042,1873,1676,1984,1287,"..",7684,3757,4244,27665,"..",7749,1409,4498,2802,6159,11254,1343,1075,1480,916,"..",5167,2675
"2019M06",4031,32452,11384,7921,1372,4296,2915,5886,11245,1480,1170,1382,814,14351,5357,2713,6265,79815,21620,13334,2064,7086,4752,10766,24974,2071,1779,2291,1134,28556,11445,4209,6611,103410,23806,15501,2231,7878,5219,11610,29748,2142,1968,2785,1390,34468,14089,4917,6277,92867,21490,13778,2003,7077,4957,10375,26593,1910,1870,2700,1279,31205,12109,4621,5891,81135,19560,12184,1901,6510,4939,9409,24839,1889,1707,2501,1182,27845,10141,4510,6061,71729,19326,12611,1958,6975,5026,9571,23909,2198,1847,2471,1230,27333,9794,4514,7141,73247,21280,13965,2227,8135,5705,10749,26411,2703,2248,2725,1559,30667,10747,4685,7229,65746,19630,12995,2077,7446,5172,10573,24085,2598,2168,2600,1550,28601,10083,4477,7067,56389,18290,12504,2086,7610,5197,10764,22382,2508,2218,2584,1709,26440,9913,4660,5628,38393,13757,9521,1690,5743,4013,8215,16249,1858,1646,2017,1306,19659,7675,3646,4246,27964,10528,7667,1417,4512,2826,6211,11345,1298,1089,1471,913,13802,5129,2647
"2019M07",4051,32569,11461,7870,1413,4301,2928,6008,11228,1512,1151,1398,814,14475,5457,2682,6206,79954,21603,13137,1989,6979,4697,10884,25010,2072,1763,2272,1124,28653,11577,4110,6568,104063,23915,15398,2177,7788,5232,11657,29897,2112,1962,2755,1373,34529,14150,4810,6258,93889,21695,13715,2008,6973,4932,10466,26824,1874,1903,2705,1265,31371,12243,4516,5838,82285,19618,12137,1871,6409,4928,9434,24930,1884,1721,2487,1157,27959,10112,4401,5985,72482,19247,12615,1940,6884,4999,9543,23914,2202,1840,2445,1229,27438,9754,4402,7130,73895,21225,13878,2226,8047,5695,10692,26402,2727,2241,2726,1537,30639,10669,4561,7222,66484,19594,12930,2059,7336,5172,10642,24142,2600,2194,2601,1563,28715,10060,4360,7048,57001,18275,12441,2084,7551,5193,10745,22444,2525,2232,2579,1675,26634,9880,4530,5612,38835,13777,9563,1684,5689,3993,8220,16261,1853,1687,2009,1304,19822,7674,3577,4211,28191,10533,7489,1400,4444,2813,6217,11327,1293,1087,1437,891,13697,5059,2557
"2019M08",4013,32238,11286,7690,1336,4129,2925,5851,11070,1463,1120,1345,815,14190,5328,2696,6159,79921,21617,13086,1943,6845,4706,10832,24907,2028,1754,2226,1151,28575,11601,4196,6519,104044,23965,15357,2186,7681,5248,11662,29834,2076,1965,2699,1394,34496,14309,4843,6326,94394,21883,13695,2011,6881,4910,10477,26895,1863,1891,2715,1268,31615,12407,4596,5872,82793,19794,12265,1861,6333,4948,9476,24924,1897,1736,2447,1185,28131,10223,4477,6002,72735,19348,12534,1953,6845,5033,9517,23948,2192,1845,2437,1248,27441,9821,4463,7141,74134,21303,13792,2195,8073,5669,10696,26410,2739,2229,2714,1544,30686,10747,4628,7239,66787,19649,12931,2057,7322,5196,10522,24095,2598,2193,2587,1565,28780,10077,4380,7063,57143,18338,12406,2063,7560,5185,10777,22504,2521,2208,2593,1678,26686,9905,4558,5644,39071,13868,9524,1684,5718,4031,8185,16328,1876,1694,1988,1318,19893,7727,3617,4262,28312,10630,7501,1404,4460,2830,6257,11358,1299,1074,1477,899,13765,5146,2583
"2019M09",4067,32435,11541,7757,1322,4202,2955,5941,11204,1482,1148,1400,845,14488,5444,2814,6239,80183,21747,13090,1951,6852,4694,10906,24971,1968,1729,2233,1171,28856,11687,4317,6544,104304,24178,15323,2184,7525,5279,11752,30077,2019,2004,2659,1399,34748,14336,4895,6415,94971,22071,13697,1979,6816,4950,10600,27070,1838,1913,2684,1280,31997,12553,4644,5934,83405,19940,12281,1880,6360,4966,9592,25137,1886,1734,2424,1186,28228,10360,4551,6032,73177,19492,12544,1937,6750,5025,9527,23952,2150,1858,2421,1250,27699,9845,4537,7239,74314,21340,13847,2165,8054,5687,10763,26444,2725,2222,2713,1595,30760,10859,4666,7268,66959,19795,13016,2010,7350,5213,10578,24115,2602,2183,2607,1566,28936,10143,4418,7179,57360,18452,12470,2071,7556,5175,10779,22498,2589,2194,2610,1704,26855,9980,4624,5687,39394,13933,9527,1702,5765,4094,8252,16498,1886,1718,2016,1322,20114,7790,3654,4390,28750,10892,7673,1432,4528,2879,6394,11574,1323,1093,1518,912,14109,5269,2638
"2019M10",4252,33513,12107,8053,1494,4331,3082,6146,11532,1561,1175,1486,893,14957,5597,2984,6311,80575,21950,13310,2009,6868,4729,11020,25206,1988,1758,2193,1210,29125,11623,4336,6572,105004,24525,15301,2225,7513,5253,11799,30258,1990,1986,2592,1419,35028,14237,4953,6431,95591,22255,13728,2001,6792,4993,10706,27290,1853,1876,2585,1317,32126,12533,4678,5966,83831,19988,12232,1889,6317,4954,9665,25266,1897,1731,2328,1189,28302,10386,4566,6009,73464,19570,12459,1945,6706,5028,9545,23919,2127,1840,2324,1261,27665,9780,4540,7252,74409,21380,13854,2164,7993,5663,10811,26331,2730,2182,2667,1549,30779,10901,4705,7208,67088,19900,13035,2044,7310,5205,10583,24169,2594,2160,2610,1585,29050,10145,4435,7260,57571,18531,12590,2068,7571,5151,10849,22542,2547,2167,2608,1718,27023,10063,4658,5667,39567,14063,9574,1703,5755,4070,8337,16594,1899,1700,2050,1314,20228,7832,3698,4409,28734,10937,7691,1437,4480,2868,6355,11601,1316,1087,1526,932,14224,5357,2638
"2019M11",4679,36248,12938,8754,1589,4725,3330,6586,12227,1748,1298,1635,953,16036,6010,3251,6611,82874,22744,13898,2112,7410,4978,11339,25763,2161,1831,2361,1254,30276,12114,4599,6749,106278,24802,15572,2294,8045,5353,12037,30443,2094,2049,2793,1462,35439,14505,5069,6567,96987,22585,13946,2046,7230,5132,10805,27445,1931,1942,2755,1339,32466,12902,4799,6087,84909,20241,12375,1923,6645,5027,9765,25381,1974,1796,2494,1208,28568,10630,4658,6145,74342,19663,12549,1995,6950,5104,9629,24187,2186,1862,2455,1272,27921,9961,4587,7348,75019,21573,13911,2183,8141,5718,10859,26470,2749,2237,2758,1562,30941,11047,4769,7338,67625,20013,13258,2073,7453,5284,10691,24246,2662,2234,2663,1611,29257,10306,4464,7334,58038,18644,12697,2068,7641,5195,10939,22672,2591,2200,2677,1730,27114,10220,4690,5753,40080,14155,9692,1736,5849,4141,8400,16652,1933,1743,2138,1328,20442,7971,3730,4584,29372,11267,7918,1452,4637,2958,6566,11807,1415,1128,1587,951,14563,5640,2745
"2019M12",5271,40425,14373,9635,1914,5817,3562,7302,13190,2044,1481,1864,1083,17656,6794,3592,6810,83856,23255,14390,2212,7976,5153,11582,26167,2322,1942,2504,1275,31265,12702,4884,6813,105837,24874,15677,2322,8423,5364,12056,30350,2168,2056,2810,1460,35345,14540,5146,6610,96868,22581,14025,2074,7493,5105,10872,27508,1978,1947,2765,1349,32597,12838,4843,6064,84784,20164,12384,1939,6825,5068,9727,25287,1988,1781,2493,1220,28533,10635,4717,6117,74104,19729,12541,1999,7100,5076,9575,24093,2186,1859,2423,1272,27775,9962,4632,7311,74664,21441,13888,2205,8205,5719,10875,26384,2765,2212,2772,1567,30959,10952,4778,7323,67697,20056,13209,2081,7574,5274,10642,24344,2670,2213,2673,1611,29308,10224,4520,7354,58083,18555,12719,2070,7671,5184,10905,22652,2594,2195,2650,1729,27161,10186,4763,5783,40212,14187,9635,1735,5990,4146,8460,16720,1953,1753,2132,1353,20557,7997,3783,4579,29726,11322,7943,1444,4755,2959,6570,11963,1421,1124,1620,975,14766,5677,2808
"2020M01",4998,35683,13301,9030,1805,5301,3339,6759,11907,1957,1387,1760,1055,16150,6556,3564,6537,79087,22351,13978,2150,7679,5089,11179,25011,2269,1879,2471,1235,29934,12334,4878,6631,103092,24531,15461,2340,8316,5254,11867,29802,2136,1995,2764,1425,34645,14447,5112,6433,95582,22352,13870,2074,7403,5029,10680,27230,1940,1944,2725,1346,32140,12691,4808,5985,83623,19789,12277,1868,6737,4982,9586,25053,1941,1768,2439,1183,28088,10521,4701,5945,72868,19443,12396,1985,6970,5019,9386,23757,2140,1842,2396,1250,27110,9704,4538,7219,73453,21264,13776,2189,8109,5617,10754,25916,2717,2171,2702,1497,30255,10766,4781,7234,66699,19807,13060,2084,7440,5197,10524,23928,2602,2160,2622,1585,28808,10067,4428,7225,57436,18349,12556,2062,7568,5156,10785,22365,2569,2167,2616,1716,26595,10074,4716,5673,39811,14002,9583,1683,5757,4029,8367,16561,1932,1721,2083,1344,20194,7825,3726,4261,27791,10534,7498,1360,4427,2743,6053,11176,1296,1048,1528,910,13664,5208,2604
"2020M02",4673,35883,12883,8552,1687,5027,3268,6653,12148,1780,1277,1619,974,15782,6260,3435,6586,81520,22840,13920,2183,7969,5141,11344,25618,2285,1874,2501,1227,30461,12483,4941,6762,104321,24787,15403,2366,8601,5342,12008,30233,2185,2040,2813,1448,34917,14712,5161,6534,96804,22729,13908,2142,7693,5144,10884,27618,2003,1971,2755,1361,32735,12856,4901,6079,84961,20143,12346,1936,6921,5069,9803,25314,2010,1788,2508,1182,28557,10760,4798,6036,74098,19638,12420,2007,7154,5087,9480,24057,2179,1863,2446,1286,27581,9947,4628,7285,74368,21406,13811,2185,8273,5688,10833,26123,2775,2190,2741,1531,30689,10916,4846,7198,67559,20026,13030,2124,7559,5292,10621,24183,2655,2201,2639,1601,29245,10317,4515,7246,57917,18457,12509,2079,7637,5190,10843,22567,2586,2191,2621,1748,26818,10185,4773,5719,40227,14162,9595,1728,5884,4122,8445,16719,1953,1743,2120,1362,20616,7986,3792,4473,29119,10991,7764,1429,4663,2861,6322,11625,1362,1083,1600,936,14275,5508,2776
"2020M03",4337,33419,11849,8049,1606,4557,3029,6196,11289,1664,1184,1473,910,14705,5583,2987,6541,80472,22285,13908,2197,8101,4981,11097,25320,2400,1853,2564,1194,29619,12121,4691,6804,105161,24920,15780,2368,8924,5310,12004,30479,2331,2075,3042,1443,35126,14770,5115,6603,97847,22853,14225,2176,8068,5158,10903,27794,2118,2010,2923,1384,33088,13053,4915,6170,86035,20393,12615,1952,7218,5097,9821,25613,2092,1807,2613,1181,28821,10875,4832,6106,74580,19726,12624,2030,7344,5118,9530,24220,2286,1896,2503,1287,27698,10062,4645,7318,74676,21451,14026,2218,8373,5700,10851,26263,2809,2190,2773,1530,30736,10974,4868,7247,67817,20146,13248,2135,7693,5308,10662,24442,2722,2229,2682,1600,29337,10368,4510,7283,58255,18416,12715,2096,7686,5152,10856,22566,2635,2209,2653,1730,26919,10161,4765,5804,40599,14312,9770,1761,5974,4157,8497,16831,2006,1747,2156,1354,20646,8030,3822,4502,29387,11116,7973,1468,4845,2923,6414,11814,1420,1113,1587,962,14393,5509,2810
"2020M04",4033,31370,11157,7737,1408,4208,2796,5895,10609,1501,1097,1341,852,13841,5108,2738,6300,77569,21547,13837,2030,7749,4774,10722,24539,2335,1797,2451,1158,28758,11524,4437,6610,103675,24600,15609,2224,8623,5183,11784,30123,2325,2035,3026,1399,34528,14229,4968,6445,97665,22603,14157,2085,7919,5095,10688,27691,2132,1989,2927,1356,32734,12821,4798,6078,86074,20321,12520,1890,7099,5049,9716,25390,2049,1820,2609,1166,28575,10797,4721,6008,74636,19559,12606,1968,7262,5061,9405,24140,2278,1874,2493,1263,27510,9959,4565,7245,74653,21202,13964,2187,8230,5664,10704,26135,2765,2168,2742,1507,30548,10890,4775,7158,67634,20022,13268,2085,7626,5253,10553,24260,2732,2192,2657,1598,29186,10303,4428,7183,58172,18321,12662,2046,7567,5096,10707,22400,2611,2164,2596,1704,26615,10007,4656,5734,40532,14157,9781,1722,5902,4144,8444,16801,1950,1731,2139,1366,20523,7970,3786,4339,28766,10756,7647,1378,4518,2808,6150,11507,1310,1063,1457,903,13775,5234,2640
"2020M05",4009,31624,11192,7669,1419,4170,2800,5958,10669,1509,1101,1323,854,13701,5076,2736,6274,78034,21714,13927,2076,7705,4809,10826,24632,2321,1796,2377,1141,28710,11438,4444,6676,103932,24915,15902,2259,8625,5207,11889,30307,2366,2024,3011,1390,34603,14316,5031,6505,98664,22820,14380,2134,7984,5146,10880,28104,2120,2009,2938,1343,32987,12887,4845,6085,86756,20529,12763,1909,7119,5053,9736,25606,2041,1832,2631,1183,28785,10910,4760,6039,75359,19752,12744,1985,7273,5081,9500,24296,2286,1881,2471,1257,27602,10113,4548,7235,75054,21349,14093,2212,8246,5638,10767,26177,2765,2171,2739,1516,30651,10923,4813,7204,68051,20266,13417,2090,7607,5298,10700,24389,2738,2195,2647,1609,29387,10419,4486,7202,58553,18461,12724,2061,7591,5104,10772,22450,2610,2158,2608,1711,26765,10023,4671,5794,40922,14232,9879,1717,5957,4154,8547,16870,1968,1752,2163,1361,20627,8014,3813,4429,29065,10954,7955,1436,4582,2876,6327,11637,1335,1063,1473,934,13993,5287,2667
"2020M06",3936,30912,11024,7291,1408,4033,2745,5835,10683,1464,1084,1322,857,13534,5031,2628,6210,77594,21671,13505,2060,7537,4874,10733,24650,2283,1800,2314,1115,28599,11252,4384,6767,103727,24968,15506,2272,8494,5219,11884,30447,2334,2044,2959,1396,34591,14219,4970,6522,98991,22887,14247,2174,7929,5182,10903,28290,2105,2022,2930,1350,33109,12848,4822,6111,87008,20590,12725,1933,7092,5022,9772,25722,2017,1844,2596,1178,28921,10956,4719,6057,75675,19843,12587,1994,7268,5091,9563,24377,2269,1903,2460,1271,27786,10111,4515,7211,75176,21357,13971,2185,8189,5651,10708,26259,2769,2187,2727,1522,30591,10901,4772,7181,68176,20352,13292,2111,7644,5309,10699,24485,2735,2203,2641,1608,29422,10423,4415,7225,58746,18516,12655,2072,7581,5133,10765,22558,2605,2174,2615,1699,26868,10047,4625,5782,41191,14333,9813,1720,5986,4165,8530,16943,1956,1760,2159,1366,20642,8006,3782,4489,29271,10993,7914,1477,4570,2901,6381,11693,1334,1067,1492,937,13956,5310,2642
"2020M07",3983,30073,11226,7237,1406,4042,2802,5900,10550,1477,1064,1329,869,13499,5038,2559,6209,76619,21644,13365,2028,7281,4817,10823,24467,2254,1787,2248,1065,28345,10989,4288,6721,102694,24852,15372,2245,8300,5188,11864,30368,2275,2050,2865,1365,34400,14142,4853,6576,98482,22922,14106,2131,7742,5172,10915,28313,2053,2011,2850,1341,32991,12689,4718,6075,86555,20514,12677,1930,6969,5027,9711,25680,1991,1829,2581,1160,28827,10877,4618,5999,75228,19777,12437,1969,7116,5047,9515,24226,2215,1905,2408,1251,27595,10005,4476,7167,74498,21206,13744,2178,8123,5605,10645,26163,2749,2138,2740,1494,30341,10769,4711,7154,67710,20201,13143,2115,7623,5319,10680,24385,2706,2207,2650,1571,29315,10403,4380,7140,58259,18347,12440,2064,7540,5108,10732,22424,2568,2137,2583,1679,26761,9922,4576,5720,40726,14298,9766,1713,5958,4148,8568,16953,1941,1750,2168,1362,20486,7943,3763,4399,28780,10759,7723,1431,4524,2876,6260,11578,1302,1049,1466,905,13753,5172,2592
"2020M08",3853,28469,10980,7174,1345,3904,2805,5831,10361,1440,1057,1328,863,13255,4859,2554,6241,75831,21659,13391,2022,7204,4839,10819,24524,2209,1762,2256,1062,28404,10979,4268,6758,102340,24936,15423,2275,8254,5278,11901,30366,2306,2052,2822,1369,34576,14078,4872,6582,98748,23151,14190,2183,7656,5215,10963,28391,2050,2041,2926,1364,33099,12732,4767,6133,86587,20719,12705,1937,6890,5058,9749,25845,2021,1827,2545,1158,28869,10872,4652,5995,75432,19905,12464,1985,7066,5062,9552,24315,2228,1906,2417,1273,27630,9987,4469,7163,74223,21321,13757,2184,8024,5653,10706,26232,2731,2150,2752,1495,30320,10727,4724,7200,67833,20235,13173,2103,7617,5345,10721,24605,2750,2209,2646,1577,29351,10425,4376,7119,58373,18428,12392,2056,7549,5081,10726,22477,2597,2143,2602,1675,26649,9853,4534,5792,40700,14330,9776,1731,5919,4164,8553,17121,1980,1743,2151,1386,20606,7940,3721,4477,29118,10930,7814,1467,4573,2910,6409,11857,1348,1057,1490,933,13956,5260,2603
"2020M09",3946,28290,11077,7302,1371,3992,2815,5927,10358,1467,1050,1324,866,13395,4883,2574,6236,75022,21658,13313,2058,7232,4855,10874,24445,2182,1757,2240,1048,28423,10905,4296,6739,101552,25044,15415,2270,8192,5238,11937,30382,2311,2042,2788,1364,34504,13774,4937,6658,98580,23194,14203,2182,7661,5238,11028,28550,2036,2032,2945,1334,33053,12653,4756,6170,86424,20826,12694,1947,6853,5049,9793,25873,2022,1802,2517,1134,28994,10831,4648,5995,75371,19881,12488,1991,7072,5089,9573,24400,2198,1884,2420,1271,27556,9878,4535,7123,73885,21250,13769,2163,7996,5647,10673,26218,2699,2142,2731,1491,30251,10720,4660,7219,67711,20296,13263,2107,7614,5367,10692,24692,2749,2208,2615,1567,29306,10312,4405,7197,58445,18470,12502,2062,7458,5058,10723,22473,2579,2120,2633,1665,26770,9824,4562,5814,40834,14371,9824,1732,5960,4212,8577,17244,1985,1748,2155,1390,20624,7936,3756,4567,29343,11133,7882,1497,4645,2960,6545,11989,1344,1062,1516,919,14187,5261,2593
"2020M10",4223,29641,11750,7732,1578,4394,2926,6290,10931,1544,1101,1400,893,13833,5154,2758,6369,76030,21837,13657,2148,7318,4900,11075,24844,2206,1813,2275,1060,28607,11116,4326,6840,101887,25232,15562,2359,8226,5209,12030,30582,2254,2039,2770,1370,34781,13817,4982,6787,99261,23390,14526,2202,7672,5232,11177,28792,2011,2015,2898,1360,33356,12814,4823,6257,87071,21017,12852,1961,6846,5061,9888,25955,2032,1831,2474,1160,28982,10899,4707,6087,75745,19912,12574,2001,7060,5086,9677,24502,2179,1896,2383,1272,27694,9939,4583,7165,74246,21329,13794,2198,8031,5660,10713,26297,2709,2148,2752,1506,30383,10773,4692,7316,68379,20470,13448,2133,7696,5376,10808,24810,2765,2256,2638,1599,29480,10399,4421,7315,58823,18561,12659,2085,7536,5024,10816,22645,2651,2141,2626,1687,26980,9938,4587,5960,41329,14534,9922,1746,5984,4198,8690,17387,2000,1792,2195,1407,20841,8052,3770,4677,29780,11381,8095,1512,4771,2986,6621,12206,1371,1096,1573,954,14483,5443,2687
"2020M11",4650,32075,12553,8536,1666,4899,3208,6610,11429,1677,1197,1518,957,14734,5503,2967,6583,77681,22535,14219,2216,7767,5165,11358,25473,2345,1911,2360,1120,29460,11553,4602,6952,101771,25367,15877,2378,8408,5283,12101,30508,2265,2109,2797,1390,34818,13706,5068,6829,99550,23647,14739,2246,7844,5300,11297,28850,2041,2018,2920,1384,33476,12839,4904,6318,87301,21212,12964,1968,6953,5129,9952,26073,2077,1864,2520,1165,29119,10919,4752,6122,75891,19940,12636,2015,7174,5123,9666,24596,2191,1897,2410,1273,27713,9968,4578,7151,73870,21264,13771,2212,8056,5665,10689,26221,2716,2152,2751,1492,30239,10723,4725,7326,68273,20422,13431,2123,7737,5432,10774,24815,2792,2236,2646,1587,29505,10383,4449,7284,58600,18463,12670,2072,7544,5008,10901,22574,2623,2149,2611,1673,26961,9930,4586,5918,41062,14541,9935,1765,6017,4223,8668,17330,2013,1767,2193,1427,20744,7997,3767,4624,29678,11215,7985,1524,4764,3012,6708,12069,1345,1076,1548,932,14387,5512,2727
"2020M12",5339,37441,14298,9681,2001,6497,3625,7365,12736,2044,1391,1778,1035,16541,6577,3501,6810,80430,23301,14777,2314,8277,5338,11739,26198,2502,2036,2423,1159,30631,12189,4944,6892,101225,25463,15706,2484,8563,5307,12179,30507,2263,2116,2794,1396,34796,13689,5173,6860,99666,23753,14705,2320,8007,5289,11365,28891,2055,2009,2882,1398,33468,12869,4986,6361,87122,21111,12907,1963,7032,5136,9958,26132,2086,1850,2521,1184,29108,10899,4857,6092,75910,20050,12654,2015,7244,5165,9726,24680,2194,1898,2396,1280,27664,9971,4679,7121,73821,21222,13715,2237,8072,5628,10658,26254,2703,2160,2720,1497,30158,10685,4761,7350,68418,20473,13457,2114,7861,5467,10835,24998,2804,2226,2647,1613,29590,10390,4534,7195,58811,18452,12681,2087,7595,5000,10844,22610,2614,2166,2611,1670,26968,9988,4670,5966,41291,14584,10023,1784,6096,4230,8718,17412,2038,1756,2208,1433,20923,8047,3878,4665,29922,11393,8049,1527,4867,3033,6676,12291,1386,1080,1554,958,14679,5579,2814
"2021M01",4951,32973,13100,8794,1895,5694,3386,6761,11480,1923,1291,1690,1010,15064,6285,3402,6492,75701,22352,14148,2227,7899,5253,11293,24769,2426,1966,2349,1125,29244,11658,4876,6697,98613,24965,15247,2416,8383,5252,11928,29823,2193,2071,2755,1379,34114,13396,5134,6733,98293,23373,14311,2224,7869,5210,11200,28566,2037,1986,2836,1368,33085,12732,4920,6258,85901,20646,12741,1914,6905,5094,9835,25725,2066,1835,2481,1160,28652,10734,4767,6012,74909,19842,12446,1987,7113,5099,9621,24322,2154,1880,2359,1249,27240,9780,4638,6950,72547,20972,13444,2215,7927,5561,10536,25792,2637,2148,2656,1448,29494,10552,4662,7275,67347,20212,13255,2096,7737,5412,10742,24624,2797,2197,2642,1590,29165,10252,4476,7104,57901,18267,12444,2040,7424,4952,10672,22359,2584,2123,2525,1650,26439,9868,4591,5810,40882,14272,9862,1748,5998,4172,8623,17149,2017,1725,2164,1412,20570,7869,3836,4295,27902,10536,7453,1415,4449,2814,6090,11375,1255,1015,1444,882,13354,5082,2556
"2021M02",4563,32056,12532,8128,1721,5070,3281,6544,11600,1724,1191,1535,933,14360,5661,3133,6582,77571,22733,14149,2298,8041,5250,11488,25448,2414,1934,2272,1109,29623,11583,4894,6849,99767,25452,15337,2485,8766,5323,12250,30249,2257,2111,2788,1389,34667,13660,5209,6889,99734,23834,14611,2280,8234,5322,11435,29073,2084,2040,2891,1383,33645,12900,5018,6387,87304,21037,12964,1967,7160,5211,10049,25943,2098,1864,2565,1189,29049,10945,4849,6117,75902,20158,12621,2027,7348,5152,9745,24647,2178,1888,2407,1279,27667,9959,4704,7016,73194,21059,13572,2222,8086,5600,10550,25892,2671,2153,2690,1475,29853,10670,4717,7365,68092,20537,13375,2105,7906,5513,10799,24854,2809,2201,2666,1608,29514,10348,4564,7136,58331,18418,12501,2064,7566,4961,10712,22438,2605,2152,2568,1667,26765,9984,4657,5929,41173,14513,9982,1782,6123,4225,8700,17350,2026,1739,2185,1429,20828,7997,3885,4482,28744,10930,7697,1496,4730,2957,6325,11675,1338,1042,1524,943,13881,5349,2735
"2021M03",4366,31135,12049,8021,1686,4795,3099,6383,11206,1640,1148,1462,897,13721,5202,2852,6571,77193,22583,14281,2287,7972,5150,11388,25240,2390,1932,2258,1090,29241,11435,4675,6974,100459,25721,15873,2568,8938,5339,12261,30506,2320,2120,2860,1374,34957,13768,5216,7029,100722,24044,15048,2338,8397,5408,11583,29400,2137,2055,2997,1394,33997,13173,5039,6465,88229,21289,13337,2011,7281,5257,10137,26100,2125,1853,2614,1204,29457,11064,4868,6197,76596,20319,12886,2079,7468,5181,9814,24781,2213,1918,2433,1286,27891,10082,4692,7082,73703,21109,13799,2254,8147,5605,10634,25952,2696,2144,2728,1493,30022,10671,4750,7432,68671,20643,13660,2152,8008,5545,10849,25017,2861,2214,2697,1588,29867,10423,4552,7154,58950,18503,12654,2078,7654,4986,10752,22558,2623,2137,2615,1669,26947,10021,4620,6051,41611,14622,10160,1803,6217,4260,8753,17465,2074,1779,2216,1438,21041,8108,3895,4612,29432,11220,7970,1532,4936,2999,6477,11926,1425,1077,1579,947,14288,5472,2765
"2021M04",4525,31979,12277,8604,1632,4941,3147,6412,11328,1662,1155,1490,935,14067,5260,2883,6585,77192,22655,14569,2268,7870,5165,11337,25015,2358,1963,2228,1105,29227,11382,4584,7014,100678,25691,16159,2506,8911,5328,12153,30427,2272,2105,2859,1358,34885,13726,5189,7116,101190,24153,15387,2295,8431,5403,11497,29450,2139,2059,2968,1391,33971,13203,5020,6506,88490,21381,13516,1978,7247,5207,10172,26138,2124,1834,2619,1192,29639,11073,4863,6232,76826,20459,13042,2066,7435,5200,9761,24777,2204,1899,2444,1304,27867,10089,4688,7092,73903,21097,13891,2233,8136,5588,10596,25898,2698,2147,2724,1485,29995,10598,4698,7469,68937,20750,13735,2110,8041,5568,10788,25048,2846,2182,2681,1584,29936,10498,4554,7152,59169,18519,12802,2068,7640,4981,10720,22555,2629,2130,2611,1668,26914,9984,4574,6108,41931,14705,10230,1811,6233,4289,8740,17505,2070,1770,2195,1448,21180,8123,3910,4626,29667,11255,8113,1530,4860,2966,6451,11958,1384,1061,1544,940,14292,5425,2729
"2021M05",4462,32782,12221,8766,1597,4766,3190,6467,11439,1631,1144,1421,883,14054,5108,2873,6571,77371,22720,14600,2292,7705,5145,11390,25212,2322,1941,2203,1094,29129,11312,4535,7024,100419,25692,16220,2480,8816,5343,12239,30465,2265,2098,2829,1367,34826,13639,5138,7159,101456,24238,15513,2313,8314,5409,11616,29479,2128,2064,2933,1390,34088,13153,4995,6567,88953,21471,13616,1979,7225,5220,10238,26193,2119,1868,2617,1188,29810,11103,4801,6257,77436,20565,13090,2048,7377,5258,9861,24929,2228,1911,2471,1292,28022,10106,4718,7094,73979,21192,13970,2245,8065,5613,10566,25790,2703,2163,2691,1476,30045,10584,4659,7512,69351,20860,13782,2129,8034,5553,10892,25061,2856,2206,2671,1586,29946,10527,4560,7170,59499,18489,12879,2077,7561,4962,10705,22520,2630,2137,2586,1645,26921,9930,4548,6117,42145,14801,10300,1815,6243,4344,8760,17534,2062,1811,2191,1483,21208,8142,3912,4632,29901,11305,8236,1523,4809,2968,6436,11941,1367,1053,1532,919,14239,5377,2724
"2021M06",4489,33399,12333,8576,1623,4780,3197,6498,11650,1645,1140,1413,881,14199,5044,2769,6559,77633,22727,14331,2285,7644,5162,11386,25372,2272,1942,2181,1105,29138,11283,4486,6978,99997,25717,15975,2453,8741,5340,12382,30550,2256,2085,2788,1344,34759,13681,5062,7170,101892,24503,15462,2330,8405,5480,11668,29595,2095,2084,2939,1386,34367,13278,4965,6602,89285,21696,13657,2016,7217,5256,10303,26328,2112,1885,2636,1190,29983,11152,4829,6257,77863,20596,13067,2054,7391,5299,9921,25025,2251,1885,2460,1289,28239,10191,4690,7068,74163,21228,13901,2249,8052,5641,10547,25867,2664,2190,2674,1487,30067,10646,4640,7549,69715,21007,13790,2129,8077,5522,10925,25249,2880,2216,2667,1589,30137,10644,4568,7150,59547,18451,12854,2054,7591,4991,10760,22584,2614,2139,2579,1636,27106,9923,4517,6160,42478,14876,10360,1831,6262,4373,8835,17601,2089,1817,2189,1494,21338,8185,3890,4693,30413,11385,8259,1544,4825,2976,6506,12127,1387,1089,1564,945,14338,5449,2735
"2021M07",4571,34736,12788,8402,1641,4819,3266,6706,11888,1668,1178,1493,901,14765,5364,2842,6616,78018,22679,14010,2245,7535,5249,11410,25297,2279,1958,2214,1102,29269,11324,4491,6975,99610,25570,15644,2385,8614,5344,12304,30494,2236,2074,2784,1346,34526,13569,4999,7187,101817,24572,15260,2288,8329,5506,11643,29546,2100,2110,2961,1376,34359,13265,4907,6616,89164,21689,13477,1989,7146,5280,10333,26183,2119,1871,2641,1184,29924,11059,4799,6276,78051,20558,12965,2041,7268,5269,9919,24964,2240,1875,2481,1280,28248,10164,4667,7016,73804,21170,13765,2221,7985,5625,10538,25745,2639,2182,2647,1479,29910,10592,4654,7603,69887,21053,13616,2135,8037,5576,10916,25173,2894,2222,2690,1567,30070,10616,4538,7147,59393,18358,12659,2040,7595,4938,10766,22495,2594,2115,2595,1630,27138,9865,4525,6134,42520,14869,10225,1798,6258,4385,8844,17611,2107,1823,2200,1457,21305,8174,3890,4698,30188,11296,7982,1524,4768,2981,6472,12061,1374,1081,1549,971,14306,5407,2724
"2021M08",4577,35282,12859,8355,1569,4655,3271,6649,11937,1642,1172,1469,880,14626,5258,2882,6718,78454,22821,13968,2207,7456,5202,11374,25536,2286,1921,2192,1111,29403,11382,4456,6980,99550,25691,15681,2384,8568,5384,12284,30711,2217,2064,2779,1335,34593,13645,5010,7254,102760,24816,15345,2321,8357,5481,11636,29795,2102,2127,2968,1358,34561,13412,4927,6678,89924,21866,13617,1986,7150,5274,10357,26318,2138,1886,2680,1199,30114,11148,4817,6293,78736,20765,13024,2054,7277,5312,9894,25193,2186,1889,2498,1290,28448,10222,4635,7058,74278,21259,13842,2192,7933,5636,10502,25825,2651,2165,2641,1473,29990,10579,4686,7652,70528,21187,13758,2125,8011,5591,10931,25323,2918,2210,2706,1587,30279,10644,4499,7222,59872,18447,12724,2022,7514,4955,10741,22635,2599,2112,2610,1627,27244,9838,4464,6226,42933,14982,10327,1804,6186,4392,8857,17830,2134,1842,2214,1467,21424,8235,3891,4752,30841,11410,8095,1526,4774,3012,6516,12142,1380,1088,1556,959,14435,5416,2702
"2021M09",4623,34856,12946,8408,1586,4663,3284,6643,11916,1666,1170,1460,886,14936,5276,2907,6702,77941,22818,13936,2168,7462,5216,11340,25479,2297,1899,2184,1115,29361,11317,4410,6982,99207,25690,15576,2389,8580,5379,12265,30624,2224,2053,2746,1342,34656,13523,4986,7260,102611,24900,15484,2313,8390,5501,11661,29939,2124,2111,2941,1376,34793,13444,4879,6751,90041,22027,13675,1988,7160,5306,10404,26379,2125,1892,2697,1215,30334,11202,4852,6252,79091,20823,13070,2048,7252,5323,9900,25330,2196,1864,2484,1288,28493,10298,4635,7030,74340,21282,13820,2169,7894,5665,10491,25856,2645,2156,2637,1472,29978,10574,4665,7648,70668,21319,13762,2115,8068,5614,10918,25432,2946,2210,2745,1571,30489,10634,4485,7237,59913,18461,12772,2048,7486,4981,10735,22682,2592,2122,2623,1659,27285,9856,4465,6265,43062,15092,10418,1796,6234,4435,8920,17886,2144,1817,2220,1482,21714,8294,3905,4812,30969,11588,8223,1544,4859,3069,6633,12359,1407,1104,1582,980,14651,5452,2677
"2021M10",4840,35522,13427,9091,1777,4979,3413,7023,12502,1751,1203,1580,940,15814,5604,3132,6718,77808,22969,14191,2228,7581,5298,11472,25730,2286,1915,2201,1154,29623,11426,4460,7028,99502,25829,15681,2429,8646,5397,12377,30719,2221,2057,2752,1351,34874,13636,5071,7348,103195,25013,15671,2341,8467,5518,11853,30196,2137,2140,2933,1387,35053,13602,5015,6764,90527,22216,13779,2020,7203,5337,10485,26520,2146,1918,2687,1241,30581,11355,4862,6288,79598,20861,13097,2069,7253,5306,10000,25423,2193,1892,2454,1298,28571,10298,4686,7037,74395,21293,13840,2208,7963,5654,10558,25887,2658,2152,2620,1478,30132,10663,4726,7749,71028,21378,13835,2128,8044,5629,10968,25658,2921,2216,2728,1582,30618,10725,4523,7236,60327,18580,12810,2066,7516,4978,10734,22743,2591,2142,2612,1673,27456,9952,4462,6261,43365,15214,10477,1818,6288,4439,9008,17981,2148,1843,2209,1505,21926,8425,3951,4849,31175,11592,8291,1585,4985,3091,6689,12496,1453,1131,1605,991,14917,5618,2769
"2021M11",5320,39509,14469,10057,1818,5424,3775,7477,13636,1896,1347,1722,1003,17114,6030,3402,7138,80791,23726,14773,2345,7978,5536,11911,26801,2427,1997,2315,1198,30767,11871,4704,7112,99890,25902,15764,2476,8777,5446,12482,30876,2256,2035,2813,1337,34955,13595,5071,7510,103719,25295,15800,2379,8563,5622,12041,30299,2179,2148,2971,1403,35297,13672,5064,6878,91151,22406,13993,2044,7314,5358,10537,26639,2182,1956,2740,1262,30698,11447,4861,6352,79998,20898,13180,2091,7325,5356,10045,25533,2210,1862,2484,1313,28773,10346,4704,7040,74476,21390,13955,2202,7987,5657,10620,25855,2662,2177,2665,1468,30139,10692,4712,7829,71298,21505,13912,2149,8118,5646,11061,25621,2933,2239,2757,1606,30725,10752,4531,7282,60592,18637,12847,2066,7568,5014,10738,22807,2602,2159,2647,1682,27415,9999,4475,6343,43666,15314,10526,1832,6326,4470,9088,18006,2169,1857,2248,1517,22021,8458,3948,4950,31801,11779,8428,1614,5038,3132,6848,12652,1499,1157,1666,1015,15164,5748,2867
"2021M12",5961,44905,16122,10914,2092,6580,4061,8124,14970,2203,1533,1949,1092,19018,7031,3913,7274,82499,24199,15016,2438,8411,5682,12130,27112,2538,2046,2382,1224,31740,12414,4923,7045,98984,25838,15565,2463,8867,5371,12475,30620,2284,2017,2790,1336,34923,13533,5136,7478,103156,25199,15654,2419,8596,5638,12024,30276,2187,2119,2945,1423,35225,13618,5091,6794,90775,22393,13815,2042,7396,5324,10550,26569,2163,1971,2713,1254,30677,11450,4964,6301,79862,20857,13047,2090,7320,5368,10002,25366,2198,1842,2459,1317,28676,10347,4748,7035,74180,21308,13803,2171,7960,5641,10596,25726,2658,2155,2649,1465,29955,10574,4710,7795,71063,21426,13738,2148,8117,5613,11064,25599,2930,2218,2744,1599,30704,10753,4591,7217,60561,18635,12712,2040,7540,5015,10663,22670,2616,2163,2676,1653,27309,9990,4539,6328,43729,15277,10452,1823,6369,4428,9082,17984,2154,1858,2223,1506,22002,8477,4010,4905,31745,11695,8281,1606,5081,3116,6849,12590,1476,1151,1645,1010,15113,5679,2889
"2022M01",5584,40754,14955,10091,1948,6178,3889,7630,13655,2108,1476,1852,1079,17728,6964,3873,6932,78358,23326,14385,2300,8054,5504,11552,25847,2447,1965,2303,1202,30280,11870,4867,6847,96624,25209,15118,2360,8631,5319,12239,29878,2262,1992,2700,1292,34074,13238,5073,7239,101687,24828,15365,2298,8440,5539,11872,30020,2138,2085,2875,1389,34663,13425,5017,6662,89361,22094,13580,2010,7257,5278,10441,26271,2127,1934,2680,1240,30160,11218,4882,6225,78917,20585,12834,2034,7201,5296,9963,25138,2155,1833,2403,1278,28236,10230,4663,6948,73360,21091,13639,2158,7813,5605,10508,25570,2609,2132,2602,1446,29487,10480,4690,7702,70495,21224,13535,2137,8049,5551,10999,25422,2876,2172,2719,1595,30292,10651,4542,7127,60151,18424,12547,2019,7444,4978,10619,22550,2569,2109,2608,1616,26990,9843,4517,6221,43554,15102,10377,1809,6347,4378,9029,17869,2154,1834,2207,1482,21720,8409,3962,4673,30944,11288,8016,1549,4892,2974,6621,12308,1396,1113,1561,985,14581,5456,2701
"2022M02",5276,39746,14466,9378,1846,5573,3747,7414,13510,1919,1367,1692,1021,17143,6249,3636,6991,79711,23502,14443,2351,8192,5450,11714,26256,2451,1927,2240,1185,30403,11872,4893,6893,97113,25313,15153,2421,8815,5341,12333,30023,2286,1991,2710,1294,34268,13291,5122,7336,102776,25134,15493,2395,8742,5637,12069,30274,2190,2130,2916,1409,35064,13554,5072,6764,90124,22327,13769,2081,7428,5338,10536,26511,2182,1963,2758,1250,30673,11414,4969,6199,79538,20723,12911,2067,7351,5309,9967,25227,2175,1836,2420,1285,28515,10381,4731,6919,73560,21060,13643,2171,7848,5614,10435,25498,2629,2131,2640,1426,29644,10490,4714,7644,70990,21418,13637,2173,8175,5561,10963,25459,2916,2179,2725,1606,30493,10680,4572,7147,60085,18548,12503,2053,7493,4980,10551,22543,2607,2137,2684,1609,27039,9855,4568,6242,43716,15163,10354,1839,6410,4385,8974,17875,2148,1839,2221,1493,21860,8407,4028,4728,31201,11520,8207,1585,4990,2969,6685,12372,1441,1113,1609,986,14621,5564,2905
"2022M03",5059,38107,14074,9238,1705,5242,3479,7072,12872,1856,1303,1588,979,16326,5751,3246,6848,78137,23100,14373,2295,8079,5344,11584,25841,2470,1909,2238,1162,29727,11548,4678,6911,96928,25308,15322,2428,8991,5317,12277,29859,2358,2012,2746,1300,34291,13296,5031,7380,102924,25295,15649,2423,8874,5677,12032,30483,2276,2145,2985,1414,35387,13703,5092,6843,90689,22437,14063,2061,7591,5331,10561,26608,2255,1967,2786,1247,30971,11483,4917,6185,80152,20899,13044,2060,7416,5346,9978,25298,2238,1852,2465,1301,28694,10476,4734,6948,73743,21011,13781,2168,7892,5590,10385,25535,2640,2116,2633,1420,29678,10562,4711,7660,71270,21501,13767,2152,8206,5564,10990,25527,2925,2194,2720,1605,30669,10732,4536,7189,60329,18565,12547,2021,7518,5025,10534,22578,2607,2123,2632,1619,27163,9829,4521,6274,44053,15248,10504,1830,6449,4426,9021,18006,2163,1849,2230,1503,21980,8420,4058,4787,31769,11640,8438,1597,5093,3033,6781,12684,1513,1133,1680,1016,14865,5663,2863
"2022M04",5294,39323,14455,10180,1808,5408,3574,7216,13379,1900,1354,1639,999,16719,5927,3244,6986,78116,23112,14758,2306,8147,5341,11508,25813,2531,1929,2230,1166,29648,11464,4586,6935,96958,25283,15751,2434,9055,5330,12240,29810,2399,1994,2727,1306,34349,13175,4941,7443,102967,25400,16019,2396,8996,5624,12006,30484,2324,2166,2990,1404,35486,13627,4996,6849,90943,22565,14345,2086,7666,5373,10596,26614,2273,1948,2769,1251,31073,11496,4870,6251,80393,20993,13293,2051,7449,5309,9923,25377,2238,1862,2472,1308,28767,10475,4739,6962,74052,20970,13945,2156,7953,5601,10349,25548,2638,2119,2612,1416,29594,10524,4658,7701,71396,21516,13941,2147,8191,5559,10995,25500,2921,2202,2703,1601,30800,10749,4511,7247,60380,18508,12667,2022,7552,5011,10506,22602,2594,2120,2600,1622,27150,9758,4452,6308,44557,15323,10593,1834,6455,4441,9030,18007,2170,1831,2234,1499,22037,8437,4055,4832,31848,11636,8568,1585,5078,3019,6727,12534,1482,1153,1645,1012,14832,5588,2835
"2022M05",5201,40067,14437,10176,1732,5359,3572,7236,13431,1913,1371,1634,971,16916,5870,3207,6946,77902,23009,14751,2302,8041,5252,11372,25722,2578,1946,2207,1163,29518,11438,4577,6899,96532,25122,15851,2407,8959,5286,12167,29772,2418,1962,2708,1295,34294,13104,4899,7366,102530,25355,16101,2420,9015,5601,12020,30403,2335,2139,2962,1396,35416,13584,4955,6890,91065,22649,14459,2092,7661,5375,10603,26674,2292,1959,2792,1248,31167,11519,4835,6265,80400,21020,13382,2078,7437,5337,9943,25376,2224,1865,2485,1292,28855,10474,4702,6953,73950,21009,14027,2168,7892,5568,10337,25505,2623,2147,2611,1422,29565,10499,4682,7640,71529,21506,13957,2141,8173,5546,10987,25545,2933,2189,2666,1613,30850,10788,4538,7203,60228,18493,12666,2000,7482,5027,10453,22588,2585,2133,2567,1624,27150,9731,4408,6298,44590,15441,10727,1836,6457,4458,9064,18106,2142,1840,2231,1501,22072,8463,4078,4831,32052,11769,8671,1599,5000,3044,6721,12583,1456,1139,1609,1016,14825,5568,2832
"2022M06",5178,40542,14411,9632,1712,5305,3587,7289,13543,1858,1398,1619,940,17041,5884,3193,6866,77509,23012,14431,2281,7901,5215,11367,25621,2542,1923,2170,1159,29573,11465,4493,6878,96190,24967,15554,2394,8781,5269,12156,29620,2361,1931,2719,1278,34224,13142,4895,7315,102576,25448,15983,2443,8884,5625,12172,30407,2299,2135,2922,1382,35546,13561,4954,6986,91160,22759,14426,2108,7557,5402,10684,26752,2286,1992,2819,1251,31449,11648,4822,6282,80757,21099,13313,2063,7370,5345,9984,25374,2202,1878,2493,1285,29034,10475,4700,6968,74047,21032,13921,2177,7836,5577,10358,25549,2586,2151,2604,1425,29553,10534,4656,7699,71778,21562,13938,2146,8137,5541,11019,25593,2956,2218,2684,1624,31036,10834,4523,7223,60381,18431,12555,2003,7493,5007,10461,22662,2565,2130,2555,1614,27246,9730,4449,6338,44621,15580,10698,1841,6457,4476,9136,18252,2139,1832,2270,1493,22233,8554,4034,4891,32457,11937,8628,1599,5072,3104,6842,12744,1451,1140,1616,1006,15055,5633,2834
"2022M07",5273,41752,14849,9618,1767,5454,3678,7447,14072,1883,1396,1645,962,17621,6299,3252,6893,77574,22981,14193,2317,7785,5262,11330,25548,2520,1917,2215,1165,29554,11613,4441,6811,95685,24810,15286,2351,8487,5308,12145,29362,2311,1932,2692,1251,34018,13151,4835,7289,102471,25386,15797,2413,8662,5644,12196,30351,2261,2141,2896,1373,35637,13653,4900,6946,90982,22743,14391,2121,7400,5403,10687,26781,2259,1986,2796,1234,31581,11719,4822,6276,80994,21035,13144,2026,7239,5377,9974,25349,2207,1876,2487,1288,29036,10556,4630,6899,73861,20843,13735,2151,7738,5587,10330,25488,2594,2145,2596,1423,29395,10564,4644,7697,71777,21544,13836,2129,8053,5580,11015,25602,2962,2228,2688,1617,30969,10907,4483,7234,60348,18423,12542,1991,7482,5010,10403,22635,2560,2134,2573,1605,27328,9731,4378,6332,44649,15556,10597,1833,6438,4488,9158,18232,2154,1850,2277,1503,22199,8610,3987,4868,32476,11815,8376,1616,5035,3107,6823,12710,1451,1145,1602,1001,14947,5696,2780
"2022M08",5290,41955,14951,9759,1700,5440,3673,7515,14142,1846,1387,1655,968,17851,6235,3298,6868,77766,22994,14102,2279,7729,5236,11396,25736,2445,1892,2212,1156,29606,11633,4496,6855,95703,24755,15182,2312,8355,5277,12104,29434,2241,1921,2660,1243,34139,13120,4863,7329,102793,25631,15768,2417,8562,5647,12235,30557,2229,2142,2890,1399,35842,13613,4951,6982,91489,22971,14410,2129,7341,5489,10757,27047,2236,2007,2806,1251,31740,11698,4929,6294,81539,21158,13109,2043,7224,5411,10043,25635,2195,1847,2477,1279,29226,10564,4704,6863,74022,20948,13708,2153,7689,5583,10324,25619,2585,2140,2598,1428,29505,10535,4669,7767,72050,21746,13861,2117,8116,5631,11051,25780,2952,2224,2720,1639,31132,10915,4526,7181,60427,18506,12602,2018,7444,5022,10380,22837,2566,2092,2583,1617,27497,9733,4399,6407,44916,15681,10646,1841,6489,4485,9297,18395,2247,1858,2285,1511,22402,8520,4034,4940,32909,12032,8551,1637,5070,3146,6933,12932,1454,1166,1625,1024,15254,5778,2868
"2022M09",5406,42562,15220,10018,1722,5486,3718,7584,14252,1832,1418,1740,1003,18276,6409,3394,6846,78032,22933,14040,2276,7544,5223,11367,25752,2377,1892,2242,1168,29734,11658,4491,6848,95614,24775,15186,2280,8114,5263,12065,29272,2168,1928,2623,1239,34299,13162,4895,7316,103123,25752,15857,2399,8406,5625,12282,30535,2157,2145,2882,1385,36075,13587,4965,7022,91774,23152,14458,2129,7248,5501,10807,27044,2198,2010,2780,1277,31868,11744,5004,6319,82034,21166,13148,2028,7125,5419,10029,25710,2205,1864,2492,1291,29375,10563,4696,6918,74082,20954,13705,2130,7646,5541,10257,25530,2554,2129,2608,1445,29503,10425,4649,7758,72364,21737,13911,2088,8116,5643,11067,25814,2968,2218,2730,1627,31290,10912,4565,7174,60573,18562,12609,1998,7412,5052,10332,22850,2544,2079,2608,1615,27611,9715,4399,6433,45314,15737,10730,1851,6505,4508,9349,18462,2138,1851,2300,1525,22645,8535,4067,5019,33447,12213,8597,1626,5108,3174,6949,12993,1480,1180,1662,1049,15467,5858,2904
"2022M10",5645,44222,15882,10455,1952,5711,3830,7953,14832,1938,1456,1822,1058,19241,6721,3560,6897,77908,22995,13958,2301,7463,5216,11421,25634,2366,1874,2209,1167,29725,11645,4567,6860,96436,24868,15239,2325,7986,5215,12077,29212,2169,1926,2563,1252,34416,13140,4884,7378,103979,25898,15942,2430,8322,5569,12403,30702,2163,2135,2796,1398,36420,13651,5040,7024,92392,23344,14498,2146,7203,5499,10866,27018,2219,2036,2668,1282,32080,11868,5077,6375,82683,21330,13177,2095,7116,5423,10103,25761,2198,1884,2436,1303,29518,10689,4746,6927,74047,20986,13681,2133,7629,5533,10309,25370,2577,2107,2534,1427,29579,10507,4701,7765,72532,21848,14025,2107,8154,5683,11158,25907,2977,2240,2725,1622,31348,11045,4595,7256,60739,18737,12583,1996,7457,5034,10422,22723,2561,2089,2565,1636,27709,9951,4436,6466,45550,15848,10815,1867,6541,4513,9401,18527,2176,1874,2330,1539,22889,8769,4062,5083,33714,12379,8668,1664,5194,3170,7098,13116,1527,1199,1697,1073,15720,5985,2960
"2022M11",6052,47750,16926,11205,2000,6232,4201,8281,16058,2118,1606,1965,1130,20641,7264,3918,7088,80278,23622,14307,2354,7893,5393,11695,26169,2489,1941,2443,1199,30628,11935,4791,6942,97065,24958,15183,2333,8305,5298,12187,29271,2234,1928,2687,1256,34430,13115,4905,7384,104713,26060,16014,2464,8629,5662,12419,30780,2214,2133,2903,1431,36450,13787,5079,7091,93187,23567,14514,2147,7558,5547,10890,27091,2271,2066,2766,1275,32286,11944,5085,6479,83265,21470,13223,2065,7321,5493,10089,25933,2238,1889,2511,1310,29639,10727,4739,6920,74468,20998,13679,2129,7719,5580,10305,25356,2579,2078,2569,1402,29653,10499,4700,7816,72892,21933,14078,2119,8199,5741,11094,25968,3022,2259,2741,1640,31410,11052,4602,7292,60862,18815,12637,1984,7451,5062,10409,22701,2582,2074,2578,1617,27777,9827,4401,6524,45841,15928,10874,1869,6544,4582,9448,18590,2227,1898,2354,1547,22961,8789,4044,5198,34243,12622,8812,1669,5298,3231,7157,13304,1564,1207,1740,1118,15998,6145,3016
"2022M12",6476,51618,18046,11832,2209,7088,4462,8765,16995,2387,1718,2115,1163,22040,8147,4267,7161,80754,23671,14486,2374,8341,5458,11677,26305,2609,2003,2555,1252,31158,12286,4945,6831,95738,24754,15002,2314,8489,5248,12092,28950,2259,1899,2679,1244,34018,13058,4911,7337,103360,25756,15938,2431,8756,5582,12282,30543,2237,2088,2935,1438,36207,13625,5073,7080,92363,23401,14377,2146,7681,5507,10845,26888,2257,2064,2744,1284,32074,11948,5060,6423,82699,21335,13136,2043,7396,5473,10043,25715,2221,1878,2504,1302,29458,10666,4715,6828,73529,20770,13572,2098,7684,5510,10265,25069,2580,2078,2544,1371,29288,10423,4702,7789,72141,21728,13956,2096,8179,5693,11050,25794,2975,2223,2723,1641,31071,10993,4618,7253,60390,18641,12542,1966,7392,4990,10329,22525,2579,2056,2535,1611,27563,9747,4388,6485,45865,15825,10855,1850,6503,4557,9396,18477,2214,1893,2339,1532,22873,8742,4105,5208,34472,12719,8873,1674,5430,3296,7237,13448,1600,1220,1770,1118,16287,6236,3051
"2023M01",6083,46019,16690,10996,2019,6426,4234,8162,15426,2250,1644,1998,1124,20126,7954,4121,6945,76849,22942,13970,2267,8109,5371,11375,25108,2582,1931,2471,1237,30127,12025,4895,6737,94389,24465,14685,2272,8399,5273,11929,28692,2273,1885,2668,1235,33639,13124,4895,7268,103202,25738,15853,2378,8745,5534,12219,30435,2248,2086,2918,1463,36057,13711,5093,7018,92178,23355,14300,2090,7661,5481,10860,26803,2233,2043,2747,1273,32014,11933,5071,6395,82503,21285,13038,2025,7314,5455,10088,25686,2222,1897,2475,1287,29360,10642,4698,6766,73204,20829,13473,2074,7622,5524,10314,24988,2557,2071,2519,1369,28987,10443,4713,7698,71652,21585,13884,2089,8183,5681,11070,25742,2970,2207,2718,1624,30941,10927,4596,7185,59880,18483,12388,1960,7302,4995,10312,22389,2557,2055,2531,1598,27338,9711,4375,6444,45706,15728,10799,1816,6470,4527,9357,18403,2185,1873,2337,1510,22692,8634,4084,4850,32902,12022,8363,1566,5073,3107,6823,12728,1476,1157,1660,1060,15137,5789,2875
"2023M02",5683,45436,16211,10534,1839,5848,4112,7951,15508,2116,1553,1873,1075,19552,7385,3840,7017,79287,23275,14084,2325,8189,5440,11501,25775,2625,1954,2464,1227,30664,12223,4979,6776,95914,24717,14861,2315,8597,5330,12020,29062,2346,1951,2723,1265,33921,13410,4936,7384,104822,26267,16092,2434,9014,5625,12422,30924,2306,2129,2990,1468,36560,13992,5183,7129,94072,23947,14618,2146,7871,5583,10986,27305,2278,2086,2797,1290,32784,12183,5212,6478,83920,21583,13200,2047,7466,5508,10233,25980,2312,1924,2547,1321,29858,10880,4779,6799,74317,21040,13595,2111,7703,5529,10319,25195,2571,2098,2526,1383,29355,10522,4777,7748,72348,21736,14078,2116,8239,5717,11093,25913,3011,2237,2751,1632,31287,11022,4671,7225,60612,18665,12463,1970,7352,5032,10375,22581,2592,2084,2553,1632,27585,9856,4415,6486,46108,15929,10925,1839,6570,4578,9505,18571,2251,1903,2385,1544,22995,8674,4187,5095,33877,12565,8735,1620,5285,3255,7108,13214,1571,1202,1744,1120,15803,6103,3061
"2023M03",5505,43727,15573,10195,1789,5557,3892,7664,14915,2049,1459,1827,1034,18842,6764,3492,6961,79066,23048,13998,2328,8192,5354,11322,25643,2746,1914,2549,1192,30169,12082,4786,6854,97280,24806,15150,2396,8853,5325,12101,29232,2501,1972,2953,1269,34246,13657,4950,7481,106467,26447,16404,2536,9257,5676,12460,31067,2434,2172,3152,1477,36994,14303,5247,7235,95483,24239,14881,2170,8083,5628,11093,27619,2404,2097,2917,1300,33124,12398,5260,6593,85311,21782,13445,2064,7657,5567,10307,26232,2383,1936,2607,1334,30215,11005,4866,6842,74790,21162,13731,2142,7835,5539,10342,25285,2616,2088,2551,1390,29474,10577,4801,7836,72972,21830,14239,2127,8299,5754,11099,26032,3028,2259,2757,1631,31465,11146,4677,7308,60876,18769,12579,1998,7400,5058,10360,22718,2605,2108,2569,1620,27743,9863,4396,6573,46572,16076,11057,1896,6647,4619,9536,18744,2269,1917,2421,1555,23138,8787,4193,5255,34820,12872,9009,1674,5478,3326,7257,13546,1660,1233,1820,1138,16240,6304,3116
"2023M04",5631,43766,15729,10760,1856,5754,3946,7708,14750,2014,1460,1858,1051,18910,6852,3531,6965,79037,22951,14560,2327,8289,5322,11281,25495,2789,1896,2512,1194,29943,12026,4684,6866,98811,24858,16008,2348,8928,5298,12082,29222,2524,1960,2946,1279,34295,13779,4906,7591,108036,26646,17090,2493,9338,5716,12389,31253,2470,2201,3159,1470,37338,14538,5227,7277,96580,24344,15296,2174,8185,5660,11181,27832,2424,2094,2963,1304,33328,12501,5292,6636,86110,21931,13828,2082,7743,5617,10324,26294,2401,1945,2597,1317,30327,11051,4813,6824,74884,21110,13882,2120,7876,5530,10316,25361,2610,2068,2575,1370,29333,10578,4775,7866,72921,21831,14476,2153,8335,5756,11068,26018,2995,2257,2756,1639,31382,11132,4687,7303,60967,18757,12655,1964,7413,5054,10320,22664,2613,2093,2575,1624,27591,9809,4409,6567,46634,16060,11157,1879,6678,4585,9516,18871,2265,1915,2390,1553,23162,8748,4165,5231,34713,12766,9060,1702,5477,3324,7281,13494,1574,1226,1812,1125,16112,6184,3046
"2023M05",5401,42580,15156,10201,1803,5481,3651,7520,14562,1919,1411,1746,1007,18428,6487,3311,6870,78720,22798,14413,2362,7974,5278,11183,25372,2684,1864,2374,1161,29617,11835,4512,6787,99173,24867,15991,2352,8696,5274,12028,29239,2473,1924,2767,1258,34366,13724,4806,7564,108782,26940,17134,2579,9224,5751,12458,31407,2407,2175,3170,1490,37538,14588,5165,7323,97628,24542,15370,2219,8122,5689,11258,28010,2397,2115,2985,1322,33660,12573,5265,6629,87106,22070,13883,2094,7652,5611,10321,26425,2368,1941,2637,1313,30504,11073,4830,6859,75371,21165,13858,2116,7817,5510,10291,25245,2597,2052,2604,1372,29367,10559,4740,7867,73076,21804,14363,2148,8260,5772,11027,26060,2991,2234,2747,1616,31476,11123,4610,7266,60860,18764,12667,1948,7378,5060,10326,22546,2612,2082,2537,1599,27546,9824,4369,6545,46702,16119,11130,1889,6697,4582,9531,18858,2242,1922,2368,1537,23227,8719,4150,5277,34911,12797,9075,1696,5402,3331,7319,13583,1557,1210,1752,1106,16099,6146,3051
"2023M06",5280,41771,15025,9828,1751,5492,3633,7483,14389,1890,1395,1736,970,18165,6391,3328,6809,77856,22602,14115,2307,7756,5216,11191,25157,2592,1825,2346,1149,29376,11909,4489,6726,99338,24843,15783,2316,8378,5247,11996,29184,2404,1936,2742,1237,34311,13826,4780,7585,109724,27170,17089,2548,9021,5777,12546,31570,2350,2206,3158,1454,37893,14629,5204,7419,98473,24723,15360,2190,7967,5721,11363,28241,2373,2158,3015,1328,33864,12745,5269,6643,87736,22150,13924,2083,7577,5648,10413,26486,2362,1928,2681,1313,30799,11155,4808,6832,75628,21161,13787,2085,7770,5509,10320,25313,2590,2073,2620,1376,29369,10637,4736,7846,73235,21793,14301,2136,8244,5751,11065,26141,2974,2234,2729,1612,31607,11143,4580,7248,60819,18801,12531,1942,7377,5047,10366,22631,2609,2051,2532,1600,27632,9804,4320,6592,46884,16157,11068,1876,6752,4612,9648,18906,2264,1919,2379,1544,23346,8751,4129,5334,35197,12900,9016,1704,5416,3364,7375,13736,1558,1234,1777,1101,16185,6174,3037
"2023M07",5273,41586,15111,9730,1764,5543,3805,7609,14405,1865,1385,1756,991,18075,6602,3333,6712,77548,22333,13913,2338,7604,5246,11090,24907,2545,1812,2421,1138,29047,12007,4446,6702,99230,24488,15741,2305,8231,5246,11982,28819,2386,1957,2813,1222,34001,13881,4627,7547,110326,27199,17110,2570,8861,5882,12547,31515,2334,2211,3188,1465,37866,14646,5146,7352,98960,24658,15493,2189,7940,5780,11324,28457,2387,2177,3005,1323,33905,12771,5177,6699,88124,22187,13870,2058,7604,5651,10360,26524,2359,1934,2712,1292,30739,11136,4711,6782,75695,20965,13705,2067,7706,5501,10283,25295,2585,2056,2605,1379,29245,10518,4700,7797,72954,21727,14220,2120,8111,5766,11037,25980,2959,2243,2723,1597,31383,11110,4479,7215,60709,18714,12416,1913,7280,5052,10282,22558,2606,2059,2491,1597,27466,9737,4245,6504,46942,16137,11056,1902,6744,4608,9524,19008,2258,1935,2365,1549,23156,8736,4091,5244,34977,12700,8748,1694,5297,3326,7337,13616,1531,1198,1734,1094,15912,6096,2922
"2023M08",5216,40568,14795,9562,1678,5280,3708,7347,14003,1830,1348,1707,987,17768,6443,3292,6648,77446,22236,13830,2274,7450,5219,11072,24722,2482,1792,2358,1143,29098,11887,4446,6696,98942,24444,15636,2235,8042,5235,11858,28605,2325,1938,2777,1232,34033,13708,4646,7564,110953,27252,17201,2525,8758,5876,12591,31486,2288,2194,3162,1480,38069,14605,5207,7391,99649,24944,15599,2191,7947,5830,11346,28481,2363,2172,3029,1332,34271,12793,5275,6751,89067,22348,14048,2077,7497,5661,10383,26552,2385,1913,2697,1312,30957,11172,4794,6857,76140,20925,13686,2044,7619,5505,10373,25265,2550,2066,2599,1387,29347,10508,4725,7744,73041,21761,14178,2105,8045,5752,11013,25997,2940,2247,2756,1613,31437,10994,4515,7230,60660,18740,12454,1909,7186,5070,10227,22470,2593,2067,2505,1582,27509,9722,4288,6547,46993,16181,11123,1873,6718,4589,9518,18980,2251,1936,2367,1565,23291,8678,4110,5335,35350,12908,8911,1728,5337,3385,7379,13819,1519,1198,1761,1098,16183,6186,3020
"2023M09",5182,39822,14816,9567,1682,5369,3769,7398,13833,1837,1375,1742,1004,17861,6509,3430,6679,77315,22199,13665,2269,7341,5180,11025,24729,2419,1759,2362,1146,29283,11812,4461,6660,98718,24437,15409,2233,7906,5259,11947,28483,2286,1932,2706,1252,34220,13599,4679,7558,111403,27258,17132,2521,8658,5834,12623,31432,2283,2198,3130,1503,38237,14709,5254,7434,100084,25174,15551,2204,7931,5818,11458,28630,2360,2178,3029,1351,34604,12788,5370,6757,89598,22447,14024,2095,7445,5698,10386,26624,2345,1904,2710,1334,31178,11151,4812,6835,76265,20973,13626,2050,7579,5492,10432,25202,2553,2064,2605,1363,29335,10451,4728,7718,72999,21764,14152,2100,8054,5745,10981,25984,2958,2258,2747,1629,31488,10930,4550,7239,60629,18790,12393,1934,7175,5060,10253,22509,2631,2082,2513,1600,27574,9750,4310,6583,47185,16209,11123,1846,6720,4573,9572,19011,2270,1932,2393,1581,23377,8647,4119,5433,35691,13026,8981,1753,5411,3406,7426,13938,1558,1219,1771,1112,16495,6255,3107
"2023M10",5335,40586,15244,9856,1879,5508,3814,7669,14141,1876,1388,1770,1049,18295,6629,3423,6786,77933,22488,13769,2296,7404,5185,11173,24963,2400,1766,2312,1168,29531,11746,4533,6714,99963,24601,15460,2305,7966,5243,12016,28687,2235,1940,2646,1272,34607,13656,4753,7613,112539,27491,17284,2545,8691,5866,12755,31703,2241,2215,3059,1535,38497,14785,5291,7498,101284,25473,15608,2236,7935,5818,11614,28957,2314,2208,2946,1373,34946,12896,5378,6855,90277,22681,14048,2122,7474,5692,10521,26851,2319,1923,2679,1336,31375,11280,4882,6828,76837,21107,13655,2087,7629,5481,10372,25328,2564,2038,2570,1371,29476,10553,4774,7747,73310,21902,14178,2149,8117,5747,10975,26187,2955,2276,2761,1644,31752,11035,4610,7351,61008,18984,12472,1959,7223,5088,10312,22713,2642,2090,2502,1627,27832,9847,4348,6664,47658,16273,11237,1834,6825,4590,9656,19246,2301,1969,2415,1632,23687,8758,4116,5554,36573,13429,9265,1791,5565,3507,7618,14322,1588,1244,1851,1154,16968,6462,3175
"2023M11",5676,42445,15981,10581,1917,5904,4029,7895,14778,2050,1494,1896,1091,19280,6966,3760,6983,79497,22968,14142,2356,7906,5326,11375,25312,2531,1826,2575,1224,30451,12021,4734,6737,100386,24747,15686,2341,8340,5307,12050,28552,2297,1940,2807,1257,34589,13634,4764,7697,113035,27592,17463,2599,9089,5924,12812,31745,2335,2257,3161,1555,38734,14840,5345,7567,101940,25704,15927,2230,8225,5909,11641,29075,2341,2235,3037,1396,35315,13066,5387,6945,90774,22721,14140,2133,7679,5732,10543,26895,2351,1930,2714,1346,31485,11340,4900,6825,77020,21075,13707,2094,7733,5505,10305,25308,2573,2044,2599,1380,29408,10578,4767,7734,73163,21842,14211,2135,8170,5778,10940,26154,2949,2224,2778,1641,31720,11060,4624,7397,60876,19008,12492,1945,7198,5081,10271,22724,2632,2086,2513,1618,27791,9838,4358,6705,47590,16243,11243,1831,6838,4627,9595,19216,2319,1939,2395,1619,23670,8811,4116,5529,36444,13351,9236,1755,5548,3504,7580,14249,1579,1235,1850,1136,16930,6594,3215
"2023M12",6030,44209,16860,11017,2188,6486,4238,8276,15238,2263,1590,2055,1178,20081,7670,3943,7053,79730,23213,14360,2432,8313,5364,11453,25386,2653,1893,2596,1233,30921,12276,4907,6734,99138,24620,15559,2363,8518,5298,11951,28392,2317,1919,2803,1242,34478,13674,4789,7617,112296,27511,17351,2657,9306,5925,12883,31636,2384,2245,3144,1528,38584,14821,5419,7561,101861,25655,15889,2272,8443,5945,11698,29092,2339,2236,3029,1417,35243,13135,5401,6968,90502,22695,14073,2167,7778,5720,10556,26865,2371,1937,2690,1344,31575,11319,4990,6801,76867,21066,13629,2086,7794,5509,10304,25289,2584,2002,2587,1374,29315,10627,4788,7751,72987,21819,14127,2148,8252,5772,10926,26143,2948,2241,2752,1635,31578,11021,4650,7383,61098,18919,12471,1971,7210,5077,10332,22572,2652,2069,2503,1617,27765,9831,4378,6633,47589,16274,11137,1874,6876,4648,9682,19211,2314,1936,2430,1618,23676,8824,4172,5543,36503,13323,9293,1809,5652,3546,7654,14450,1637,1241,1834,1163,17208,6625,3249
"2024M01",5623,39957,15624,10193,1993,5975,3962,7890,14068,2103,1521,1973,1161,18687,7537,3918,6825,76216,22485,14045,2382,8038,5238,11065,24485,2621,1868,2429,1233,29843,11885,4867,6563,97525,24204,15250,2313,8351,5248,11774,28030,2251,1875,2714,1227,33898,13536,4741,7434,111027,27099,17173,2539,9107,5850,12697,31287,2366,2236,3050,1535,38052,14704,5346,7490,100894,25309,15706,2265,8366,5854,11571,28894,2311,2198,2987,1411,34861,12979,5369,6850,89793,22449,13944,2113,7726,5634,10485,26658,2348,1942,2637,1325,31100,11225,4972,6705,76035,20833,13504,2063,7709,5508,10303,25091,2526,1990,2510,1351,29023,10505,4766,7683,72130,21607,14032,2119,8215,5757,10863,25947,2954,2214,2702,1625,31098,10918,4606,7248,60339,18748,12364,1910,7149,4995,10240,22480,2615,2035,2526,1581,27516,9719,4333,6522,47276,16033,11038,1822,6768,4666,9593,19053,2281,1920,2396,1590,23375,8701,4089,5167,34868,12579,8821,1639,5294,3292,7228,13598,1515,1163,1736,1099,16016,6089,3003
"2024M02",5291,39302,15073,9708,1868,5657,3894,7542,13997,1934,1412,1812,1085,18073,7026,3587,6978,77932,22843,14081,2406,8265,5282,11164,24970,2671,1884,2390,1231,30198,12074,4858,6677,97807,24358,15201,2326,8630,5287,11863,28147,2281,1888,2732,1225,34054,13688,4786,7579,111524,27485,17260,2602,9342,5912,12728,31550,2413,2233,3088,1540,38501,14808,5363,7628,102065,25737,15863,2310,8619,5929,11697,29079,2387,2246,3016,1431,35416,13197,5431,6975,91070,22823,14149,2131,7873,5681,10572,26852,2419,1958,2675,1358,31630,11426,4976,6764,76663,21032,13536,2078,7808,5503,10211,25157,2563,1999,2538,1368,29309,10616,4777,7729,72606,21706,14107,2140,8243,5777,10783,25977,2938,2224,2704,1632,31263,11052,4673,7279,60608,18898,12406,1901,7185,5041,10229,22466,2653,2045,2546,1586,27646,9787,4314,6615,47573,16209,11103,1829,6872,4629,9586,19087,2323,1921,2450,1620,23666,8844,4126,5455,35959,13106,9170,1753,5533,3449,7481,14084,1599,1239,1837,1132,16670,6394,3197
"2024M03",5074,37655,14355,9589,1796,5414,3635,7238,13234,1870,1326,1751,1010,17200,6517,3298,6950,78223,22618,14282,2416,8381,5236,11073,24979,2745,1843,2487,1225,30050,11906,4672,6685,98723,24452,15692,2399,8852,5304,11904,28302,2445,1915,2896,1232,34255,13713,4800,7645,112478,27704,17751,2647,9688,5908,12826,31689,2541,2270,3223,1538,38851,14954,5393,7708,103054,26003,16330,2369,8929,5972,11822,29404,2497,2283,3118,1451,35780,13325,5470,7033,92134,23013,14489,2177,8131,5711,10634,26990,2482,1971,2776,1359,31929,11492,5030,6828,77212,21103,13793,2095,7930,5522,10266,25151,2601,2015,2609,1369,29533,10654,4805,7725,72894,21764,14291,2144,8381,5784,10816,26053,2951,2210,2730,1643,31415,11088,4671,7339,60922,19075,12539,1910,7283,5078,10260,22579,2661,2058,2564,1594,27799,9856,4347,6663,47828,16237,11273,1856,6921,4604,9656,19226,2351,1919,2489,1625,23827,8901,4181,5590,36624,13452,9466,1801,5662,3453,7612,14360,1662,1262,1908,1156,16978,6489,3256
"2024M04",5108,37103,14386,9971,1749,5468,3639,7252,13257,1877,1305,1756,1042,17222,6556,3328,6897,77553,22735,14628,2316,8256,5179,11019,24850,2721,1844,2407,1207,29614,11804,4630,6663,98401,24382,16139,2342,8794,5169,11784,28387,2470,1924,2833,1212,34081,13704,4753,7656,112314,27735,18187,2590,9663,5845,12736,31628,2542,2232,3137,1530,38879,14955,5341,7753,103098,26095,16601,2357,8907,5990,11847,29511,2494,2270,3107,1465,35771,13392,5441,7041,92105,23046,14723,2154,8118,5695,10623,27036,2482,1979,2790,1348,31850,11476,4963,6809,76959,21016,13944,2078,7891,5476,10272,25062,2579,2006,2580,1384,29421,10627,4782,7704,72752,21759,14321,2126,8317,5777,10749,26017,2929,2206,2683,1631,31321,11045,4620,7304,60752,19035,12658,1862,7258,5042,10220,22531,2678,2053,2539,1571,27743,9825,4270,6626,48019,16213,11302,1845,6854,4577,9595,19244,2333,1905,2424,1626,23798,8892,4124,5522,36302,13280,9467,1746,5611,3404,7536,14271,1610,1250,1839,1133,16743,6341,3160
"2024M05",4899,35714,13830,9426,1628,5182,3498,6936,12942,1789,1253,1674,977,16425,6134,3117,6768,76767,22224,14300,2266,7905,5076,10936,24686,2584,1812,2291,1172,29293,11472,4475,6567,96990,24243,15801,2340,8425,5115,11679,27834,2372,1885,2755,1196,33831,13424,4650,7597,111452,27612,17953,2591,9341,5787,12749,31496,2451,2210,3156,1503,38775,14805,5275,7738,103231,26141,16505,2346,8697,5986,11859,29395,2476,2262,3103,1475,35828,13355,5425,7012,92059,23100,14642,2151,8008,5648,10614,27045,2449,1971,2803,1343,31903,11506,4950,6791,76941,21061,13864,2078,7727,5435,10214,25003,2558,2018,2596,1368,29404,10626,4731,7650,72639,21674,14188,2128,8228,5754,10860,25980,2880,2222,2665,1627,31197,11022,4627,7300,60640,19006,12551,1874,7194,5025,10196,22544,2662,2026,2550,1560,27707,9779,4247,6569,47778,16167,11232,1861,6820,4530,9595,19116,2311,1888,2371,1630,23710,8877,4117,5543,36492,13372,9469,1785,5577,3407,7607,14315,1599,1259,1807,1112,16655,6328,3123
"2024M06",4769,34936,13468,8879,1600,5084,3519,6966,12724,1721,1229,1653,923,16197,6153,3003,6737,75396,21891,13767,2249,7629,5106,10842,24210,2473,1750,2301,1127,28852,11403,4387,6471,95425,23967,15427,2288,8054,5074,11630,27435,2284,1827,2750,1182,33573,13470,4539,7506,110345,27368,17462,2596,9070,5794,12736,31335,2368,2213,3193,1479,38577,14819,5244,7730,103142,26145,16380,2346,8520,5979,11875,29421,2426,2274,3088,1458,35789,13464,5417,7001,92130,22990,14536,2135,7904,5625,10634,27034,2408,1994,2833,1340,32024,11600,4890,6745,76972,21060,13763,2076,7627,5429,10222,25007,2544,2003,2598,1369,29363,10652,4682,7599,72446,21603,14057,2102,8166,5721,10797,26007,2898,2202,2666,1617,31134,11070,4601,7314,60604,18876,12399,1889,7155,5055,10147,22475,2638,2011,2556,1556,27793,9811,4213,6538,47761,16133,11120,1852,6832,4557,9588,19120,2303,1861,2417,1606,23702,8916,4113,5551,36645,13351,9261,1782,5597,3418,7674,14372,1597,1253,1799,1112,16656,6333,3080
"2024M07",4799,34042,13516,8699,1611,5058,3418,6971,12381,1692,1219,1676,956,16080,6269,3033,6636,74494,21667,13521,2208,7540,5092,10783,23815,2476,1728,2308,1114,28526,11377,4335,6423,94459,23897,15221,2256,7911,4980,11515,26983,2255,1799,2740,1165,33069,13366,4476,7478,109767,27301,17250,2525,8956,5763,12678,31077,2332,2158,3130,1468,38434,14792,5174,7719,102772,26123,16274,2363,8414,5961,11931,29310,2383,2264,3101,1443,35727,13374,5382,6977,91878,22903,14471,2118,7831,5609,10670,26986,2382,1964,2803,1322,31882,11556,4869,6733,76593,20895,13682,2053,7537,5433,10257,24818,2502,1982,2589,1354,29335,10514,4666,7543,72032,21506,13978,2070,8128,5693,10765,25898,2856,2173,2660,1596,30920,10978,4562,7307,60346,18832,12338,1858,7053,5026,10311,22439,2583,1997,2551,1565,27628,9798,4207,6487,47619,16066,11050,1868,6769,4519,9511,19064,2307,1833,2361,1583,23632,8812,4099,5460,36272,13118,8995,1745,5451,3388,7612,14192,1567,1244,1784,1112,16425,6180,3041
"2024M08",4691,33095,13198,8531,1555,4801,3393,6713,12186,1602,1178,1628,952,15730,6032,3032,6545,74380,21643,13516,2143,7294,5068,10700,23825,2443,1705,2277,1132,28602,11351,4365,6365,93974,23935,15186,2240,7700,4961,11484,26964,2239,1790,2694,1182,33134,13332,4477,7440,109497,27311,17268,2511,8845,5715,12675,31173,2315,2165,3101,1470,38458,14701,5186,7728,102987,26299,16302,2366,8336,5955,12013,29507,2396,2271,3100,1448,36048,13385,5396,6994,92141,23004,14555,2115,7681,5620,10641,26932,2394,1956,2822,1335,31978,11534,4898,6713,76828,20935,13711,2060,7474,5430,10226,24875,2505,1976,2597,1378,29454,10476,4662,7509,72091,21463,13937,2073,8069,5693,10723,25936,2848,2177,2644,1589,30852,10901,4533,7304,60357,18851,12371,1873,6942,5033,10030,22430,2570,1991,2549,1560,27601,9758,4169,6476,47659,16097,11103,1822,6695,4503,9472,19106,2293,1838,2373,1610,23685,8714,4038,5491,36646,13305,9090,1746,5448,3425,7641,14346,1580,1246,1794,1146,16732,6252,3050
"2024M09",4717,32683,13301,8625,1561,4842,3446,6647,12089,1621,1182,1666,972,16013,6141,3041,6564,74126,21622,13448,2136,7196,5000,10681,23608,2370,1719,2217,1154,28831,11340,4381,6382,93344,23767,14978,2194,7502,4926,11347,26676,2171,1784,2596,1162,33137,13278,4472,7357,108956,27212,17031,2482,8637,5733,12647,31011,2278,2154,2983,1479,38327,14748,5209,7767,103000,26310,16267,2323,8275,5952,11995,29497,2352,2280,3043,1468,36357,13398,5428,6993,92229,22960,14484,2108,7618,5651,10650,27031,2379,1953,2760,1339,32041,11577,4958,6685,77129,20968,13677,2045,7383,5438,10090,24894,2492,1974,2556,1393,29508,10460,4647,7503,72005,21375,13969,2046,8102,5667,10731,25831,2853,2192,2603,1583,30941,10925,4561,7284,60385,18892,12361,1838,6968,5065,10046,22438,2573,1989,2555,1573,27720,9748,4166,6565,47780,16187,11102,1827,6667,4490,9477,19066,2324,1865,2358,1571,23785,8718,4046,5556,37003,13376,9167,1756,5566,3446,7706,14477,1590,1256,1812,1156,17037,6358,3075
"2024M10",4895,33515,13709,9076,1686,5039,3518,7000,12246,1680,1192,1712,1007,16410,6294,3143,6580,74526,21859,13502,2205,7194,4974,10729,23641,2358,1710,2192,1188,29014,11303,4450,6430,93702,23793,15020,2213,7512,4907,11380,26606,2130,1789,2511,1168,33258,13252,4527,7372,108987,27339,17012,2463,8598,5678,12639,30886,2243,2168,2890,1491,38449,14771,5186,7780,103091,26374,16223,2339,8253,5927,12072,29544,2333,2280,2939,1484,36397,13521,5407,7028,92246,23025,14405,2104,7609,5590,10709,27032,2374,1956,2703,1340,32095,11678,4994,6643,77232,21067,13642,2043,7352,5423,10095,24823,2476,1962,2482,1394,29556,10575,4664,7527,71890,21367,14010,2074,8094,5641,10702,25773,2892,2207,2606,1590,30978,10997,4540,7253,60356,18903,12404,1857,6984,5048,10069,22457,2571,1998,2561,1584,27800,9819,4197,6626,47851,16243,11114,1816,6703,4457,9524,19152,2327,1869,2354,1572,23854,8834,4062,5542,37154,13493,9250,1758,5565,3454,7786,14578,1629,1299,1838,1164,17196,6506,3091
"2024M11",5188,36233,14375,9590,1765,5443,3785,7252,12781,1872,1287,1855,1058,17563,6776,3394,6805,76382,22315,13776,2292,7660,5146,10857,24112,2497,1761,2370,1234,29925,11634,4656,6512,94056,23922,15128,2237,7860,4996,11341,26733,2200,1806,2663,1166,33578,13271,4556,7401,108985,27346,17041,2492,8901,5728,12729,30915,2311,2199,3035,1528,38532,14825,5185,7827,103629,26417,16333,2399,8555,5984,12124,29604,2390,2266,3047,1504,36709,13661,5441,7099,92915,23241,14479,2106,7825,5663,10757,27087,2416,2000,2789,1341,32226,11783,5086,6723,77559,21079,13690,2106,7502,5475,10119,24979,2480,1942,2540,1398,29748,10670,4701,7591,72210,21408,14016,2078,8085,5727,10729,25887,2900,2223,2640,1598,31027,11084,4598,7292,60554,18942,12491,1869,7073,5079,10054,22553,2627,2014,2591,1606,27964,9942,4238,6715,48170,16311,11131,1817,6740,4525,9600,19308,2369,1855,2392,1591,23965,8954,4120,5704,37961,13768,9500,1820,5743,3599,7984,14885,1680,1334,1887,1218,17738,6802,3190
"2024M12",5579,38064,15468,10146,1863,6210,4123,7745,13411,2078,1440,2074,1138,18494,7602,3797,6942,77007,22636,14072,2386,8175,5275,10948,24351,2634,1814,2470,1258,30331,11971,4832,6481,93226,23837,15048,2223,8166,5023,11283,26584,2241,1820,2676,1138,33526,13266,4658,7384,108240,27193,16924,2504,9076,5728,12630,30773,2330,2163,3056,1522,38215,14779,5208,7814,103249,26469,16282,2405,8679,5990,12119,29501,2434,2246,3046,1485,36679,13709,5448,7069,92456,23224,14393,2113,7909,5683,10698,27038,2409,1985,2799,1323,32144,11765,5107,6634,77128,21043,13549,2077,7559,5440,10116,24914,2490,1952,2500,1374,29502,10622,4709,7524,71577,21394,13926,2078,8060,5672,10694,25761,2867,2173,2655,1605,30860,11072,4625,7285,60317,18951,12413,1874,7065,5087,10017,22469,2640,2001,2602,1579,27892,9870,4271,6685,47925,16200,11126,1792,6681,4534,9554,19163,2358,1817,2405,1569,23894,8920,4151,5636,37495,13559,9315,1785,5597,3484,7858,14660,1667,1309,1876,1204,17451,6634,3199
"2025M01",5181,34198,14259,9317,1761,5570,3880,7238,12128,1973,1340,1931,1110,16931,7270,3663,6692,73707,21844,13554,2302,7935,5128,10599,23281,2589,1750,2337,1261,29119,11551,4789,6310,91412,23417,14728,2173,7990,4960,11179,26017,2219,1768,2541,1128,33045,13082,4608,7209,106507,26808,16623,2484,8926,5590,12449,30171,2296,2159,2918,1500,37659,14600,5143,7674,102106,26228,16085,2367,8576,5894,12004,29202,2402,2240,2936,1461,36211,13509,5381,6992,91384,22968,14240,2110,7818,5614,10651,26773,2357,1980,2731,1307,31719,11633,5085,6520,76560,20906,13368,2047,7448,5409,10016,24718,2456,1932,2476,1374,29196,10494,4667,7455,70959,21196,13791,2058,8014,5592,10649,25529,2877,2128,2623,1571,30518,10934,4627,7165,59789,18778,12338,1883,6985,5070,9992,22253,2619,1990,2599,1571,27700,9768,4217,6559,47407,16014,10967,1783,6599,4448,9472,18954,2335,1809,2373,1558,23537,8833,4083,5282,36149,12891,8873,1699,5309,3263,7493,14076,1569,1226,1773,1157,16629,6237,3016
"2025M02",4957,33439,13882,8940,1661,5325,3740,7009,12178,1801,1245,1814,1046,16669,6810,3484,6747,74973,22135,13678,2291,8151,5168,10732,23695,2589,1797,2344,1286,29616,11697,4834,6416,91892,23602,14724,2154,8319,5036,11206,26194,2263,1796,2587,1149,33187,13193,4690,7318,106896,27042,16696,2487,9211,5643,12500,30462,2332,2195,2977,1511,37913,14706,5181,7773,103042,26485,16222,2387,8819,5985,12133,29398,2457,2256,3023,1475,36702,13618,5425,7059,92288,23185,14325,2111,7962,5631,10645,26877,2381,1993,2761,1311,32129,11781,5163,6526,77160,21003,13395,2097,7605,5385,9982,24811,2479,1963,2490,1383,29347,10590,4714,7515,71174,21218,13839,2070,8099,5622,10615,25517,2867,2113,2623,1573,30696,10985,4654,7187,60017,18869,12388,1896,7085,5092,10019,22358,2654,2004,2598,1578,27833,9864,4254,6598,47672,16145,10985,1794,6643,4476,9450,19031,2336,1820,2398,1585,23638,8867,4114,5520,37084,13466,9219,1760,5630,3385,7723,14382,1662,1287,1873,1180,17253,6511,3186
"2025M03",4726,31957,13185,8798,1591,4931,3522,6594,11664,1728,1173,1714,990,15757,6285,3156,6672,74835,21985,13868,2291,8173,5027,10543,23535,2650,1735,2466,1248,29196,11526,4643,6452,92757,23690,15303,2226,8584,5015,11219,26354,2459,1816,2786,1170,33386,13243,4679,7314,107456,27292,17197,2505,9432,5643,12507,30404,2530,2208,3163,1527,38236,14823,5225,7939,103926,26677,16709,2450,9115,6039,12198,29568,2569,2248,3166,1490,36993,13764,5485,7147,93051,23341,14866,2117,8194,5662,10741,26990,2464,2007,2898,1321,32351,11884,5204,6574,77632,21187,13721,2036,7753,5383,10025,24919,2537,1968,2539,1382,29548,10697,4725,7586,71510,21257,14076,2088,8208,5632,10626,25583,2838,2146,2650,1546,30780,10981,4726,7245,60317,18917,12629,1907,7165,5108,10046,22485,2723,2001,2633,1607,28085,9925,4254,6611,47837,16176,11112,1812,6678,4455,9426,19021,2395,1831,2415,1573,23813,8911,4120,5662,37796,13742,9606,1808,5780,3473,7847,14750,1709,1308,1940,1205,17521,6655,3281
"2025M04",4815,31402,13234,9088,1582,4952,3485,6634,11560,1735,1166,1745,1004,15787,6328,3163,6623,74193,21860,14094,2262,8032,4945,10445,23305,2644,1705,2400,1238,28921,11419,4557,6413,92609,23711,15586,2181,8458,4980,11045,26052,2446,1825,2717,1175,33197,13143,4612,7294,107160,27214,17408,2434,9307,5635,12430,30281,2540,2180,3093,1502,38099,14770,5211,7956,103990,26711,16896,2439,9028,6040,12192,29590,2569,2238,3179,1502,36989,13794,5444,7135,92937,23414,15038,2081,8134,5639,10709,27000,2445,2007,2916,1335,32383,11849,5172,6576,77649,21191,13768,2021,7730,5353,10012,24879,2547,1983,2537,1382,29500,10661,4741,7571,71506,21095,14081,2078,8114,5612,10614,25526,2844,2143,2630,1530,30685,10941,4657,7210,60145,18899,12659,1889,7156,5096,9973,22465,2706,1982,2632,1602,27979,9961,4216,6583,47914,16144,11056,1764,6612,4429,9417,18977,2368,1795,2411,1567,23759,8847,4111,5630,37539,13552,9557,1776,5677,3437,7794,14672,1659,1291,1870,1186,17307,6591,3225
"2025M05",4574,30252,12598,8589,1503,4702,3415,6415,11332,1669,1120,1650,937,15179,5956,3020,6472,73261,21654,13670,2277,7614,4846,10300,23198,2514,1660,2300,1197,28440,11254,4445,6377,91575,23499,15298,2216,8101,4945,11029,25886,2357,1799,2620,1148,33021,12883,4603,7226,106365,27061,17234,2448,8986,5609,12344,30085,2498,2125,3080,1484,37895,14716,5211,7958,103929,26630,16818,2478,8804,6037,12200,29603,2501,2229,3194,1486,37112,13708,5461,7106,93167,23485,14967,2105,8013,5617,10781,27025,2397,2003,2956,1355,32393,11867,5184,6572,77833,21232,13712,2027,7626,5367,10051,24847,2530,1976,2552,1359,29571,10662,4690,7532,71432,21065,14012,2091,8075,5585,10621,25465,2795,2151,2648,1542,30614,10907,4683,7222,60065,18870,12573,1883,7112,5110,9946,22461,2689,1993,2603,1599,27954,9920,4231,6591,47847,16179,11037,1779,6591,4417,9402,18960,2370,1786,2354,1554,23748,8844,4060,5640,37860,13675,9656,1799,5662,3485,7837,14775,1670,1258,1798,1199,17225,6572,3213
"2025M06",4463,29241,12389,8323,1470,4618,3397,6362,11100,1595,1107,1600,934,14980,5944,2946,6354,71904,21525,13468,2251,7352,4842,10313,22954,2392,1661,2317,1188,28347,11237,4375,6330,90556,23520,15072,2204,7947,4910,11011,25730,2225,1847,2643,1155,33057,12960,4547,7239,106080,27058,17145,2476,8872,5564,12381,30042,2457,2226,3097,1529,38003,14752,5257,7986,103927,26810,16791,2488,8717,6075,12224,29783,2410,2235,3197,1515,37440,13896,5490,7125,93149,23733,14976,2079,7960,5627,10772,27139,2383,2021,2997,1352,32665,11991,5205,6590,78040,21370,13732,2031,7520,5382,10067,24832,2508,1959,2552,1364,29700,10794,4744,7518,71509,21121,13988,2059,8057,5616,10643,25466,2802,2145,2676,1554,30668,11034,4702,7255,60190,18996,12597,1894,7104,5123,9954,22481,2686,1977,2593,1593,28102,9997,4217,6624,47875,16225,11031,1763,6610,4471,9410,18951,2362,1806,2384,1555,23911,8894,4078,5677,38076,13853,9661,1790,5652,3478,7853,14818,1679,1282,1824,1211,17340,6584,3231
"Table information:"
"Units:"
"Number, Magnitude = Units"
""
"Footnotes:"
" "
"Symbols:"
".. figure not available"
"C: Confidential"
"E: Early Estimate"
"P: Provisional"
"R: Revised"
"S: Suppressed"
""
"Status flags are not displayed"
""
"Table reference: "
"MEI007AA"
""
"Last updated:"
"28 July 2025 10:45am"
""
"Source: Statistics New Zealand"
"Contact: Information Centre"
"Telephone: 0508 525 525"
"Email:info@stats.govt.nz"
""
""
""
